idx,symbol,industry,sector
0,ZYME,Biotechnology,Healthcare
1,ZYBT,Drug Manufacturers - Specialty & Generic,Healthcare
2,ZVRA,Biotechnology,Healthcare
3,ZURA,Biotechnology,Healthcare
4,ZUMZ,Apparel Retail,Consumer Cyclical
5,ZTG,Consulting Services,Industrials
6,ZTEK,Medical Instruments & Supplies,Healthcare
7,ZSTK,Asset Management,Financial Services
8,ZSQR,Software - Infrastructure,Technology
9,ZS,Software - Infrastructure,Technology
10,ZOOZ,Electrical Equipment & Parts,Industrials
11,ZNTL,Biotechnology,Healthcare
12,ZNB,Entertainment,Communication Services
13,ZM,Software - Application,Technology
14,ZLAB,Biotechnology,Healthcare
15,ZKPU,Shell Companies,Financial Services
16,ZKP,Shell Companies,Financial Services
17,ZKIN,Steel,Basic Materials
18,ZJYL,Medical Instruments & Supplies,Healthcare
19,ZJK,Specialty Industrial Machinery,Industrials
20,ZIONP,Banks - Regional,Financial Services
21,ZION,Banks - Regional,Financial Services
22,ZG,Internet Content & Information,Communication Services
23,ZEO,Solar,Technology
24,ZENA,Software - Infrastructure,Technology
25,ZDAI,Engineering & Construction,Industrials
26,ZD,Advertising Agencies,Communication Services
27,ZCMD,Health Information Services,Healthcare
28,ZBRA,Communication Equipment,Technology
29,ZBIO,Biotechnology,Healthcare
30,ZBAO,Insurance Brokers,Financial Services
31,Z,Internet Content & Information,Communication Services
32,YYGH,Specialty Business Services,Industrials
33,YYAI,Software - Infrastructure,Technology
34,YXT,Software - Application,Technology
35,YTRA,Travel Services,Consumer Cyclical
36,YSXT,Specialty Business Services,Industrials
37,YSWY,Grocery Stores,Consumer Defensive
38,YQ,Education & Training Services,Consumer Defensive
39,YOUL,Education & Training Services,Consumer Defensive
40,YORW,Utilities - Regulated Water,Utilities
41,YMT,Software - Application,Technology
42,YMAT,Specialty Chemicals,Basic Materials
43,YJ,Internet Retail,Consumer Cyclical
44,YICCU,Shell Companies,Financial Services
45,YICC,Shell Companies,Financial Services
46,YIBO,Computer Hardware,Technology
47,YI,Medical Distribution,Healthcare
48,YHNA,Shell Companies,Financial Services
49,YHGJ,Packaging & Containers,Consumer Cyclical
50,YHC,Beverages - Wineries & Distilleries,Consumer Defensive
51,YDKG,Advertising Agencies,Communication Services
52,YDES,Biotechnology,Healthcare
53,YDDL,Waste Management,Industrials
54,YB,Software - Application,Technology
55,YARW,Biotechnology,Healthcare
56,YAAS,Software - Application,Technology
57,XXII,Tobacco,Consumer Defensive
58,XWEL,Diagnostics & Research,Healthcare
59,XTLB,Biotechnology,Healthcare
60,XTIA,Aerospace & Defense,Industrials
61,XTERU,,
62,XSLL,Shell Companies,Financial Services
63,XRX,Business Equipment & Supplies,Industrials
64,XRTX,Biotechnology,Healthcare
65,XRPNU,Shell Companies,Financial Services
66,XRPN,Shell Companies,Financial Services
67,XRAY,Medical Instruments & Supplies,Healthcare
68,XPON,Electrical Equipment & Parts,Industrials
69,XPEL,Auto Parts,Consumer Cyclical
70,XP,Capital Markets,Financial Services
71,XOS,Farm & Heavy Construction Machinery,Industrials
72,XNET,Software - Infrastructure,Technology
73,XNDU,Software - Infrastructure,Technology
74,XNCR,Biotechnology,Healthcare
75,XMTR,Industrial Distribution,Industrials
76,XMAX,"Furnishings, Fixtures & Appliances",Consumer Cyclical
77,XLO,Biotechnology,Healthcare
78,XIIIU,Shell Companies,Financial Services
79,XHLD,Broadcasting,Communication Services
80,XHG,Insurance Brokers,Financial Services
81,XGN,Diagnostics & Research,Healthcare
82,XFOR,Biotechnology,Healthcare
83,XERS,Drug Manufacturers - Specialty & Generic,Healthcare
84,XENE,Biotechnology,Healthcare
85,XELB,Apparel Manufacturing,Consumer Cyclical
86,XEL,Utilities - Regulated Electric,Utilities
87,XE,Specialty Industrial Machinery,Industrials
88,XCUR,Biotechnology,Healthcare
89,XCH,Electrical Equipment & Parts,Industrials
90,XCBE,Shell Companies,Financial Services
91,XBP,Software - Infrastructure,Technology
92,XBIT,Biotechnology,Healthcare
93,XBIO,Biotechnology,Healthcare
94,XAIR,Medical Devices,Healthcare
95,WYNN,Resorts & Casinos,Consumer Cyclical
96,WYHG,Packaged Foods,Consumer Defensive
97,WYFI,Information Technology Services,Technology
98,WXM,Industrial Distribution,Industrials
99,WWD,Aerospace & Defense,Industrials
100,WW,Medical Care Facilities,Healthcare
101,WVVIP,Beverages - Wineries & Distilleries,Consumer Defensive
102,WVVI,Beverages - Wineries & Distilleries,Consumer Defensive
103,WVE,Biotechnology,Healthcare
104,WULF,Capital Markets,Financial Services
105,WTW,Insurance Brokers,Financial Services
106,WTG,Shell Companies,Financial Services
107,WTFCN,Banks - Regional,Financial Services
108,WTFC,Banks - Regional,Financial Services
109,WTF,Capital Markets,Financial Services
110,WTBA,Banks - Regional,Financial Services
111,WSTN,Shell Companies,Financial Services
112,WSHP,Internet Content & Information,Communication Services
113,WSFS,Banks - Regional,Financial Services
114,WSE,Information Technology Services,Technology
115,WSC,Rental & Leasing Services,Industrials
116,WSBK,Banks - Regional,Financial Services
117,WSBF,Banks - Regional,Financial Services
118,WSBCO,Banks - Regional,Financial Services
119,WSBC,Banks - Regional,Financial Services
120,WRLD,Credit Services,Financial Services
121,WRD,Software - Application,Technology
122,WRAP,Scientific & Technical Instruments,Technology
123,WPRT,Auto Parts,Consumer Cyclical
124,WOOF,Specialty Retail,Consumer Cyclical
125,WOK,Medical Devices,Healthcare
126,WNW,Internet Retail,Consumer Cyclical
127,WNEB,Banks - Regional,Financial Services
128,WMT,Discount Stores,Consumer Defensive
129,WMG,Entertainment,Communication Services
130,WLTH,Software - Application,Technology
131,WLII,Shell Companies,Financial Services
132,WLFC,Rental & Leasing Services,Industrials
133,WLDS,Consumer Electronics,Technology
134,WLDN,Engineering & Construction,Industrials
135,WLCO,Shell Companies,Financial Services
136,WKSP,Auto Parts,Consumer Cyclical
137,WKHS,Auto Manufacturers,Consumer Cyclical
138,WKEY,Semiconductors,Technology
139,WIX,Software - Infrastructure,Technology
140,WING,Restaurants,Consumer Cyclical
141,WINA,Specialty Retail,Consumer Cyclical
142,WIMI,Advertising Agencies,Communication Services
143,WILC,Food Distribution,Consumer Defensive
144,WHWK,Biotechnology,Healthcare
145,WHLRP,REIT - Retail,Real Estate
146,WHLRD,REIT - Retail,Real Estate
147,WHLR,REIT - Retail,Real Estate
148,WHF,Asset Management,Financial Services
149,WGS,Diagnostics & Research,Healthcare
150,WFRD,Oil & Gas Equipment & Services,Energy
151,WFF,Specialty Industrial Machinery,Industrials
152,WFCF,Specialty Business Services,Industrials
153,WEYS,Footwear & Accessories,Consumer Cyclical
154,WETO,Software - Infrastructure,Technology
155,WETH,Electronic Components,Technology
156,WEST,Packaged Foods,Consumer Defensive
157,WERN,Trucking,Industrials
158,WENN,Shell Companies,Financial Services
159,WEN,Restaurants,Consumer Cyclical
160,WDFC,Specialty Chemicals,Basic Materials
161,WDC,Computer Hardware,Technology
162,WDAY,Software - Application,Technology
163,WCT,Software - Application,Technology
164,WBUY,Internet Retail,Consumer Cyclical
165,WBTN,Internet Content & Information,Communication Services
166,WBD,Entertainment,Communication Services
167,WB,Internet Content & Information,Communication Services
168,WAY,Health Information Services,Healthcare
169,WAVE,Utilities - Renewable,Utilities
170,WATT,Communication Equipment,Technology
171,WATR,Industrial Distribution,Industrials
172,WASH,Banks - Regional,Financial Services
173,WALD,Household & Personal Products,Consumer Defensive
174,WAFU,Education & Training Services,Consumer Defensive
175,WAFDP,Banks - Regional,Financial Services
176,WAFD,Banks - Regional,Financial Services
177,WABC,Banks - Regional,Financial Services
178,VYGR,Biotechnology,Healthcare
179,VWAV,Aerospace & Defense,Industrials
180,VVOS,Medical Devices,Healthcare
181,VUZI,Consumer Electronics,Technology
182,VTVT,Biotechnology,Healthcare
183,VTSI,Software - Application,Technology
184,VTRS,Drug Manufacturers - Specialty & Generic,Healthcare
185,VTIX,Computer Hardware,Technology
186,VTGN,Biotechnology,Healthcare
187,VSTM,Biotechnology,Healthcare
188,VSNT,Entertainment,Communication Services
189,VSME,Advertising Agencies,Communication Services
190,VSECU,Aerospace & Defense,Industrials
191,VSEC,Aerospace & Defense,Industrials
192,VSAT,Communication Equipment,Technology
193,VSA,Education & Training Services,Consumer Defensive
194,VS,Software - Application,Technology
195,VRXA,Biotechnology,Healthcare
196,VRTX,Biotechnology,Healthcare
197,VRSN,Software - Infrastructure,Technology
198,VRSK,Consulting Services,Industrials
199,VRRM,Information Technology Services,Technology
200,VRNS,Software - Infrastructure,Technology
201,VRME,Security & Protection Services,Industrials
202,VRM,Credit Services,Financial Services
203,VREX,Medical Devices,Healthcare
204,VRDN,Biotechnology,Healthcare
205,VRCA,Biotechnology,Healthcare
206,VRAX,Biotechnology,Healthcare
207,VRA,Footwear & Accessories,Consumer Cyclical
208,VOXR,Other Precious Metals & Mining,Basic Materials
209,VOR,Biotechnology,Healthcare
210,VOGX,Biotechnology,Healthcare
211,VOD,Telecom Services,Communication Services
212,VNOM,Oil & Gas Midstream,Energy
213,VNME,Shell Companies,Financial Services
214,VNET,Information Technology Services,Technology
215,VNDA,Biotechnology,Healthcare
216,VNCE,Apparel Manufacturing,Consumer Cyclical
217,VMET,Other Precious Metals & Mining,Basic Materials
218,VMD,Medical Devices,Healthcare
219,VMAR,Recreational Vehicles,Consumer Cyclical
220,VLYPP,Banks - Regional,Financial Services
221,VLYPO,Banks - Regional,Financial Services
222,VLYPN,Banks - Regional,Financial Services
223,VLY,Banks - Regional,Financial Services
224,VLOS,Shell Companies,Financial Services
225,VLGEA,Grocery Stores,Consumer Defensive
226,VKTX,Biotechnology,Healthcare
227,VIVS,Biotechnology,Healthcare
228,VIVO,Software - Infrastructure,Technology
229,VIVK,Oil & Gas Integrated,Energy
230,VITL,Farm Products,Consumer Defensive
231,VISN,Communication Equipment,Technology
232,VIRC,"Furnishings, Fixtures & Appliances",Consumer Cyclical
233,VIR,Biotechnology,Healthcare
234,VIP,Capital Markets,Financial Services
235,VIOT,"Furnishings, Fixtures & Appliances",Consumer Cyclical
236,VINP,Asset Management,Financial Services
237,VICR,Electronic Components,Technology
238,VIAV,Communication Equipment,Technology
239,VHUB,Grocery Stores,Consumer Defensive
240,VHCP,Shell Companies,Financial Services
241,VHC,Software - Infrastructure,Technology
242,VGAS,Utilities - Renewable,Utilities
243,VFS,Auto Manufacturers,Consumer Cyclical
244,VFF,Farm Products,Consumer Defensive
245,VERX,Software - Application,Technology
246,VERU,Biotechnology,Healthcare
247,VERI,Software - Infrastructure,Technology
248,VERA,Biotechnology,Healthcare
249,VEON,Telecom Services,Communication Services
250,VELO,Computer Hardware,Technology
251,VEEE,Recreational Vehicles,Consumer Cyclical
252,VEEA,Information Technology Services,Technology
253,VECO,Semiconductor Equipment & Materials,Technology
254,VCYT,Diagnostics & Research,Healthcare
255,VCTR,Asset Management,Financial Services
256,VCRE,Biotechnology,Healthcare
257,VCIG,Consulting Services,Industrials
258,VCEL,Biotechnology,Healthcare
259,VC,Auto Parts,Consumer Cyclical
260,VBNK,Banks - Regional,Financial Services
261,VBIO,Biotechnology,Healthcare
262,VANI,Biotechnology,Healthcare
263,VALU,Financial Data & Stock Exchanges,Financial Services
264,VALN,Biotechnology,Healthcare
265,VABK,Banks - Regional,Financial Services
266,UZX,Internet Retail,Consumer Cyclical
267,UYSC,Shell Companies,Financial Services
268,UXIN,Auto & Truck Dealerships,Consumer Cyclical
269,UVSP,Banks - Regional,Financial Services
270,UTSI,Communication Equipment,Technology
271,UTMD,Medical Instruments & Supplies,Healthcare
272,UTHR,Drug Manufacturers - Specialty & Generic,Healthcare
273,USLM,Building Materials,Basic Materials
274,USIO,Software - Infrastructure,Technology
275,USGO,Other Industrial Metals & Mining,Basic Materials
276,USEA,Marine Shipping,Industrials
277,USDE,Capital Markets,Financial Services
278,USCB,Banks - Regional,Financial Services
279,USAU,Gold,Basic Materials
280,USAR,Other Industrial Metals & Mining,Basic Materials
281,UROY,Uranium,Energy
282,URGN,Biotechnology,Healthcare
283,URBN,Apparel Retail,Consumer Cyclical
284,UPXI,Internet Content & Information,Communication Services
285,UPWK,Internet Content & Information,Communication Services
286,UPST,Credit Services,Financial Services
287,UPLD,Software - Application,Technology
288,UPC,Drug Manufacturers - Specialty & Generic,Healthcare
289,UPBD,Software - Application,Technology
290,UPB,Biotechnology,Healthcare
291,UONEK,Broadcasting,Communication Services
292,UONE,Broadcasting,Communication Services
293,UNTY,Banks - Regional,Financial Services
294,UNIT,REIT - Specialty,Real Estate
295,UNCY,Biotechnology,Healthcare
296,UNB,Banks - Regional,Financial Services
297,UMBFO,Banks - Regional,Financial Services
298,UMBF,Banks - Regional,Financial Services
299,ULTA,Specialty Retail,Consumer Cyclical
300,ULH,Trucking,Industrials
301,ULCC,Airlines,Industrials
302,ULBI,Electrical Equipment & Parts,Industrials
303,UK,Real Estate Services,Real Estate
304,UG,Household & Personal Products,Consumer Defensive
305,UFPT,Medical Devices,Healthcare
306,UFPI,Lumber & Wood Production,Basic Materials
307,UFG,Marine Shipping,Industrials
308,UFCS,Insurance - Property & Casualty,Financial Services
309,UEIC,Consumer Electronics,Technology
310,UCTT,Semiconductor Equipment & Materials,Technology
311,UCL,Telecom Services,Communication Services
312,UCAR,Auto & Truck Dealerships,Consumer Cyclical
313,UBSI,Banks - Regional,Financial Services
314,UBCP,Banks - Regional,Financial Services
315,UAL,Airlines,Industrials
316,TZOO,Internet Content & Information,Communication Services
317,TYRA,Biotechnology,Healthcare
318,TYGO,Solar,Technology
319,TXRH,Restaurants,Consumer Cyclical
320,TXN,Semiconductors,Technology
321,TXMD,Drug Manufacturers - Specialty & Generic,Healthcare
322,TXG,Health Information Services,Healthcare
323,TWST,Diagnostics & Research,Healthcare
324,TWLV,Shell Companies,Financial Services
325,TWIN,Specialty Industrial Machinery,Industrials
326,TWG,Food Distribution,Consumer Defensive
327,TWFG,Insurance Brokers,Financial Services
328,TWAV,Asset Management,Financial Services
329,TW,Capital Markets,Financial Services
330,TVTX,Biotechnology,Healthcare
331,TVRD,Biotechnology,Healthcare
332,TVIVU,Shell Companies,Financial Services
333,TVIV,Shell Companies,Financial Services
334,TVGN,Biotechnology,Healthcare
335,TVAI,Shell Companies,Financial Services
336,TVA,Shell Companies,Financial Services
337,TUSK,Conglomerates,Industrials
338,TURB,Solar,Technology
339,TULP,Farm Products,Consumer Defensive
340,TTWO,Electronic Gaming & Multimedia,Communication Services
341,TTRX,Biotechnology,Healthcare
342,TTMI,Electronic Components,Technology
343,TTGT,Information Technology Services,Technology
344,TTEK,Engineering & Construction,Industrials
345,TTEC,Information Technology Services,Technology
346,TTD,Advertising Agencies,Communication Services
347,TTAN,Software - Application,Technology
348,TSSI,Information Technology Services,Technology
349,TSLA,Auto Manufacturers,Consumer Cyclical
350,TSHA,Biotechnology,Healthcare
351,TSEM,Semiconductors,Technology
352,TSCO,Specialty Retail,Consumer Cyclical
353,TSBK,Banks - Regional,Financial Services
354,TSAT,Communication Equipment,Technology
355,TRVI,Biotechnology,Healthcare
356,TRVG,Internet Content & Information,Communication Services
357,TRUP,Insurance - Property & Casualty,Financial Services
358,TRUG,Leisure,Consumer Cyclical
359,TRST,Banks - Regional,Financial Services
360,TRSG,Metal Fabrication,Industrials
361,TRS,Packaging & Containers,Consumer Cyclical
362,TROW,Asset Management,Financial Services
363,TROO,Credit Services,Financial Services
364,TRON,Leisure,Consumer Cyclical
365,TRNS,Specialty Business Services,Industrials
366,TRNR,Personal Services,Consumer Cyclical
367,TRMK,Banks - Regional,Financial Services
368,TRMD,Oil & Gas Midstream,Energy
369,TRMB,Scientific & Technical Instruments,Technology
370,TRIP,Travel Services,Consumer Cyclical
371,TRIB,Medical Devices,Healthcare
372,TRI,Specialty Business Services,Industrials
373,TRGS,Shell Companies,Financial Services
374,TREO,Other Industrial Metals & Mining,Basic Materials
375,TREE,Financial Conglomerates,Financial Services
376,TRDA,Biotechnology,Healthcare
377,TRAX,Biotechnology,Healthcare
378,TRAW,Biotechnology,Healthcare
379,TPST,Biotechnology,Healthcare
380,TPG,Asset Management,Financial Services
381,TPCS,Metal Fabrication,Industrials
382,TOYO,Solar,Technology
383,TOWN,Banks - Regional,Financial Services
384,TOUR,Travel Services,Consumer Cyclical
385,TORO,Oil & Gas Midstream,Energy
386,TOP,Capital Markets,Financial Services
387,TONX,Software - Application,Technology
388,TOMZ,Pollution & Treatment Controls,Industrials
389,TNYA,Biotechnology,Healthcare
390,TNXP,Biotechnology,Healthcare
391,TNON,Medical Devices,Healthcare
392,TNMG,Publishing,Communication Services
393,TNGX,Biotechnology,Healthcare
394,TNDM,Medical Devices,Healthcare
395,TMUS,Telecom Services,Communication Services
396,TMTS,Shell Companies,Financial Services
397,TMS,Financial Conglomerates,Financial Services
398,TMDX,Medical Devices,Healthcare
399,TMCR,Other Industrial Metals & Mining,Basic Materials
400,TMCI,Medical Devices,Healthcare
401,TMC,Other Industrial Metals & Mining,Basic Materials
402,TLX,Biotechnology,Healthcare
403,TLSI,Medical Devices,Healthcare
404,TLSA,Biotechnology,Healthcare
405,TLS,Software - Infrastructure,Technology
406,TLRY,Drug Manufacturers - Specialty & Generic,Healthcare
407,TLPH,Drug Manufacturers - Specialty & Generic,Healthcare
408,TLNCU,Shell Companies,Financial Services
409,TLNC,Shell Companies,Financial Services
410,TLN,Utilities - Independent Power Producers,Utilities
411,TLIH,Industrial Distribution,Industrials
412,TLF,Specialty Retail,Consumer Cyclical
413,TKNO,Drug Manufacturers - Specialty & Generic,Healthcare
414,TKLF,Specialty Retail,Consumer Cyclical
415,TJGC,Advertising Agencies,Communication Services
416,TITN,Industrial Distribution,Industrials
417,TIPT,Asset Management,Financial Services
418,TILE,"Furnishings, Fixtures & Appliances",Consumer Cyclical
419,TIL,Biotechnology,Healthcare
420,TIGR,Capital Markets,Financial Services
421,TIGO,Telecom Services,Communication Services
422,THRY,Software - Application,Technology
423,THRM,Auto Parts,Consumer Cyclical
424,THH,Specialty Business Services,Industrials
425,THFF,Banks - Regional,Financial Services
426,THEOU,Shell Companies,Financial Services
427,THEO,Shell Companies,Financial Services
428,THCH,Restaurants,Consumer Cyclical
429,TH,Specialty Business Services,Industrials
430,TGTX,Biotechnology,Healthcare
431,TGL,Software - Application,Technology
432,TGHL,Software - Infrastructure,Technology
433,TFSL,Banks - Regional,Financial Services
434,TER,Semiconductor Equipment & Materials,Technology
435,TENX,Biotechnology,Healthcare
436,TENB,Software - Infrastructure,Technology
437,TEM,Health Information Services,Healthcare
438,TELO,Biotechnology,Healthcare
439,TELA,Medical Devices,Healthcare
440,TECX,Biotechnology,Healthcare
441,TECH,Biotechnology,Healthcare
442,TEAM,Software - Application,Technology
443,TEAD,Internet Content & Information,Communication Services
444,TDWD,Shell Companies,Financial Services
445,TDUP,Internet Retail,Consumer Cyclical
446,TDTH,Information Technology Services,Technology
447,TDIC,Advertising Agencies,Communication Services
448,TDACU,Shell Companies,Financial Services
449,TDAC,Shell Companies,Financial Services
450,TCX,Software - Infrastructure,Technology
451,TCRX,Biotechnology,Healthcare
452,TCRT,Biotechnology,Healthcare
453,TCPC,Asset Management,Financial Services
454,TCOM,Travel Services,Consumer Cyclical
455,TCMD,Medical Devices,Healthcare
456,TCGX,Shell Companies,Financial Services
457,TCBS,Banks - Regional,Financial Services
458,TCBK,Banks - Regional,Financial Services
459,TCBIO,Banks - Regional,Financial Services
460,TCBI,Banks - Regional,Financial Services
461,TC,Advertising Agencies,Communication Services
462,TBPH,Biotechnology,Healthcare
463,TBLA,Internet Content & Information,Communication Services
464,TBCVU,Shell Companies,Financial Services
465,TBCH,Consumer Electronics,Technology
466,TBBK,Banks - Regional,Financial Services
467,TAYD,Specialty Industrial Machinery,Industrials
468,TAVI,Shell Companies,Financial Services
469,TATT,Aerospace & Defense,Industrials
470,TASK,Information Technology Services,Technology
471,TARS,Biotechnology,Healthcare
472,TARA,Biotechnology,Healthcare
473,TAOX,Capital Markets,Financial Services
474,TAOP,Software - Infrastructure,Technology
475,TANH,Household & Personal Products,Consumer Defensive
476,TACT,Computer Hardware,Technology
477,TACO,Shell Companies,Financial Services
478,TACH,Shell Companies,Financial Services
479,SZZLU,Shell Companies,Financial Services
480,SZZL,Shell Companies,Financial Services
481,SYRE,Biotechnology,Healthcare
482,SYPR,Auto Parts,Consumer Cyclical
483,SYNA,Semiconductors,Technology
484,SYM,Specialty Industrial Machinery,Industrials
485,SYBT,Banks - Regional,Financial Services
486,SY,Health Information Services,Healthcare
487,SXTP,Biotechnology,Healthcare
488,SXTC,Drug Manufacturers - Specialty & Generic,Healthcare
489,SWVL,Railroads,Industrials
490,SWMR,Software - Infrastructure,Technology
491,SWKS,Semiconductors,Technology
492,SWIM,Building Products & Equipment,Industrials
493,SWBI,Aerospace & Defense,Industrials
494,SWAG,Advertising Agencies,Communication Services
495,SVRN,Marine Shipping,Industrials
496,SVRE,Scientific & Technical Instruments,Technology
497,SVRA,Biotechnology,Healthcare
498,SVIV,Shell Companies,Financial Services
499,SVCO,Software - Application,Technology
500,SVCCU,Shell Companies,Financial Services
501,SVCC,Shell Companies,Financial Services
502,SVC,REIT - Hotel & Motel,Real Estate
503,SVAQ,Shell Companies,Financial Services
504,SURG,Telecom Services,Communication Services
505,SUPX,Software - Infrastructure,Technology
506,SUPN,Drug Manufacturers - Specialty & Generic,Healthcare
507,SUNS,REIT - Mortgage,Real Estate
508,SUNE,Solar,Technology
509,SUMA,Shell Companies,Financial Services
510,SUJA,Beverages - Non-Alcoholic,Consumer Defensive
511,SUIG,Credit Services,Financial Services
512,SUGP,Security & Protection Services,Industrials
513,STX,Computer Hardware,Technology
514,STTK,Biotechnology,Healthcare
515,STRZ,Entertainment,Communication Services
516,STRT,Auto Parts,Consumer Cyclical
517,STRRP,Staffing & Employment Services,Industrials
518,STRR,Staffing & Employment Services,Industrials
519,STRO,Biotechnology,Healthcare
520,STRL,Engineering & Construction,Industrials
521,STRK,Software - Application,Technology
522,STRF,Software - Application,Technology
523,STRD,Software - Application,Technology
524,STRC,Software - Application,Technology
525,STRA,Education & Training Services,Consumer Defensive
526,STOK,Biotechnology,Healthcare
527,STNE,Software - Infrastructure,Technology
528,STLN,Medical Care Facilities,Healthcare
529,STLD,Steel,Basic Materials
530,STKS,Restaurants,Consumer Cyclical
531,STKH,Packaged Foods,Consumer Defensive
532,STKE,Capital Markets,Financial Services
533,STIM,Medical Devices,Healthcare
534,STI,Electrical Equipment & Parts,Industrials
535,STHO,Real Estate Services,Real Estate
536,STGW,Advertising Agencies,Communication Services
537,STFS,Advertising Agencies,Communication Services
538,STEX,Capital Markets,Financial Services
539,STEP,Asset Management,Financial Services
540,STBA,Banks - Regional,Financial Services
541,STAK,Oil & Gas Equipment & Services,Energy
542,STAA,Medical Instruments & Supplies,Healthcare
543,SSYS,Computer Hardware,Technology
544,SSTI,Software - Application,Technology
545,SSRM,Gold,Basic Materials
546,SSP,Broadcasting,Communication Services
547,SSNC,Software - Application,Technology
548,SSM,Auto Manufacturers,Consumer Cyclical
549,SSII,Medical Devices,Healthcare
550,SSEA,Shell Companies,Financial Services
551,SSBI,Banks - Regional,Financial Services
552,SSACU,Shell Companies,Financial Services
553,SSAC,Shell Companies,Financial Services
554,SRZN,Biotechnology,Healthcare
555,SRTS,Medical Devices,Healthcare
556,SRTA,Medical Care Facilities,Healthcare
557,SRRK,Biotechnology,Healthcare
558,SRPT,Biotechnology,Healthcare
559,SRCE,Banks - Regional,Financial Services
560,SRBK,Banks - Regional,Financial Services
561,SRAD,Software - Application,Technology
562,SQFTP,REIT - Diversified,Real Estate
563,SQFT,REIT - Diversified,Real Estate
564,SPWR,Solar,Technology
565,SPWH,Specialty Retail,Consumer Cyclical
566,SPTX,Biotechnology,Healthcare
567,SPT,Software - Application,Technology
568,SPSC,Software - Application,Technology
569,SPRY,Biotechnology,Healthcare
570,SPRO,Biotechnology,Healthcare
571,SPRC,Biotechnology,Healthcare
572,SPRB,Biotechnology,Healthcare
573,SPPL,Specialty Industrial Machinery,Industrials
574,SPOK,Health Information Services,Healthcare
575,SPKL,Shell Companies,Financial Services
576,SPHL,Residential Construction,Consumer Cyclical
577,SPFI,Banks - Regional,Financial Services
578,SPEGU,Shell Companies,Financial Services
579,SPEG,Shell Companies,Financial Services
580,SPCX,Aerospace & Defense,Industrials
581,SPCB,Security & Protection Services,Industrials
582,SPAI,Aerospace & Defense,Industrials
583,SOWG,Confectioners,Consumer Defensive
584,SOUN,Software - Application,Technology
585,SOTK,Scientific & Technical Instruments,Technology
586,SORN,Shell Companies,Financial Services
587,SORA,Luxury Goods,Consumer Cyclical
588,SOPH,Health Information Services,Healthcare
589,SONO,Consumer Electronics,Technology
590,SONM,Capital Markets,Financial Services
591,SOLS,Specialty Chemicals,Basic Materials
592,SOHU,Electronic Gaming & Multimedia,Communication Services
593,SOGP,Internet Content & Information,Communication Services
594,SOFI,Credit Services,Financial Services
595,SOCA,Shell Companies,Financial Services
596,SOBR,Scientific & Technical Instruments,Technology
597,SNYR,Medical Distribution,Healthcare
598,SNY,Drug Manufacturers - General,Healthcare
599,SNWV,Medical Devices,Healthcare
600,SNTI,Biotechnology,Healthcare
601,SNTG,Credit Services,Financial Services
602,SNT,Security & Protection Services,Industrials
603,SNPS,Software - Infrastructure,Technology
604,SNOA,Drug Manufacturers - Specialty & Generic,Healthcare
605,SNGX,Biotechnology,Healthcare
606,SNFCA,Insurance - Life,Financial Services
607,SNEX,Capital Markets,Financial Services
608,SNES,Specialty Chemicals,Basic Materials
609,SNDX,Biotechnology,Healthcare
610,SNDL,Beverages - Wineries & Distilleries,Consumer Defensive
611,SNDK,Computer Hardware,Technology
612,SND,Oil & Gas Equipment & Services,Energy
613,SNAL,Electronic Gaming & Multimedia,Communication Services
614,SMXT,Solar,Technology
615,SMX,Specialty Business Services,Industrials
616,SMTK,Semiconductor Equipment & Materials,Technology
617,SMTI,Medical Instruments & Supplies,Healthcare
618,SMTC,Semiconductors,Technology
619,SMSI,Software - Application,Technology
620,SMPL,Packaged Foods,Consumer Defensive
621,SMMT,Biotechnology,Healthcare
622,SMID,Building Materials,Basic Materials
623,SMCIP,Computer Hardware,Technology
624,SMCI,Computer Hardware,Technology
625,SMBC,Banks - Regional,Financial Services
626,SLXN,Biotechnology,Healthcare
627,SLSN,Household & Personal Products,Consumer Defensive
628,SLS,Biotechnology,Healthcare
629,SLRC,Asset Management,Financial Services
630,SLP,Health Information Services,Healthcare
631,SLNHP,Capital Markets,Financial Services
632,SLNH,Capital Markets,Financial Services
633,SLNG,Oil & Gas Integrated,Energy
634,SLN,Biotechnology,Healthcare
635,SLMT,Software - Infrastructure,Technology
636,SLMBP,Credit Services,Financial Services
637,SLM,Credit Services,Financial Services
638,SLGL,Biotechnology,Healthcare
639,SLGB,Integrated Freight & Logistics,Industrials
640,SLE,Internet Content & Information,Communication Services
641,SLDP,Auto Parts,Consumer Cyclical
642,SLDE,Insurance - Property & Casualty,Financial Services
643,SLDB,Biotechnology,Healthcare
644,SLBT,Biotechnology,Healthcare
645,SLAB,Semiconductors,Technology
646,SKYX,Electrical Equipment & Parts,Industrials
647,SKYW,Airlines,Industrials
648,SKYQ,Oil & Gas Integrated,Energy
649,SKYE,Biotechnology,Healthcare
650,SKYA,Software - Infrastructure,Technology
651,SKWD,Insurance - Property & Casualty,Financial Services
652,SKK,Engineering & Construction,Industrials
653,SKIN,Household & Personal Products,Consumer Defensive
654,SKHY,Semiconductors,Technology
655,SJ,Internet Content & Information,Communication Services
656,SITM,Semiconductors,Technology
657,SIRI,Entertainment,Communication Services
658,SION,Biotechnology,Healthcare
659,SINT,Medical Devices,Healthcare
660,SIMO,Semiconductors,Technology
661,SIMA,Shell Companies,Financial Services
662,SILO,Biotechnology,Healthcare
663,SILC,Communication Equipment,Technology
664,SIGIP,Insurance - Property & Casualty,Financial Services
665,SIGI,Insurance - Property & Casualty,Financial Services
666,SIGA,Drug Manufacturers - Specialty & Generic,Healthcare
667,SIFY,Telecom Services,Communication Services
668,SIEB,Capital Markets,Financial Services
669,SIDU,Aerospace & Defense,Industrials
670,SIBN,Medical Devices,Healthcare
671,SHPH,Drug Manufacturers - Specialty & Generic,Healthcare
672,SHOTU,Shell Companies,Financial Services
673,SHOT,Shell Companies,Financial Services
674,SHOP,Software - Application,Technology
675,SHOO,Footwear & Accessories,Consumer Cyclical
676,SHOE,Apparel Retail,Consumer Cyclical
677,SHMD,Specialty Industrial Machinery,Industrials
678,SHLS,Solar,Technology
679,SHIP,Marine Shipping,Industrials
680,SHIM,Engineering & Construction,Industrials
681,SHFS,Banks - Regional,Financial Services
682,SHEN,Telecom Services,Communication Services
683,SHC,Diagnostics & Research,Healthcare
684,SHBI,Banks - Regional,Financial Services
685,SHAZ,Information Technology Services,Technology
686,SGRY,Medical Care Facilities,Healthcare
687,SGP,Biotechnology,Healthcare
688,SGMT,Biotechnology,Healthcare
689,SGML,Other Industrial Metals & Mining,Basic Materials
690,SGLY,Integrated Freight & Logistics,Industrials
691,SGHT,Medical Devices,Healthcare
692,SGC,Apparel Manufacturing,Consumer Cyclical
693,SGA,Broadcasting,Communication Services
694,SFWL,Integrated Freight & Logistics,Industrials
695,SFST,Banks - Regional,Financial Services
696,SFNC,Banks - Regional,Financial Services
697,SFM,Grocery Stores,Consumer Defensive
698,SFIX,Apparel Retail,Consumer Cyclical
699,SFHG,Specialty Business Services,Industrials
700,SFD,Packaged Foods,Consumer Defensive
701,SFBC,Banks - Regional,Financial Services
702,SEZL,Credit Services,Financial Services
703,SEV,,
704,SERV,Integrated Freight & Logistics,Industrials
705,SERA,Medical Devices,Healthcare
706,SEPN,Biotechnology,Healthcare
707,SENS,Medical Devices,Healthcare
708,SENEB,Packaged Foods,Consumer Defensive
709,SENEA,Packaged Foods,Consumer Defensive
710,SELF,REIT - Specialty,Real Estate
711,SEIC,Asset Management,Financial Services
712,SEGG,Gambling,Consumer Cyclical
713,SEER,Biotechnology,Healthcare
714,SEED,Agricultural Inputs,Basic Materials
715,SEDG,Solar,Technology
716,SEAT,Internet Content & Information,Communication Services
717,SDST,Electrical Equipment & Parts,Industrials
718,SDOT,Farm Products,Consumer Defensive
719,SDHI,Shell Companies,Financial Services
720,SDGR,Health Information Services,Healthcare
721,SDA,Auto & Truck Dealerships,Consumer Cyclical
722,SCZM,Other Industrial Metals & Mining,Basic Materials
723,SCYX,Drug Manufacturers - Specialty & Generic,Healthcare
724,SCWO,Pollution & Treatment Controls,Industrials
725,SCTX,Biotechnology,Healthcare
726,SCSC,Electronics & Computer Distribution,Technology
727,SCPQ,Shell Companies,Financial Services
728,SCOR,Software - Application,Technology
729,SCNX,Pharmaceutical Retailers,Healthcare
730,SCNI,Biotechnology,Healthcare
731,SCLX,Drug Manufacturers - General,Healthcare
732,SCKT,Computer Hardware,Technology
733,SCII,Shell Companies,Financial Services
734,SCHL,Publishing,Communication Services
735,SCAG,Farm & Heavy Construction Machinery,Industrials
736,SBUX,Restaurants,Consumer Cyclical
737,SBRA,REIT - Healthcare Facilities,Real Estate
738,SBLK,Marine Shipping,Industrials
739,SBGI,Broadcasting,Communication Services
740,SBFM,Drug Manufacturers - Specialty & Generic,Healthcare
741,SBFG,Banks - Regional,Financial Services
742,SBET,Capital Markets,Financial Services
743,SBCF,Banks - Regional,Financial Services
744,SBC,Consulting Services,Industrials
745,SBAC,REIT - Specialty,Real Estate
746,SATL,Aerospace & Defense,Industrials
747,SATA,Asset Management,Financial Services
748,SANM,Electronic Components,Technology
749,SANG,Software - Infrastructure,Technology
750,SANA,Biotechnology,Healthcare
751,SAMG,Asset Management,Financial Services
752,SAIL,Software - Infrastructure,Technology
753,SAIH,Information Technology Services,Technology
754,SAIC,Information Technology Services,Technology
755,SAIA,Trucking,Industrials
756,SAGT,Software - Application,Technology
757,SAFX,Utilities - Renewable,Utilities
758,SAFT,Insurance - Property & Casualty,Financial Services
759,SABS,Biotechnology,Healthcare
760,SABR,Software - Infrastructure,Technology
761,SAAQU,Shell Companies,Financial Services
762,SAAQ,Shell Companies,Financial Services
763,RZLV,Software - Infrastructure,Technology
764,RZLT,Biotechnology,Healthcare
765,RYTM,Biotechnology,Healthcare
766,RYOJ,Consulting Services,Industrials
767,RYM,Tobacco,Consumer Defensive
768,RYET,Education & Training Services,Consumer Defensive
769,RYAAY,Airlines,Industrials
770,RXT,Software - Infrastructure,Technology
771,RXST,Medical Devices,Healthcare
772,RXRX,Biotechnology,Healthcare
773,RWAY,Asset Management,Financial Services
774,RVSN,Railroads,Industrials
775,RVSB,Banks - Regional,Financial Services
776,RVMD,Biotechnology,Healthcare
777,RUSHB,Auto & Truck Dealerships,Consumer Cyclical
778,RUSHA,Auto & Truck Dealerships,Consumer Cyclical
779,RUN,Solar,Technology
780,RUM,Internet Content & Information,Communication Services
781,RUBI,Marine Shipping,Industrials
782,RTB,Software - Application,Technology
783,RTACU,Shell Companies,Financial Services
784,RTAC,Shell Companies,Financial Services
785,RSVR,Entertainment,Communication Services
786,RSSS,Software - Application,Technology
787,RRR,Resorts & Casinos,Consumer Cyclical
788,RRGB,Restaurants,Consumer Cyclical
789,RREVU,Shell Companies,Financial Services
790,RREV,Shell Companies,Financial Services
791,RRBI,Banks - Regional,Financial Services
792,RR,Specialty Industrial Machinery,Industrials
793,RPRX,Biotechnology,Healthcare
794,RPID,Medical Devices,Healthcare
795,RPGL,Software - Application,Technology
796,RPD,Software - Infrastructure,Technology
797,RPAY,Software - Infrastructure,Technology
798,ROST,Apparel Retail,Consumer Cyclical
799,ROP,Software - Application,Technology
800,ROOT,Insurance - Property & Casualty,Financial Services
801,ROMA,Consulting Services,Industrials
802,ROKU,Entertainment,Communication Services
803,ROIV,Biotechnology,Healthcare
804,ROCK,Building Products & Equipment,Industrials
805,ROC,,
806,ROAD,Engineering & Construction,Industrials
807,RNXT,Biotechnology,Healthcare
808,RNW,Utilities - Renewable,Utilities
809,RNTX,Biotechnology,Healthcare
810,RNGT,Shell Companies,Financial Services
811,RNAZ,Biotechnology,Healthcare
812,RNAC,Biotechnology,Healthcare
813,RNA,Biotechnology,Healthcare
814,RMTI,Drug Manufacturers - Specialty & Generic,Healthcare
815,RMSG,Software - Application,Technology
816,RMR,Real Estate Services,Real Estate
817,RMNI,Software - Application,Technology
818,RMIX,Building Materials,Basic Materials
819,RMCO,Asset Management,Financial Services
820,RMCF,Confectioners,Consumer Defensive
821,RMBS,Semiconductors,Technology
822,RMBI,Banks - Regional,Financial Services
823,RLYB,Biotechnology,Healthcare
824,RLMD,Biotechnology,Healthcare
825,RLAY,Biotechnology,Healthcare
826,RKTO,Software - Infrastructure,Technology
827,RKLB,Aerospace & Defense,Industrials
828,RKDA,Packaged Foods,Consumer Defensive
829,RJET,Airlines,Industrials
830,RIVN,Auto Manufacturers,Consumer Cyclical
831,RITR,Engineering & Construction,Industrials
832,RIOT,Capital Markets,Financial Services
833,RIME,Consumer Electronics,Technology
834,RILYP,Financial Conglomerates,Financial Services
835,RILYL,Financial Conglomerates,Financial Services
836,RILY,Financial Conglomerates,Financial Services
837,RIGL,Biotechnology,Healthcare
838,RICK,Restaurants,Consumer Cyclical
839,RIBB,Shell Companies,Financial Services
840,RGTI,Computer Hardware,Technology
841,RGS,Personal Services,Consumer Cyclical
842,RGP,Consulting Services,Industrials
843,RGNX,Biotechnology,Healthcare
844,RGLD,Gold,Basic Materials
845,RGEN,Medical Instruments & Supplies,Healthcare
846,RGCO,Utilities - Regulated Gas,Utilities
847,RGC,Drug Manufacturers - Specialty & Generic,Healthcare
848,RFIL,Electrical Equipment & Parts,Industrials
849,RFAMU,Shell Companies,Financial Services
850,RFAM,Shell Companies,Financial Services
851,RFAIU,Shell Companies,Financial Services
852,RFAI,Shell Companies,Financial Services
853,REYN,Packaging & Containers,Consumer Cyclical
854,REVB,Biotechnology,Healthcare
855,RETO,Building Materials,Basic Materials
856,REPL,Biotechnology,Healthcare
857,RENX,Real Estate - Development,Real Estate
858,RENT,Apparel Retail,Consumer Cyclical
859,RELY,Software - Infrastructure,Technology
860,RELL,Electronic Components,Technology
861,REKR,Software - Infrastructure,Technology
862,REGN,Biotechnology,Healthcare
863,REGCP,REIT - Retail,Real Estate
864,REGCO,REIT - Retail,Real Estate
865,REG,REIT - Retail,Real Estate
866,REFR,Electronic Components,Technology
867,REFI,REIT - Mortgage,Real Estate
868,RECT,Specialty Retail,Consumer Cyclical
869,REBN,Restaurants,Consumer Cyclical
870,REAX,Real Estate Services,Real Estate
871,REAL,Luxury Goods,Consumer Cyclical
872,RDZN,Software - Application,Technology
873,RDWR,Software - Infrastructure,Technology
874,RDVT,Software - Application,Technology
875,RDNW,Auto & Truck Dealerships,Consumer Cyclical
876,RDNT,Diagnostics & Research,Healthcare
877,RDIB,Entertainment,Communication Services
878,RDI,Entertainment,Communication Services
879,RDHL,Drug Manufacturers - Specialty & Generic,Healthcare
880,RDGT,Pharmaceutical Retailers,Healthcare
881,RDCM,Telecom Services,Communication Services
882,RDAGU,Shell Companies,Financial Services
883,RDAG,Shell Companies,Financial Services
884,RDAC,Shell Companies,Financial Services
885,RCT,Software - Application,Technology
886,RCON,Oil & Gas Equipment & Services,Energy
887,RCMT,Conglomerates,Industrials
888,RCKY,Footwear & Accessories,Consumer Cyclical
889,RCKT,Biotechnology,Healthcare
890,RCEL,Medical Devices,Healthcare
891,RCBC,Banks - Regional,Financial Services
892,RCAT,Aerospace & Defense,Industrials
893,RBNE,Oil & Gas Midstream,Energy
894,RBKB,Banks - Regional,Financial Services
895,RBCAA,Banks - Regional,Financial Services
896,RBBN,Software - Application,Technology
897,RBB,Banks - Regional,Financial Services
898,RAYA,Electrical Equipment & Parts,Industrials
899,RAY,Household & Personal Products,Consumer Defensive
900,RAVE,Restaurants,Consumer Cyclical
901,RARE,Biotechnology,Healthcare
902,RAPP,Biotechnology,Healthcare
903,RANI,Biotechnology,Healthcare
904,RANG,Shell Companies,Financial Services
905,RAND,Asset Management,Financial Services
906,RAIN,Pollution & Treatment Controls,Industrials
907,RAIL,Railroads,Industrials
908,RADX,Biotechnology,Healthcare
909,RACD,Shell Companies,Financial Services
910,RACC,Shell Companies,Financial Services
911,QXL,Information Technology Services,Technology
912,QVCG,Specialty Retail,Consumer Cyclical
913,QURE,Biotechnology,Healthcare
914,QUMS,Shell Companies,Financial Services
915,QUIK,Semiconductors,Technology
916,QUCY,Diagnostics & Research,Healthcare
917,QUBT,Computer Hardware,Technology
918,QTTB,Biotechnology,Healthcare
919,QTRX,Medical Devices,Healthcare
920,QTI,Medical Devices,Healthcare
921,QTEX,Computer Hardware,Technology
922,QSI,Medical Devices,Healthcare
923,QSEA,Shell Companies,Financial Services
924,QS,Auto Parts,Consumer Cyclical
925,QRVO,Semiconductors,Technology
926,QRHC,Waste Management,Industrials
927,QNTM,Biotechnology,Healthcare
928,QNT,Software - Application,Technology
929,QNST,Advertising Agencies,Communication Services
930,QNRX,Biotechnology,Healthcare
931,QNME,Integrated Freight & Logistics,Industrials
932,QNCX,Biotechnology,Healthcare
933,QNBC,Banks - Regional,Financial Services
934,QMLS,Software - Infrastructure,Technology
935,QMCO,Computer Hardware,Technology
936,QLYS,Software - Infrastructure,Technology
937,QH,Software - Application,Technology
938,QFIN,Credit Services,Financial Services
939,QETA,Shell Companies,Financial Services
940,QDEL,Medical Devices,Healthcare
941,QCRH,Banks - Regional,Financial Services
942,QCOM,Semiconductors,Technology
943,QCLS,Computer Hardware,Technology
944,QBTS,Computer Hardware,Technology
945,QADR,Shell Companies,Financial Services
946,PZZA,Restaurants,Consumer Cyclical
947,PYXS,Biotechnology,Healthcare
948,PYPL,Credit Services,Financial Services
949,PYPD,Biotechnology,Healthcare
950,PXS,Oil & Gas Midstream,Energy
951,PXLW,Semiconductors,Technology
952,PWP,Capital Markets,Financial Services
953,PWCM,Capital Markets,Financial Services
954,PVLA,Biotechnology,Healthcare
955,PUSA,Leisure,Consumer Cyclical
956,PURR,Capital Markets,Financial Services
957,PULM,Biotechnology,Healthcare
958,PUBM,Software - Application,Technology
959,PTRN,Software - Application,Technology
960,PTOR,Shell Companies,Financial Services
961,PTON,Leisure,Consumer Cyclical
962,PTN,Biotechnology,Healthcare
963,PTLO,Restaurants,Consumer Cyclical
964,PTLE,Specialty Retail,Consumer Cyclical
965,PTGX,Biotechnology,Healthcare
966,PTEN,Oil & Gas Drilling,Energy
967,PTCT,Biotechnology,Healthcare
968,PTC,Software - Application,Technology
969,PTACU,Shell Companies,Financial Services
970,PTAC,Shell Companies,Financial Services
971,PSNY,Auto Manufacturers,Consumer Cyclical
972,PSNL,Diagnostics & Research,Healthcare
973,PSMT,Discount Stores,Consumer Defensive
974,PSKY,Entertainment,Communication Services
975,PSIX,Specialty Industrial Machinery,Industrials
976,PSIG,Integrated Freight & Logistics,Industrials
977,PSHG,Marine Shipping,Industrials
978,PSEC,Asset Management,Financial Services
979,PRZO,Aerospace & Defense,Industrials
980,PRVA,Health Information Services,Healthcare
981,PRTS,Auto Parts,Consumer Cyclical
982,PRTH,Software - Infrastructure,Technology
983,PRTA,Biotechnology,Healthcare
984,PRSO,Semiconductors,Technology
985,PRQR,Biotechnology,Healthcare
986,PRPO,Diagnostics & Research,Healthcare
987,PRPL,"Furnishings, Fixtures & Appliances",Consumer Cyclical
988,PROV,Banks - Regional,Financial Services
989,PROP,Oil & Gas E&P,Energy
990,PROK,Biotechnology,Healthcare
991,PROF,Medical Devices,Healthcare
992,PRME,Biotechnology,Healthcare
993,PRLD,Biotechnology,Healthcare
994,PRHI,Insurance - Property & Casualty,Financial Services
995,PRGS,Software - Infrastructure,Technology
996,PRFX,Drug Manufacturers - Specialty & Generic,Healthcare
997,PRE,Packaged Foods,Consumer Defensive
998,PRDO,Education & Training Services,Consumer Defensive
999,PRCT,Medical Devices,Healthcare
1000,PRCH,Insurance - Property & Casualty,Financial Services
1001,PRAX,Biotechnology,Healthcare
1002,PRAA,Credit Services,Financial Services
1003,PPTA,Other Precious Metals & Mining,Basic Materials
1004,PPSI,Electrical Equipment & Parts,Industrials
1005,PPLI,Internet Content & Information,Communication Services
1006,PPIH,Building Products & Equipment,Industrials
1007,PPHC,Consulting Services,Industrials
1008,PPCB,Biotechnology,Healthcare
1009,PPC,Packaged Foods,Consumer Defensive
1010,PPBT,Biotechnology,Healthcare
1011,POWWP,Aerospace & Defense,Industrials
1012,POWW,Aerospace & Defense,Industrials
1013,POWL,Electrical Equipment & Parts,Industrials
1014,POWI,Semiconductors,Technology
1015,POOL,Industrial Distribution,Industrials
1016,PONY,Information Technology Services,Technology
1017,PONO,Shell Companies,Financial Services
1018,POM,Pharmaceutical Retailers,Healthcare
1019,POLE,Shell Companies,Financial Services
1020,POLA,Electrical Equipment & Parts,Industrials
1021,POET,Semiconductors,Technology
1022,PODD,Medical Devices,Healthcare
1023,PODC,Internet Content & Information,Communication Services
1024,POCI,Medical Instruments & Supplies,Healthcare
1025,PNTG,Medical Care Facilities,Healthcare
1026,PNRG,Oil & Gas E&P,Energy
1027,PNBK,Banks - Regional,Financial Services
1028,PN,Solar,Technology
1029,PMVP,Biotechnology,Healthcare
1030,PMTS,Credit Services,Financial Services
1031,PMTR,Shell Companies,Financial Services
1032,PMN,Biotechnology,Healthcare
1033,PMEC,Specialty Business Services,Industrials
1034,PMCB,Biotechnology,Healthcare
1035,PMAX,Capital Markets,Financial Services
1036,PMA,Engineering & Construction,Industrials
1037,PLYX,Biotechnology,Healthcare
1038,PLXS,Electronic Components,Technology
1039,PLUT,Capital Markets,Financial Services
1040,PLUS,Software - Application,Technology
1041,PLUR,Biotechnology,Healthcare
1042,PLUG,Electrical Equipment & Parts,Industrials
1043,PLTR,Software - Infrastructure,Technology
1044,PLTK,Electronic Gaming & Multimedia,Communication Services
1045,PLSM,Medical Devices,Healthcare
1046,PLSE,Medical Instruments & Supplies,Healthcare
1047,PLRZ,Biotechnology,Healthcare
1048,PLRX,Biotechnology,Healthcare
1049,PLPC,Electrical Equipment & Parts,Industrials
1050,PLMR,Insurance - Property & Casualty,Financial Services
1051,PLMK,Shell Companies,Financial Services
1052,PLCIU,Shell Companies,Financial Services
1053,PLCI,Shell Companies,Financial Services
1054,PLCE,Apparel Manufacturing,Consumer Cyclical
1055,PLBY,Leisure,Consumer Cyclical
1056,PLBL,Department Stores,Consumer Cyclical
1057,PLBC,Banks - Regional,Financial Services
1058,PLAY,Entertainment,Communication Services
1059,PLAB,Semiconductor Equipment & Materials,Technology
1060,PKOH,Specialty Industrial Machinery,Industrials
1061,PKBK,Banks - Regional,Financial Services
1062,PIII,Medical Care Facilities,Healthcare
1063,PICS,Software - Infrastructure,Technology
1064,PI,Semiconductors,Technology
1065,PHVS,Biotechnology,Healthcare
1066,PHUN,Software - Application,Technology
1067,PHOS,Other Industrial Metals & Mining,Basic Materials
1068,PHOE,Engineering & Construction,Industrials
1069,PHIO,Biotechnology,Healthcare
1070,PHAT,Biotechnology,Healthcare
1071,PHAR,Biotechnology,Healthcare
1072,PGY,Software - Infrastructure,Technology
1073,PGNY,Healthcare Plans,Healthcare
1074,PGEN,Biotechnology,Healthcare
1075,PGC,Banks - Regional,Financial Services
1076,PGAC,Shell Companies,Financial Services
1077,PFX,Asset Management,Financial Services
1078,PFSA,Medical Devices,Healthcare
1079,PFIS,Banks - Regional,Financial Services
1080,PFG,Asset Management,Financial Services
1081,PFBC,Banks - Regional,Financial Services
1082,PFAI,Farm Products,Consumer Defensive
1083,PETZ,Real Estate Services,Real Estate
1084,PETS,Pharmaceutical Retailers,Healthcare
1085,PESI,Waste Management,Industrials
1086,PERI,Internet Content & Information,Communication Services
1087,PEPG,Biotechnology,Healthcare
1088,PEP,Beverages - Non-Alcoholic,Consumer Defensive
1089,PENN,Resorts & Casinos,Consumer Cyclical
1090,PENG,Information Technology Services,Technology
1091,PEGA,Software - Application,Technology
1092,PECO,REIT - Retail,Real Estate
1093,PECE,Shell Companies,Financial Services
1094,PEBO,Banks - Regional,Financial Services
1095,PEBK,Banks - Regional,Financial Services
1096,PDYN,Software - Infrastructure,Technology
1097,PDSB,Biotechnology,Healthcare
1098,PDLB,Banks - Regional,Financial Services
1099,PDFS,Software - Application,Technology
1100,PDEX,Medical Instruments & Supplies,Healthcare
1101,PDD,Internet Retail,Consumer Cyclical
1102,PDC,Software - Application,Technology
1103,PCYO,Utilities - Regulated Water,Utilities
1104,PCVX,Biotechnology,Healthcare
1105,PCTY,Software - Application,Technology
1106,PCT,Pollution & Treatment Controls,Industrials
1107,PCSA,Biotechnology,Healthcare
1108,PCRX,Drug Manufacturers - Specialty & Generic,Healthcare
1109,PCLA,Telecom Services,Communication Services
1110,PCB,Banks - Regional,Financial Services
1111,PCAR,Farm & Heavy Construction Machinery,Industrials
1112,PCAPU,Shell Companies,Financial Services
1113,PCAP,Shell Companies,Financial Services
1114,PBYI,Biotechnology,Healthcare
1115,PBM,Biotechnology,Healthcare
1116,PBLS,Biotechnology,Healthcare
1117,PBK,Utilities - Renewable,Utilities
1118,PBHC,Banks - Regional,Financial Services
1119,PBFS,Banks - Regional,Financial Services
1120,PBAM,Banks - Regional,Financial Services
1121,PAYX,Software - Application,Technology
1122,PAYS,Software - Infrastructure,Technology
1123,PAYP,Software - Infrastructure,Technology
1124,PAYO,Software - Infrastructure,Technology
1125,PAX,Asset Management,Financial Services
1126,PAVS,Packaged Foods,Consumer Defensive
1127,PAVM,Medical Devices,Healthcare
1128,PATK,Recreational Vehicles,Consumer Cyclical
1129,PASW,Textile Manufacturing,Consumer Cyclical
1130,PASG,Biotechnology,Healthcare
1131,PARK,Medical Care Facilities,Healthcare
1132,PARA,Software - Application,Technology
1133,PANW,Software - Infrastructure,Technology
1134,PANL,Marine Shipping,Industrials
1135,PAMT,Trucking,Industrials
1136,PALO,Shell Companies,Financial Services
1137,PALI,Biotechnology,Healthcare
1138,PAL,Integrated Freight & Logistics,Industrials
1139,PAHC,Drug Manufacturers - Specialty & Generic,Healthcare
1140,PAGP,Oil & Gas Midstream,Energy
1141,PACHU,Shell Companies,Financial Services
1142,PACH,Shell Companies,Financial Services
1143,PACB,Medical Devices,Healthcare
1144,PAACU,Shell Companies,Financial Services
1145,PAAC,Shell Companies,Financial Services
1146,PAA,Oil & Gas Midstream,Energy
1147,OZKAP,Banks - Regional,Financial Services
1148,OZK,Banks - Regional,Financial Services
1149,OYSE,Shell Companies,Financial Services
1150,OXSQ,Asset Management,Financial Services
1151,OXLCO,Asset Management,Financial Services
1152,OXLCN,Asset Management,Financial Services
1153,OXLCM,,
1154,OXBR,Insurance - Reinsurance,Financial Services
1155,OWLS,Software - Infrastructure,Technology
1156,OVLY,Banks - Regional,Financial Services
1157,OVID,Biotechnology,Healthcare
1158,OVBC,Banks - Regional,Financial Services
1159,OUST,Electronic Components,Technology
1160,OTTR,Conglomerates,Industrials
1161,OTLY,Packaged Foods,Consumer Defensive
1162,OTLK,Biotechnology,Healthcare
1163,OTGA,Shell Companies,Financial Services
1164,OTEX,Software - Application,Technology
1165,OSW,Leisure,Consumer Cyclical
1166,OSUR,Medical Instruments & Supplies,Healthcare
1167,OSS,Computer Hardware,Technology
1168,OSPRU,Shell Companies,Financial Services
1169,OSPR,Shell Companies,Financial Services
1170,OSPN,Software - Infrastructure,Technology
1171,OSIS,Electronic Components,Technology
1172,OSBC,Banks - Regional,Financial Services
1173,ORRF,Banks - Regional,Financial Services
1174,ORMP,Biotechnology,Healthcare
1175,ORLY,Auto Parts,Consumer Cyclical
1176,ORKT,Software - Application,Technology
1177,ORKA,Biotechnology,Healthcare
1178,ORIQ,Shell Companies,Financial Services
1179,ORIO,Software - Infrastructure,Technology
1180,ORIC,Biotechnology,Healthcare
1181,ORGO,Drug Manufacturers - Specialty & Generic,Healthcare
1182,ORBS,Packaging & Containers,Consumer Cyclical
1183,OPXS,Aerospace & Defense,Industrials
1184,OPTX,Electronic Components,Technology
1185,OPTH,Drug Manufacturers - Specialty & Generic,Healthcare
1186,OPRX,Health Information Services,Healthcare
1187,OPRT,Credit Services,Financial Services
1188,OPRA,Internet Content & Information,Communication Services
1189,OPK,Diagnostics & Research,Healthcare
1190,OPI,REIT - Office,Real Estate
1191,OPEN,Real Estate Services,Real Estate
1192,OPCH,Medical Care Facilities,Healthcare
1193,OPBK,Banks - Regional,Financial Services
1194,OPAL,Utilities - Regulated Gas,Utilities
1195,ONMD,Health Information Services,Healthcare
1196,ONFO,Internet Content & Information,Communication Services
1197,ONEW,Specialty Retail,Consumer Cyclical
1198,ONEG,Engineering & Construction,Industrials
1199,ONDS,Communication Equipment,Technology
1200,ONCY,Biotechnology,Healthcare
1201,ONCO,Biotechnology,Healthcare
1202,ONCHU,Shell Companies,Financial Services
1203,ONCH,Shell Companies,Financial Services
1204,ONC,Biotechnology,Healthcare
1205,ONBPP,Banks - Regional,Financial Services
1206,ONBPO,Banks - Regional,Financial Services
1207,ONB,Banks - Regional,Financial Services
1208,ON,Semiconductors,Technology
1209,OMSE,Oil & Gas Equipment & Services,Energy
1210,OMH,Real Estate Services,Real Estate
1211,OMEX,Other Industrial Metals & Mining,Basic Materials
1212,OMER,Biotechnology,Healthcare
1213,OMDA,Health Information Services,Healthcare
1214,OMCL,Health Information Services,Healthcare
1215,OMAB,Airports & Air Services,Industrials
1216,OM,Medical Devices,Healthcare
1217,OLOX,Metal Fabrication,Industrials
1218,OLMA,Biotechnology,Healthcare
1219,OLLI,Discount Stores,Consumer Defensive
1220,OLED,Electronic Components,Technology
1221,OLB,Software - Infrastructure,Technology
1222,OKYO,Biotechnology,Healthcare
1223,OKUR,Biotechnology,Healthcare
1224,OKTA,Software - Infrastructure,Technology
1225,OIO,Waste Management,Industrials
1226,OIM,Shell Companies,Financial Services
1227,OHAC,Shell Companies,Financial Services
1228,OGI,Drug Manufacturers - Specialty & Generic,Healthcare
1229,OFS,Asset Management,Financial Services
1230,OFLX,Specialty Industrial Machinery,Industrials
1231,OFIX,Medical Devices,Healthcare
1232,OFAL,Engineering & Construction,Industrials
1233,OESX,Electrical Equipment & Parts,Industrials
1234,ODYS,Scientific & Technical Instruments,Technology
1235,ODTX,Biotechnology,Healthcare
1236,ODFL,Trucking,Industrials
1237,ODD,Household & Personal Products,Consumer Defensive
1238,OCUL,Biotechnology,Healthcare
1239,OCTV,Software - Application,Technology
1240,OCSL,Asset Management,Financial Services
1241,OCS,Biotechnology,Healthcare
1242,OCLTU,Shell Companies,Financial Services
1243,OCGN,Biotechnology,Healthcare
1244,OCG,Internet Retail,Consumer Cyclical
1245,OCFC,Banks - Regional,Financial Services
1246,OCCIN,Asset Management,Financial Services
1247,OCCIM,Asset Management,Financial Services
1248,OCCI,Asset Management,Financial Services
1249,OCC,Communication Equipment,Technology
1250,OBX,Biotechnology,Healthcare
1251,OBT,Banks - Regional,Financial Services
1252,OBIO,Biotechnology,Healthcare
1253,OBAI,Software - Infrastructure,Technology
1254,OBA,Shell Companies,Financial Services
1255,OACCU,Shell Companies,Financial Services
1256,OACC,Shell Companies,Financial Services
1257,OABI,Biotechnology,Healthcare
1258,NYXH,Medical Instruments & Supplies,Healthcare
1260,NYAX,Software - Infrastructure,Technology
1261,NXXT,Utilities - Renewable,Utilities
1262,NXTT,Software - Application,Technology
1263,NXTS,Agricultural Inputs,Basic Materials
1264,NXTC,Biotechnology,Healthcare
1265,NXT,Solar,Technology
1266,NXST,Broadcasting,Communication Services
1267,NXPL,Software - Application,Technology
1268,NXPI,Semiconductors,Technology
1269,NXL,Medical Devices,Healthcare
1270,NXH,Internet Retail,Consumer Cyclical
1271,NXGL,Medical Instruments & Supplies,Healthcare
1272,NWTG,Leisure,Consumer Cyclical
1273,NWSA,Entertainment,Communication Services
1274,NWS,Entertainment,Communication Services
1275,NWPX,Steel,Basic Materials
1276,NWL,Household & Personal Products,Consumer Defensive
1277,NWGL,Lumber & Wood Production,Basic Materials
1278,NWFL,Banks - Regional,Financial Services
1279,NWE,Utilities - Regulated Electric,Utilities
1280,NWBI,Banks - Regional,Financial Services
1281,NVX,Electrical Equipment & Parts,Industrials
1282,NVTS,Semiconductors,Technology
1283,NVNO,Medical Devices,Healthcare
1284,NVNI,Software - Application,Technology
1285,NVMI,Semiconductor Equipment & Materials,Technology
1286,NVEC,Semiconductors,Technology
1287,NVDA,Semiconductors,Technology
1288,NVCT,Biotechnology,Healthcare
1289,NVCR,Medical Devices,Healthcare
1290,NVAX,Biotechnology,Healthcare
1291,NUWE,Medical Devices,Healthcare
1292,NUTX,Medical Care Facilities,Healthcare
1293,NUR,Communication Equipment,Technology
1294,NUCL,Uranium,Energy
1295,NUAI,Software - Infrastructure,Technology
1296,NTWOU,Shell Companies,Financial Services
1297,NTWO,Shell Companies,Financial Services
1298,NTWK,Software - Application,Technology
1299,NTSK,Software - Infrastructure,Technology
1300,NTRSO,Asset Management,Financial Services
1301,NTRS,Asset Management,Financial Services
1302,NTRP,Travel Services,Consumer Cyclical
1303,NTRB,Biotechnology,Healthcare
1304,NTRA,Diagnostics & Research,Healthcare
1305,NTNX,Software - Infrastructure,Technology
1306,NTLA,Biotechnology,Healthcare
1307,NTIC,Specialty Chemicals,Basic Materials
1308,NTHI,Biotechnology,Healthcare
1309,NTGR,Communication Equipment,Technology
1310,NTES,Electronic Gaming & Multimedia,Communication Services
1311,NTCT,Software - Infrastructure,Technology
1312,NTCL,Software - Application,Technology
1313,NTAP,Software - Infrastructure,Technology
1314,NSYS,Medical Devices,Healthcare
1315,NSTS,Banks - Regional,Financial Services
1316,NSSC,Security & Protection Services,Industrials
1317,NSPR,Medical Devices,Healthcare
1318,NSLR,Asset Management,Financial Services
1319,NSIT,Electronics & Computer Distribution,Technology
1320,NSAIU,Shell Companies,Financial Services
1321,NRXP,Biotechnology,Healthcare
1322,NRSN,Biotechnology,Healthcare
1323,NRIX,Biotechnology,Healthcare
1324,NRIM,Banks - Regional,Financial Services
1325,NRDS,Internet Content & Information,Communication Services
1326,NRC,Health Information Services,Healthcare
1327,NPT,Specialty Retail,Consumer Cyclical
1328,NPCE,Medical Devices,Healthcare
1329,NPAC,Shell Companies,Financial Services
1330,NOVTU,Scientific & Technical Instruments,Technology
1331,NOVT,Scientific & Technical Instruments,Technology
1332,NOMA,Leisure,Consumer Cyclical
1333,NOEM,Shell Companies,Financial Services
1334,NODK,Insurance - Property & Casualty,Financial Services
1335,NNOX,Medical Devices,Healthcare
1336,NNNN,Medical Instruments & Supplies,Healthcare
1337,NNE,Specialty Industrial Machinery,Industrials
1338,NNDM,Computer Hardware,Technology
1339,NNBR,Conglomerates,Industrials
1340,NN,Software - Infrastructure,Technology
1341,NMTC,Medical Devices,Healthcare
1342,NMRK,Real Estate Services,Real Estate
1343,NMRA,Biotechnology,Healthcare
1344,NMP,Shell Companies,Financial Services
1345,NMIH,Insurance - Specialty,Financial Services
1346,NMFC,Asset Management,Financial Services
1347,NMAD,Electrical Equipment & Parts,Industrials
1348,NKTX,Biotechnology,Healthcare
1349,NKTR,Biotechnology,Healthcare
1350,NKSH,Banks - Regional,Financial Services
1351,NKLR,Utilities - Regulated Electric,Utilities
1352,NIXX,Telecom Services,Communication Services
1353,NIVF,Medical Care Facilities,Healthcare
1354,NIU,Auto Manufacturers,Consumer Cyclical
1355,NIPG,Entertainment,Communication Services
1356,NIKI,Biotechnology,Healthcare
1357,NICM,Other Industrial Metals & Mining,Basic Materials
1358,NICE,Software - Application,Technology
1359,NHTC,Internet Retail,Consumer Cyclical
1360,NHPBP,REIT - Healthcare Facilities,Real Estate
1361,NHPAP,REIT - Healthcare Facilities,Real Estate
1362,NHP,REIT - Healthcare Facilities,Real Estate
1363,NHIV,Shell Companies,Financial Services
1364,NHICU,,
1365,NHIC,,
1366,NGNE,Biotechnology,Healthcare
1367,NGEN,Biotechnology,Healthcare
1368,NFLX,Entertainment,Communication Services
1369,NFE,Oil & Gas Midstream,Energy
1370,NEXT,Oil & Gas Equipment & Services,Energy
1371,NEXR,Internet Retail,Consumer Cyclical
1372,NEXN,Advertising Agencies,Communication Services
1373,NEXM,Other Industrial Metals & Mining,Basic Materials
1374,NEWTP,Banks - Regional,Financial Services
1375,NEWT,Banks - Regional,Financial Services
1376,NEUP,Biotechnology,Healthcare
1377,NESR,Oil & Gas Equipment & Services,Energy
1378,NERV,Biotechnology,Healthcare
1379,NEPH,Medical Instruments & Supplies,Healthcare
1380,NEOV,Electrical Equipment & Parts,Industrials
1381,NEON,Electronic Components,Technology
1382,NEOG,Medical Devices,Healthcare
1383,NEO,Diagnostics & Research,Healthcare
1384,NEGG,Internet Retail,Consumer Cyclical
1385,NECB,Banks - Regional,Financial Services
1386,NDSN,Specialty Industrial Machinery,Industrials
1387,NDRA,Diagnostics & Research,Healthcare
1388,NDLS,Restaurants,Consumer Cyclical
1389,NDAQ,Financial Data & Stock Exchanges,Financial Services
1390,NCTY,Capital Markets,Financial Services
1391,NCT,Marine Shipping,Industrials
1392,NCSM,Oil & Gas Equipment & Services,Energy
1393,NCRA,Packaged Foods,Consumer Defensive
1394,NCPL,Capital Markets,Financial Services
1395,NCO,Shell Companies,Financial Services
1396,NCNO,Software - Application,Technology
1397,NCNA,Biotechnology,Healthcare
1398,NCMI,Advertising Agencies,Communication Services
1399,NCI,Apparel Manufacturing,Consumer Cyclical
1400,NCEW,Integrated Freight & Logistics,Industrials
1401,NCEL,Biotechnology,Healthcare
1402,NBTX,Biotechnology,Healthcare
1403,NBTB,Banks - Regional,Financial Services
1404,NBRGU,Shell Companies,Financial Services
1405,NBRG,Shell Companies,Financial Services
1406,NBP,Biotechnology,Healthcare
1407,NBN,Banks - Regional,Financial Services
1408,NBIX,Drug Manufacturers - Specialty & Generic,Healthcare
1409,NBIS,Internet Content & Information,Communication Services
1410,NBBK,Banks - Regional,Financial Services
1411,NB,Other Industrial Metals & Mining,Basic Materials
1412,NAVN,Software - Application,Technology
1413,NAVI,Credit Services,Financial Services
1414,NAUT,Biotechnology,Healthcare
1415,NATR,Packaged Foods,Consumer Defensive
1416,NATH,Restaurants,Consumer Cyclical
1417,NAMS,Biotechnology,Healthcare
1418,NAMM,Gold,Basic Materials
1419,NAMI,Internet Content & Information,Communication Services
1420,NAKA,Capital Markets,Financial Services
1421,NAII,Packaged Foods,Consumer Defensive
1422,NAGE,Biotechnology,Healthcare
1423,NAAS,Specialty Retail,Consumer Cyclical
1424,MZTI,Packaged Foods,Consumer Defensive
1425,MYXXU,Shell Companies,Financial Services
1426,MYX,Shell Companies,Financial Services
1427,MYSZ,Apparel Retail,Consumer Cyclical
1428,MYSE,Software - Application,Technology
1429,MYRG,Engineering & Construction,Industrials
1430,MYPS,Electronic Gaming & Multimedia,Communication Services
1431,MYGN,Diagnostics & Research,Healthcare
1432,MYFW,Banks - Regional,Financial Services
1433,MXL,Semiconductors,Technology
1434,MXCT,Medical Devices,Healthcare
1435,MWYN,"Furnishings, Fixtures & Appliances",Consumer Cyclical
1436,MWH,Utilities - Renewable,Utilities
1437,MWC,Auto Parts,Consumer Cyclical
1438,MVST,Auto Parts,Consumer Cyclical
1439,MVIS,Scientific & Technical Instruments,Technology
1440,MVBF,Banks - Regional,Financial Services
1441,MUZE,Shell Companies,Financial Services
1442,MU,Semiconductors,Technology
1443,MTVA,Biotechnology,Healthcare
1444,MTSI,Semiconductors,Technology
1445,MTRX,Engineering & Construction,Industrials
1446,MTLS,Software - Application,Technology
1447,MTEX,Food Distribution,Consumer Defensive
1448,MTEN,Metal Fabrication,Industrials
1449,MTEK,Electronic Components,Technology
1450,MTCH,Internet Content & Information,Communication Services
1451,MTC,Capital Markets,Financial Services
1452,MTAKU,Shell Companies,Financial Services
1453,MSTR,Software - Application,Technology
1454,MSS,Grocery Stores,Consumer Defensive
1455,MSLE,Biotechnology,Healthcare
1456,MSGY,Engineering & Construction,Industrials
1457,MSGM,Electronic Gaming & Multimedia,Communication Services
1458,MSFT,Software - Infrastructure,Technology
1459,MSEX,Utilities - Regulated Water,Utilities
1460,MSBIP,Banks - Regional,Financial Services
1461,MSBI,Banks - Regional,Financial Services
1462,MSAI,Electronic Components,Technology
1463,MRX,Capital Markets,Financial Services
1464,MRVL,Semiconductors,Technology
1465,MRVI,Biotechnology,Healthcare
1466,MRTN,Trucking,Industrials
1467,MRNO,Real Estate - Development,Real Estate
1468,MRNA,Biotechnology,Healthcare
1469,MRM,Personal Services,Consumer Cyclical
1470,MRLN,Aerospace & Defense,Industrials
1471,MRKR,Biotechnology,Healthcare
1472,MREO,Biotechnology,Healthcare
1473,MRDN,Gambling,Consumer Cyclical
1474,MRCY,Aerospace & Defense,Industrials
1475,MRCOU,Shell Companies,Financial Services
1476,MRCO,Shell Companies,Financial Services
1477,MRBK,Banks - Regional,Financial Services
1478,MRAM,Semiconductors,Technology
1479,MQ,Software - Infrastructure,Technology
1480,MPWR,Semiconductors,Technology
1481,MPLT,Biotechnology,Healthcare
1482,MPB,Banks - Regional,Financial Services
1483,MPAA,Auto Parts,Consumer Cyclical
1484,MOVE,Software - Infrastructure,Technology
1485,MORN,Financial Data & Stock Exchanges,Financial Services
1486,MOMO,Internet Content & Information,Communication Services
1487,MOLN,Biotechnology,Healthcare
1488,MODD,Medical Devices,Healthcare
1489,MOBX,Semiconductors,Technology
1490,MOBI,Medical Devices,Healthcare
1491,MOB,Aerospace & Defense,Industrials
1492,MNY,Internet Content & Information,Communication Services
1493,MNTS,Aerospace & Defense,Industrials
1494,MNTK,Specialty Chemicals,Basic Materials
1495,MNST,Beverages - Non-Alcoholic,Consumer Defensive
1496,MNSBP,Banks - Regional,Financial Services
1497,MNSB,Banks - Regional,Financial Services
1498,MNRO,Auto Parts,Consumer Cyclical
1499,MNPR,Biotechnology,Healthcare
1500,MNOV,Biotechnology,Healthcare
1501,MNKD,Biotechnology,Healthcare
1502,MNDY,Software - Application,Technology
1503,MNDR,Health Information Services,Healthcare
1504,MNDO,Software - Application,Technology
1505,MMYT,Travel Services,Consumer Cyclical
1506,MMTX,Shell Companies,Financial Services
1507,MMSI,Medical Instruments & Supplies,Healthcare
1508,MMLP,Oil & Gas Midstream,Energy
1509,MMED,Medical Instruments & Supplies,Healthcare
1510,MLYS,Biotechnology,Healthcare
1511,MLTX,Biotechnology,Healthcare
1512,MLKN,"Furnishings, Fixtures & Appliances",Consumer Cyclical
1513,MLGO,Software - Infrastructure,Technology
1514,MLEC,Biotechnology,Healthcare
1515,MLCO,Resorts & Casinos,Consumer Cyclical
1516,MLCI,Asset Management,Financial Services
1517,MLAB,Scientific & Technical Instruments,Technology
1518,MLAA,Shell Companies,Financial Services
1519,MKZR,REIT - Diversified,Real Estate
1520,MKTX,Capital Markets,Financial Services
1521,MKTW,Financial Data & Stock Exchanges,Financial Services
1522,MKSI,Scientific & Technical Instruments,Technology
1523,MKLYU,Shell Companies,Financial Services
1524,MKLY,Shell Companies,Financial Services
1525,MKDW,Auto Parts,Consumer Cyclical
1526,MITK,Software - Application,Technology
1527,MIST,Biotechnology,Healthcare
1528,MIRM,Biotechnology,Healthcare
1529,MIRA,Drug Manufacturers - General,Healthcare
1530,MIND,Scientific & Technical Instruments,Technology
1531,MIMI,Engineering & Construction,Industrials
1532,MIDD,Specialty Industrial Machinery,Industrials
1533,MIACU,Shell Companies,Financial Services
1534,MIAC,Shell Companies,Financial Services
1535,MGYR,Banks - Regional,Financial Services
1536,MGX,Biotechnology,Healthcare
1537,MGTX,Biotechnology,Healthcare
1538,MGRX,Health Information Services,Healthcare
1539,MGRT,Information Technology Services,Technology
1540,MGRC,Rental & Leasing Services,Industrials
1541,MGPI,Beverages - Wineries & Distilleries,Consumer Defensive
1542,MGNX,Biotechnology,Healthcare
1543,MGNI,Advertising Agencies,Communication Services
1544,MGN,Engineering & Construction,Industrials
1545,MGIH,Packaging & Containers,Consumer Cyclical
1546,MGEE,Utilities - Regulated Electric,Utilities
1547,MFP,Specialty Industrial Machinery,Industrials
1548,MFIN,Credit Services,Financial Services
1549,MFIC,Asset Management,Financial Services
1550,MFI,Software - Application,Technology
1551,MF,Advertising Agencies,Communication Services
1552,MEVO,Shell Companies,Financial Services
1553,METCB,Coking Coal,Basic Materials
1554,METC,Coking Coal,Basic Materials
1555,META,Internet Content & Information,Communication Services
1556,MESO,Biotechnology,Healthcare
1557,MESHU,Shell Companies,Financial Services
1558,MESH,Shell Companies,Financial Services
1559,MERC,Paper & Paper Products,Basic Materials
1560,MEOH,Chemicals,Basic Materials
1561,MENS,Biotechnology,Healthcare
1562,MELI,Internet Retail,Consumer Cyclical
1563,MEGL,Capital Markets,Financial Services
1564,MEDS,Medical Distribution,Healthcare
1565,MEDP,Diagnostics & Research,Healthcare
1566,MDXH,Diagnostics & Research,Healthcare
1567,MDXG,Biotechnology,Healthcare
1568,MDWD,Biotechnology,Healthcare
1569,MDRR,Real Estate Services,Real Estate
1570,MDLZ,Confectioners,Consumer Defensive
1571,MDLN,Medical Instruments & Supplies,Healthcare
1572,MDIA,Broadcasting,Communication Services
1573,MDGL,Biotechnology,Healthcare
1574,MDCX,Drug Manufacturers - General,Healthcare
1575,MDBH,Capital Markets,Financial Services
1576,MDB,Software - Infrastructure,Technology
1577,MDAI,Medical Devices,Healthcare
1578,MCRI,Resorts & Casinos,Consumer Cyclical
1579,MCRB,Biotechnology,Healthcare
1580,MCHX,Advertising Agencies,Communication Services
1581,MCHPP,Semiconductors,Technology
1582,MCHP,Semiconductors,Technology
1583,MCHB,Banks - Regional,Financial Services
1584,MCGAU,Shell Companies,Financial Services
1585,MCGA,Shell Companies,Financial Services
1586,MCFT,Recreational Vehicles,Consumer Cyclical
1587,MCBS,Banks - Regional,Financial Services
1588,MCAH,Shell Companies,Financial Services
1589,MBX,Biotechnology,Healthcare
1590,MBWM,Banks - Regional,Financial Services
1591,MBVI,Shell Companies,Financial Services
1592,MBUU,Recreational Vehicles,Consumer Cyclical
1593,MBRX,Biotechnology,Healthcare
1594,MBOT,Medical Devices,Healthcare
1595,MBNKO,Banks - Regional,Financial Services
1596,MBLY,Auto Parts,Consumer Cyclical
1597,MBIO,Biotechnology,Healthcare
1598,MBINN,Banks - Regional,Financial Services
1599,MBINM,Banks - Regional,Financial Services
1600,MBINL,Banks - Regional,Financial Services
1601,MBIN,Banks - Regional,Financial Services
1602,MBBC,Banks - Regional,Financial Services
1603,MBAI,Diagnostics & Research,Healthcare
1604,MB,Restaurants,Consumer Cyclical
1605,MAZE,Biotechnology,Healthcare
1606,MAYS,Real Estate Services,Real Estate
1607,MATW,Conglomerates,Industrials
1608,MATH,Capital Markets,Financial Services
1609,MAT,Leisure,Consumer Cyclical
1610,MASS,Medical Devices,Healthcare
1611,MASK,Software - Application,Technology
1612,MARPS,Oil & Gas Midstream,Energy
1613,MARA,Capital Markets,Financial Services
1614,MAR,Lodging,Consumer Cyclical
1615,MANH,Software - Application,Technology
1616,MAMO,Recreational Vehicles,Consumer Cyclical
1617,MAMA,Packaged Foods,Consumer Defensive
1618,MAKO,Gold,Basic Materials
1619,MACI,Shell Companies,Financial Services
1620,MAAS,Asset Management,Financial Services
1621,LZMH,Information Technology Services,Technology
1622,LZ,Specialty Business Services,Industrials
1623,LYTS,Electronic Components,Technology
1624,LYFT,Software - Application,Technology
1625,LYEL,Biotechnology,Healthcare
1626,LXRX,Biotechnology,Healthcare
1627,LXEO,Biotechnology,Healthcare
1628,LXEH,Education & Training Services,Consumer Defensive
1629,LX,Credit Services,Financial Services
1630,LWLG,Specialty Chemicals,Basic Materials
1631,LWAY,Packaged Foods,Consumer Defensive
1632,LWAC,Shell Companies,Financial Services
1633,LVO,Internet Content & Information,Communication Services
1634,LVLU,Apparel Retail,Consumer Cyclical
1635,LUNR,Aerospace & Defense,Industrials
1636,LUNG,Medical Devices,Healthcare
1637,LULU,Apparel Retail,Consumer Cyclical
1638,LUCY,Medical Instruments & Supplies,Healthcare
1639,LUCD,Medical Devices,Healthcare
1640,LTRX,Communication Equipment,Technology
1641,LTRN,Biotechnology,Healthcare
1642,LTGRU,Shell Companies,Financial Services
1643,LTGR,Shell Companies,Financial Services
1644,LTGO,Biotechnology,Healthcare
1645,LTBR,Electrical Equipment & Parts,Industrials
1646,LSTR,Integrated Freight & Logistics,Industrials
1647,LSTA,Biotechnology,Healthcare
1648,LSE,Oil & Gas Equipment & Services,Energy
1649,LSCC,Semiconductors,Technology
1650,LSBK,Banks - Regional,Financial Services
1651,LSAK,Software - Infrastructure,Technology
1652,LRMR,Biotechnology,Healthcare
1653,LRHC,Real Estate Services,Real Estate
1654,LRE,Real Estate - Development,Real Estate
1655,LRCX,Semiconductor Equipment & Materials,Technology
1656,LQDT,Internet Retail,Consumer Cyclical
1657,LQDA,Drug Manufacturers - Specialty & Generic,Healthcare
1658,LPTH,Electronic Components,Technology
1659,LPSN,Software - Application,Technology
1660,LPLA,Capital Markets,Financial Services
1661,LPCVU,Shell Companies,Financial Services
1662,LPCV,Shell Companies,Financial Services
1663,LPCN,Biotechnology,Healthcare
1664,LPBB,Shell Companies,Financial Services
1665,LPAA,Shell Companies,Financial Services
1666,LOVE,"Furnishings, Fixtures & Appliances",Consumer Cyclical
1667,LOT,Auto Manufacturers,Consumer Cyclical
1668,LOPE,Education & Training Services,Consumer Defensive
1669,LOOP,Specialty Chemicals,Basic Materials
1670,LONA,Biotechnology,Healthcare
1671,LOGI,Computer Hardware,Technology
1672,LOCO,Restaurants,Consumer Cyclical
1673,LOBO,Auto Manufacturers,Consumer Cyclical
1674,LOAN,REIT - Mortgage,Real Estate
1675,LNZA,Waste Management,Industrials
1676,LNTH,Drug Manufacturers - Specialty & Generic,Healthcare
1677,LNT,Utilities - Regulated Electric,Utilities
1678,LNSR,Medical Devices,Healthcare
1679,LNKS,Electrical Equipment & Parts,Industrials
1680,LNAI,Biotechnology,Healthcare
1681,LMRI,Medical Devices,Healthcare
1682,LMNR,Farm Products,Consumer Defensive
1683,LMB,Building Products & Equipment,Industrials
1684,LMAT,Medical Instruments & Supplies,Healthcare
1685,LLYVK,Entertainment,Communication Services
1686,LLYVA,Entertainment,Communication Services
1687,LKSP,Shell Companies,Financial Services
1688,LKQ,Auto Parts,Consumer Cyclical
1689,LKFT,Biotechnology,Healthcare
1690,LKFN,Banks - Regional,Financial Services
1691,LIVN,Medical Devices,Healthcare
1692,LIVE,Home Improvement Retail,Consumer Cyclical
1693,LITS,Biotechnology,Healthcare
1694,LITE,Communication Equipment,Technology
1695,LIQT,Pollution & Treatment Controls,Industrials
1696,LINK,Electronic Components,Technology
1697,LINE,REIT - Industrial,Real Estate
1698,LIND,Travel Services,Consumer Cyclical
1699,LINC,Education & Training Services,Consumer Defensive
1700,LIN,Specialty Chemicals,Basic Materials
1701,LIMN,Biotechnology,Healthcare
1702,LIME,Rental & Leasing Services,Industrials
1703,LILAP,Telecom Services,Communication Services
1704,LILAK,Telecom Services,Communication Services
1705,LILA,Telecom Services,Communication Services
1706,LIFE,Insurance Brokers,Financial Services
1707,LIF,Software - Application,Technology
1708,LIEN,Asset Management,Financial Services
1709,LIDR,Software - Infrastructure,Technology
1710,LICN,Specialty Business Services,Industrials
1711,LI,Auto Manufacturers,Consumer Cyclical
1712,LHSW,Software - Infrastructure,Technology
1713,LHAI,Real Estate Services,Real Estate
1714,LGVN,Biotechnology,Healthcare
1715,LGO,Other Industrial Metals & Mining,Basic Materials
1716,LGND,Biotechnology,Healthcare
1717,LGN,Engineering & Construction,Industrials
1718,LGIH,Residential Construction,Consumer Cyclical
1719,LGHL,Capital Markets,Financial Services
1720,LGCL,Software - Application,Technology
1721,LFWD,Medical Devices,Healthcare
1722,LFVN,Packaged Foods,Consumer Defensive
1723,LFUS,Electronic Components,Technology
1724,LFTO,Advertising Agencies,Communication Services
1725,LFST,Medical Care Facilities,Healthcare
1726,LFS,Entertainment,Communication Services
1727,LFMDP,Health Information Services,Healthcare
1728,LFMD,Health Information Services,Healthcare
1729,LFCR,Drug Manufacturers - Specialty & Generic,Healthcare
1730,LFAC,Shell Companies,Financial Services
1731,LEXX,Biotechnology,Healthcare
1732,LESL,Specialty Retail,Consumer Cyclical
1733,LENZ,Biotechnology,Healthcare
1734,LEGN,Biotechnology,Healthcare
1735,LEGH,Residential Construction,Consumer Cyclical
1736,LEE,Publishing,Communication Services
1737,LEDS,Semiconductors,Technology
1738,LECO,Tools & Accessories,Industrials
1739,LE,Apparel Retail,Consumer Cyclical
1740,LCUT,"Furnishings, Fixtures & Appliances",Consumer Cyclical
1741,LCNB,Banks - Regional,Financial Services
1742,LCID,Auto Manufacturers,Consumer Cyclical
1743,LCFY,Internet Content & Information,Communication Services
1744,LCCC,Shell Companies,Financial Services
1745,LBTYK,Telecom Services,Communication Services
1746,LBTYB,Telecom Services,Communication Services
1747,LBTYA,Telecom Services,Communication Services
1748,LBRX,Biotechnology,Healthcare
1749,LBGJ,Specialty Industrial Machinery,Industrials
1750,LAUR,Education & Training Services,Consumer Defensive
1751,LATA,Shell Companies,Financial Services
1752,LASR,Semiconductors,Technology
1753,LASE,Specialty Industrial Machinery,Industrials
1754,LARK,Banks - Regional,Financial Services
1755,LANDP,REIT - Specialty,Real Estate
1756,LANDO,REIT - Specialty,Real Estate
1757,LAND,REIT - Specialty,Real Estate
1758,LAMR,REIT - Specialty,Real Estate
1759,LAKE,Apparel Manufacturing,Consumer Cyclical
1760,LAFA,Shell Companies,Financial Services
1761,LAES,Semiconductors,Technology
1762,LABT,Biotechnology,Healthcare
1763,LAB,Medical Devices,Healthcare
1764,KZIA,Biotechnology,Healthcare
1765,KYTX,Biotechnology,Healthcare
1766,KYNB,Biotechnology,Healthcare
1767,KYMR,Biotechnology,Healthcare
1768,KYIV,Telecom Services,Communication Services
1769,KXIN,Auto & Truck Dealerships,Consumer Cyclical
1770,KWM,Entertainment,Communication Services
1771,KVHI,Telecom Services,Communication Services
1772,KUST,Entertainment,Communication Services
1773,KURA,Biotechnology,Healthcare
1774,KTWO,Shell Companies,Financial Services
1775,KTTA,Biotechnology,Healthcare
1776,KTOS,Aerospace & Defense,Industrials
1777,KTCC,Computer Hardware,Technology
1778,KSPI,Software - Infrastructure,Technology
1779,KSCP,Security & Protection Services,Industrials
1780,KRYS,Biotechnology,Healthcare
1781,KRUS,Restaurants,Consumer Cyclical
1782,KRT,Packaging & Containers,Consumer Cyclical
1783,KRRO,Biotechnology,Healthcare
1784,KROS,Biotechnology,Healthcare
1785,KRNY,Banks - Regional,Financial Services
1786,KRNT,Specialty Industrial Machinery,Industrials
1787,KRMD,Medical Instruments & Supplies,Healthcare
1788,KRKR,Advertising Agencies,Communication Services
1789,KRAQU,Shell Companies,Financial Services
1790,KRAQ,Shell Companies,Financial Services
1791,KPTI,Biotechnology,Healthcare
1792,KPRX,Biotechnology,Healthcare
1793,KPLT,Software - Infrastructure,Technology
1794,KOYNU,Shell Companies,Financial Services
1795,KOYN,Shell Companies,Financial Services
1796,KOSS,Consumer Electronics,Technology
1797,KOPN,Electronic Components,Technology
1798,KOD,Biotechnology,Healthcare
1799,KNSA,Drug Manufacturers - Specialty & Generic,Healthcare
1800,KNDI,Recreational Vehicles,Consumer Cyclical
1801,KMTS,Medical Instruments & Supplies,Healthcare
1802,KMRK,Leisure,Consumer Cyclical
1803,KMDA,Drug Manufacturers - Specialty & Generic,Healthcare
1804,KMB,Household & Personal Products,Consumer Defensive
1805,KLXE,Oil & Gas Equipment & Services,Energy
1806,KLTR,Software - Application,Technology
1807,KLRS,Biotechnology,Healthcare
1808,KLRA,Biotechnology,Healthcare
1809,KLIC,Semiconductor Equipment & Materials,Technology
1810,KLAC,Semiconductor Equipment & Materials,Technology
1811,KITT,Aerospace & Defense,Industrials
1812,KINS,Insurance - Property & Casualty,Financial Services
1813,KIDZ,Education & Training Services,Consumer Defensive
1814,KIDS,Medical Devices,Healthcare
1815,KHC,Packaged Foods,Consumer Defensive
1816,KGEI,Oil & Gas E&P,Energy
1817,KG,Insurance - Reinsurance,Financial Services
1818,KFII,Shell Companies,Financial Services
1819,KFFB,Banks - Regional,Financial Services
1820,KEYY,Shell Companies,Financial Services
1821,KEQU,"Furnishings, Fixtures & Appliances",Consumer Cyclical
1822,KELYB,Staffing & Employment Services,Industrials
1823,KELYA,Staffing & Employment Services,Industrials
1824,KEEL,Information Technology Services,Technology
1825,KE,Electrical Equipment & Parts,Industrials
1826,KDP,Beverages - Non-Alcoholic,Consumer Defensive
1827,KDK,Software - Infrastructure,Technology
1828,KCHVU,Shell Companies,Financial Services
1829,KCHV,Shell Companies,Financial Services
1830,KC,Software - Application,Technology
1831,KBSX,Leisure,Consumer Cyclical
1832,KBONU,Shell Companies,Financial Services
1833,KBON,Shell Companies,Financial Services
1834,KAZR,Engineering & Construction,Industrials
1835,KARO,Software - Application,Technology
1836,KARD,Biotechnology,Healthcare
1837,KALU,Aluminum,Basic Materials
1838,KALA,Biotechnology,Healthcare
1839,JZXN,Auto & Truck Dealerships,Consumer Cyclical
1840,JZ,Information Technology Services,Technology
1841,JYNT,Medical Care Facilities,Healthcare
1842,JYD,Integrated Freight & Logistics,Industrials
1843,JXG,Apparel Manufacturing,Consumer Cyclical
1844,JWEL,Internet Retail,Consumer Cyclical
1845,JVA,Packaged Foods,Consumer Defensive
1846,JUNS,Biotechnology,Healthcare
1847,JTAI,Software - Application,Technology
1848,JSPR,Biotechnology,Healthcare
1849,JRVR,Insurance - Specialty,Financial Services
1850,JRSH,Apparel Manufacturing,Consumer Cyclical
1851,JOYY,Internet Content & Information,Communication Services
1852,JOUT,Leisure,Consumer Cyclical
1853,JMSB,Banks - Regional,Financial Services
1854,JLHL,Building Products & Equipment,Industrials
1855,JL,Apparel Manufacturing,Consumer Cyclical
1856,JKHY,Information Technology Services,Technology
1857,JJSF,Packaged Foods,Consumer Defensive
1858,JG,Software - Application,Technology
1859,JFU,Information Technology Services,Technology
1860,JFIN,Credit Services,Financial Services
1861,JFB,Real Estate - Development,Real Estate
1862,JF,Credit Services,Financial Services
1863,JEM,Apparel Retail,Consumer Cyclical
1864,JDZG,Education & Training Services,Consumer Defensive
1865,JD,Internet Retail,Consumer Cyclical
1866,JCTC,Lumber & Wood Production,Basic Materials
1867,JCSE,Specialty Industrial Machinery,Industrials
1868,JCAP,Credit Services,Financial Services
1869,JBSS,Packaged Foods,Consumer Defensive
1870,JBLU,Airlines,Industrials
1871,JBIO,Biotechnology,Healthcare
1872,JBHT,Integrated Freight & Logistics,Industrials
1873,JBDI,Specialty Retail,Consumer Cyclical
1874,JAZZ,Biotechnology,Healthcare
1875,JATT,Shell Companies,Financial Services
1876,JANX,Biotechnology,Healthcare
1877,JAKK,Leisure,Consumer Cyclical
1878,JAGX,Biotechnology,Healthcare
1879,JACK,Restaurants,Consumer Cyclical
1880,JABRU,Shell Companies,Financial Services
1881,JAB,Shell Companies,Financial Services
1882,IZM,Electronics & Computer Distribution,Technology
1883,IZEA,Advertising Agencies,Communication Services
1884,IXHL,Drug Manufacturers - Specialty & Generic,Healthcare
1885,IVVD,Biotechnology,Healthcare
1886,IVF,Medical Devices,Healthcare
1887,IVDA,Security & Protection Services,Industrials
1888,IVA,Biotechnology,Healthcare
1889,ITRN,Scientific & Technical Instruments,Technology
1890,ITRI,Scientific & Technical Instruments,Technology
1891,ITOC,Medical Devices,Healthcare
1892,ITIC,Insurance - Specialty,Financial Services
1893,ITHAU,Shell Companies,Financial Services
1894,ITHA,Shell Companies,Financial Services
1895,ITG,Engineering & Construction,Industrials
1896,ISTR,Banks - Regional,Financial Services
1897,ISRG,Medical Instruments & Supplies,Healthcare
1898,ISPR,Tobacco,Consumer Defensive
1899,ISPC,Diagnostics & Research,Healthcare
1900,ISNRU,Shell Companies,Financial Services
1901,ISNR,Shell Companies,Financial Services
1902,ISBA,Banks - Regional,Financial Services
1903,IRWD,Drug Manufacturers - Specialty & Generic,Healthcare
1904,IRTC,Medical Devices,Healthcare
1905,IRON,Biotechnology,Healthcare
1906,IRMD,Medical Devices,Healthcare
1907,IRIX,Medical Devices,Healthcare
1908,IRHO,Shell Companies,Financial Services
1909,IREN,Capital Markets,Financial Services
1910,IRDM,Telecom Services,Communication Services
1911,IRD,Biotechnology,Healthcare
1912,IQST,Telecom Services,Communication Services
1913,IQMX,Computer Hardware,Technology
1914,IQ,Entertainment,Communication Services
1915,IPX,Other Industrial Metals & Mining,Basic Materials
1916,IPWR,Semiconductors,Technology
1917,IPW,Internet Retail,Consumer Cyclical
1918,IPVVU,Shell Companies,Financial Services
1919,IPVV,Shell Companies,Financial Services
1920,IPST,Capital Markets,Financial Services
1921,IPSC,Biotechnology,Healthcare
1922,IPM,Software - Application,Technology
1923,IPHA,Biotechnology,Healthcare
1924,IPGP,Semiconductor Equipment & Materials,Technology
1925,IPFXU,Shell Companies,Financial Services
1926,IPFX,Shell Companies,Financial Services
1927,IPEXU,Shell Companies,Financial Services
1928,IPEX,Shell Companies,Financial Services
1929,IPDN,Staffing & Employment Services,Industrials
1930,IPAR,Household & Personal Products,Consumer Defensive
1931,IOVA,Biotechnology,Healthcare
1932,IOTR,Telecom Services,Communication Services
1933,IOSP,Specialty Chemicals,Basic Materials
1934,IONS,Biotechnology,Healthcare
1935,IONR,Other Industrial Metals & Mining,Basic Materials
1936,IOND,Capital Markets,Financial Services
1937,INVZ,Auto Parts,Consumer Cyclical
1938,INVE,Building Products & Equipment,Industrials
1939,INVA,Biotechnology,Healthcare
1940,INV,Asset Management,Financial Services
1941,INTZ,Software - Infrastructure,Technology
1942,INTU,Software - Application,Technology
1943,INTS,Biotechnology,Healthcare
1944,INTR,Banks - Regional,Financial Services
1945,INTJ,Consulting Services,Industrials
1946,INTG,Lodging,Consumer Cyclical
1947,INTC,Semiconductors,Technology
1948,INTA,Software - Application,Technology
1949,INSM,Biotechnology,Healthcare
1950,INSG,Communication Equipment,Technology
1951,INSE,Gambling,Consumer Cyclical
1952,INOD,Information Technology Services,Technology
1953,INO,Biotechnology,Healthcare
1954,INNV,Medical Care Facilities,Healthcare
1955,INMD,Medical Devices,Healthcare
1956,INMB,Biotechnology,Healthcare
1957,INM,Drug Manufacturers - Specialty & Generic,Healthcare
1958,INLF,Specialty Industrial Machinery,Industrials
1959,INKT,Biotechnology,Healthcare
1960,INIO,Specialty Industrial Machinery,Industrials
1961,INHD,Steel,Basic Materials
1962,INGN,Medical Devices,Healthcare
1963,INEO,Auto Parts,Consumer Cyclical
1964,INDV,Drug Manufacturers - Specialty & Generic,Healthcare
1965,INDP,Biotechnology,Healthcare
1966,INDI,Semiconductors,Technology
1967,INDB,Banks - Regional,Financial Services
1968,INCY,Biotechnology,Healthcare
1969,INCR,Drug Manufacturers - Specialty & Generic,Healthcare
1970,INBX,Biotechnology,Healthcare
1971,INBS,Medical Devices,Healthcare
1972,INBK,Banks - Regional,Financial Services
1973,INAC,Shell Companies,Financial Services
1974,INAB,Biotechnology,Healthcare
1975,IMXI,Software - Infrastructure,Technology
1976,IMVT,Biotechnology,Healthcare
1977,IMUX,Biotechnology,Healthcare
1978,IMTX,Biotechnology,Healthcare
1979,IMTE,Electronic Components,Technology
1980,IMSR,Utilities - Regulated Electric,Utilities
1981,IMRX,Biotechnology,Healthcare
1982,IMRN,Biotechnology,Healthcare
1983,IMPPP,Oil & Gas Midstream,Energy
1984,IMPP,Oil & Gas Midstream,Energy
1985,IMOS,Semiconductors,Technology
1986,IMNN,Biotechnology,Healthcare
1987,IMNM,Biotechnology,Healthcare
1988,IMMX,Biotechnology,Healthcare
1989,IMMR,Software - Application,Technology
1990,IMMP,Biotechnology,Healthcare
1991,IMKTA,Grocery Stores,Consumer Defensive
1992,IMDX,Diagnostics & Research,Healthcare
1993,IMCR,Biotechnology,Healthcare
1994,IMCC,Drug Manufacturers - Specialty & Generic,Healthcare
1995,IMA,Biotechnology,Healthcare
1996,ILPT,REIT - Industrial,Real Estate
1997,ILMN,Diagnostics & Research,Healthcare
1998,ILLU,Shell Companies,Financial Services
1999,ILLR,Software - Application,Technology
2000,ILAG,Building Products & Equipment,Industrials
2001,IKT,Biotechnology,Healthcare
2002,IIIV,Software - Infrastructure,Technology
2003,III,Information Technology Services,Technology
2004,IHRT,Broadcasting,Communication Services
2005,IGIC,Insurance - Diversified,Financial Services
2006,IGAC,Shell Companies,Financial Services
2007,IFRX,Biotechnology,Healthcare
2008,IFBD,Software - Application,Technology
2009,IESC,Engineering & Construction,Industrials
2010,IEP,Oil & Gas Refining & Marketing,Energy
2011,IEAGU,Shell Companies,Financial Services
2012,IEAG,Shell Companies,Financial Services
2013,IDYA,Biotechnology,Healthcare
2014,IDXX,Diagnostics & Research,Healthcare
2015,IDN,Software - Application,Technology
2016,IDCC,Software - Application,Technology
2017,IDAI,Software - Application,Technology
2018,IDACU,Shell Companies,Financial Services
2019,IDAC,Shell Companies,Financial Services
2020,ICUI,Medical Instruments & Supplies,Healthcare
2021,ICU,Biotechnology,Healthcare
2022,ICON,Marine Shipping,Industrials
2023,ICMB,Asset Management,Financial Services
2024,ICLR,Diagnostics & Research,Healthcare
2025,ICHR,Semiconductor Equipment & Materials,Technology
2026,ICG,Semiconductors,Technology
2027,ICFI,Consulting Services,Industrials
2028,ICCM,Medical Devices,Healthcare
2029,ICCC,Biotechnology,Healthcare
2030,IBRX,Biotechnology,Healthcare
2031,IBOC,Banks - Regional,Financial Services
2032,IBKR,Capital Markets,Financial Services
2033,IBIO,Biotechnology,Healthcare
2034,IBG,Beverages - Wineries & Distilleries,Consumer Defensive
2035,IBEX,Information Technology Services,Technology
2036,IBCP,Banks - Regional,Financial Services
2037,IBAC,Shell Companies,Financial Services
2038,IART,Medical Devices,Healthcare
2039,IACQU,Shell Companies,Financial Services
2040,IACQ,Shell Companies,Financial Services
2041,IACO,Shell Companies,Financial Services
2042,IA,Aerospace & Defense,Industrials
2043,HYPR,Medical Devices,Healthcare
2044,HYPD,Biotechnology,Healthcare
2045,HYNE,Banks - Regional,Financial Services
2046,HYMC,Gold,Basic Materials
2047,HYFT,Biotechnology,Healthcare
2048,HYFM,Farm & Heavy Construction Machinery,Industrials
2049,HXHX,Integrated Freight & Logistics,Industrials
2050,HWKN,Specialty Chemicals,Basic Materials
2051,HWH,Restaurants,Consumer Cyclical
2052,HWC,Banks - Regional,Financial Services
2053,HWBK,Banks - Regional,Financial Services
2054,HVMC,Shell Companies,Financial Services
2055,HVII,Shell Companies,Financial Services
2056,HUT,Capital Markets,Financial Services
2057,HURN,Consulting Services,Industrials
2058,HURC,Specialty Industrial Machinery,Industrials
2059,HURA,Biotechnology,Healthcare
2060,HUMA,Biotechnology,Healthcare
2061,HUIZ,Insurance Brokers,Financial Services
2062,HUHU,Specialty Industrial Machinery,Industrials
2063,HUDI,Steel,Basic Materials
2064,HUBG,Integrated Freight & Logistics,Industrials
2065,HUBC,Software - Infrastructure,Technology
2066,HTZ,Rental & Leasing Services,Industrials
2067,HTOO,Utilities - Renewable,Utilities
2068,HTO,Utilities - Regulated Water,Utilities
2069,HTLM,Specialty Retail,Consumer Cyclical
2070,HTLD,Trucking,Industrials
2071,HTHT,Lodging,Consumer Cyclical
2072,HTFL,Health Information Services,Healthcare
2073,HTCR,Software - Application,Technology
2074,HTCO,Marine Shipping,Industrials
2075,HSTM,Health Information Services,Healthcare
2076,HST,REIT - Hotel & Motel,Real Estate
2077,HSIC,Medical Distribution,Healthcare
2078,HSDT,Asset Management,Financial Services
2079,HSCS,Medical Devices,Healthcare
2080,HSAI,Auto Parts,Consumer Cyclical
2081,HRZN,Asset Management,Financial Services
2082,HRTX,Biotechnology,Healthcare
2083,HROW,Drug Manufacturers - Specialty & Generic,Healthcare
2084,HRMY,Biotechnology,Healthcare
2085,HQY,Health Information Services,Healthcare
2086,HQI,Staffing & Employment Services,Industrials
2087,HQ,Software - Infrastructure,Technology
2088,HPK,Oil & Gas E&P,Energy
2089,HPAI,Software - Infrastructure,Technology
2090,HOWL,Biotechnology,Healthcare
2091,HOVR,Aerospace & Defense,Industrials
2092,HOVNP,,
2093,HOUR,Internet Retail,Consumer Cyclical
2094,HOPE,Banks - Regional,Financial Services
2095,HOOD,Capital Markets,Financial Services
2096,HONA,Aerospace & Defense,Industrials
2097,HON,Conglomerates,Industrials
2098,HOLO,Software - Application,Technology
2099,HOFT,"Furnishings, Fixtures & Appliances",Consumer Cyclical
2100,HODO,Software - Application,Technology
2101,HNVR,Banks - Regional,Financial Services
2102,HNST,Household & Personal Products,Consumer Defensive
2103,HNRG,Utilities - Independent Power Producers,Utilities
2104,HNNA,Asset Management,Financial Services
2105,HMR,Marine Shipping,Industrials
2106,HMH,Oil & Gas Equipment & Services,Energy
2107,HLXC,Shell Companies,Financial Services
2108,HLP,Steel,Basic Materials
2109,HLNE,Asset Management,Financial Services
2110,HLMN,Tools & Accessories,Industrials
2111,HLIT,Communication Equipment,Technology
2112,HKPD,Medical Distribution,Healthcare
2113,HKIT,Information Technology Services,Technology
2114,HIVE,Capital Markets,Financial Services
2115,HITI,Pharmaceutical Retailers,Healthcare
2116,HIT,Software - Application,Technology
2117,HIND,Biotechnology,Healthcare
2118,HIMX,Semiconductors,Technology
2119,HIHO,Metal Fabrication,Industrials
2120,HIFS,Banks - Regional,Financial Services
2121,HHS,Conglomerates,Industrials
2122,HGBL,Capital Markets,Financial Services
2123,HFWA,Banks - Regional,Financial Services
2124,HFFG,Food Distribution,Consumer Defensive
2125,HFBL,Banks - Regional,Financial Services
2126,HERE,Leisure,Consumer Cyclical
2127,HEPS,Internet Retail,Consumer Cyclical
2128,HELP,Biotechnology,Healthcare
2129,HELE,Household & Personal Products,Consumer Defensive
2130,HDSN,Specialty Chemicals,Basic Materials
2131,HDRN,Specialty Industrial Machinery,Industrials
2132,HDL,Restaurants,Consumer Cyclical
2133,HCWB,Biotechnology,Healthcare
2134,HCTI,Health Information Services,Healthcare
2135,HCSG,Medical Care Facilities,Healthcare
2136,HCMAU,Shell Companies,Financial Services
2137,HCMA,Shell Companies,Financial Services
2138,HCM,Drug Manufacturers - Specialty & Generic,Healthcare
2139,HCKT,Information Technology Services,Technology
2140,HCIC,Shell Companies,Financial Services
2141,HCAT,Health Information Services,Healthcare
2142,HCAI,Farm & Heavy Construction Machinery,Industrials
2143,HCACU,Shell Companies,Financial Services
2144,HCAC,Shell Companies,Financial Services
2145,HBT,Banks - Regional,Financial Services
2146,HBNC,Banks - Regional,Financial Services
2147,HBNB,Real Estate Services,Real Estate
2148,HBIO,Medical Instruments & Supplies,Healthcare
2149,HBCP,Banks - Regional,Financial Services
2150,HBANZ,Banks - Regional,Financial Services
2151,HBANP,Banks - Regional,Financial Services
2152,HBANM,Banks - Regional,Financial Services
2153,HBANL,Banks - Regional,Financial Services
2154,HBAN,Banks - Regional,Financial Services
2155,HAVA,Shell Companies,Financial Services
2156,HAS,Leisure,Consumer Cyclical
2157,HAPN,Banks - Regional,Financial Services
2158,HAO,Advertising Agencies,Communication Services
2159,HALO,Biotechnology,Healthcare
2160,HAIN,Packaged Foods,Consumer Defensive
2161,HAFC,Banks - Regional,Financial Services
2162,HACQ,Shell Companies,Financial Services
2163,GYRO,Real Estate Services,Real Estate
2164,GYRE,Biotechnology,Healthcare
2165,GYGY,Software - Infrastructure,Technology
2166,GXAI,Electronic Gaming & Multimedia,Communication Services
2167,GWRS,Utilities - Regulated Water,Utilities
2168,GWAV,Waste Management,Industrials
2169,GVH,Integrated Freight & Logistics,Industrials
2170,GUTS,Biotechnology,Healthcare
2171,GURE,Chemicals,Basic Materials
2172,GUAC,Shell Companies,Financial Services
2173,GTX,Auto Parts,Consumer Cyclical
2174,GTM,Software - Application,Technology
2175,GTLB,Software - Infrastructure,Technology
2176,GTIM,Restaurants,Consumer Cyclical
2177,GTERA,Shell Companies,Financial Services
2178,GTEN,Shell Companies,Financial Services
2179,GTEC,Auto Parts,Consumer Cyclical
2180,GTBP,Biotechnology,Healthcare
2181,GT,Auto Parts,Consumer Cyclical
2182,GSUN,Education & Training Services,Consumer Defensive
2183,GSRV,Shell Companies,Financial Services
2184,GSRF,Shell Companies,Financial Services
2185,GSM,Other Industrial Metals & Mining,Basic Materials
2186,GSIW,Capital Markets,Financial Services
2187,GSIT,Semiconductors,Technology
2188,GSHR,Shell Companies,Financial Services
2189,GSHD,Insurance Brokers,Financial Services
2190,GSBC,Banks - Regional,Financial Services
2191,GSAT,Telecom Services,Communication Services
2192,GRWG,Specialty Retail,Consumer Cyclical
2193,GRVY,Electronic Gaming & Multimedia,Communication Services
2194,GRSD,Gambling,Consumer Cyclical
2195,GRRR,Software - Infrastructure,Technology
2196,GRPN,Internet Content & Information,Communication Services
2197,GROW,Asset Management,Financial Services
2198,GRNQ,Consulting Services,Industrials
2199,GRML,Other Precious Metals & Mining,Basic Materials
2200,GRI,Biotechnology,Healthcare
2201,GRFS,Drug Manufacturers - General,Healthcare
2202,GRDX,Biotechnology,Healthcare
2203,GRCE,Biotechnology,Healthcare
2204,GRAN,Capital Markets,Financial Services
2205,GRAL,Diagnostics & Research,Healthcare
2206,GRAB,Software - Application,Technology
2207,GPRO,Consumer Electronics,Technology
2208,GPRE,Chemicals,Basic Materials
2209,GPCR,Biotechnology,Healthcare
2210,GPAT,Shell Companies,Financial Services
2211,GPACU,Shell Companies,Financial Services
2212,GPAC,Shell Companies,Financial Services
2213,GP,Farm & Heavy Construction Machinery,Industrials
2214,GOVX,Biotechnology,Healthcare
2215,GOSS,Biotechnology,Healthcare
2216,GOOGN,,
2217,GOOGM,,
2218,GOOGL,Internet Content & Information,Communication Services
2219,GOOG,Internet Content & Information,Communication Services
2220,GOODO,,
2221,GOODN,REIT - Diversified,Real Estate
2222,GOOD,REIT - Diversified,Real Estate
2223,GOGO,Telecom Services,Communication Services
2224,GOAI,Software - Infrastructure,Technology
2225,GO,Grocery Stores,Consumer Defensive
2226,GNTX,Auto Parts,Consumer Cyclical
2227,GNTA,Biotechnology,Healthcare
2228,GNSS,Scientific & Technical Instruments,Technology
2229,GNPX,Biotechnology,Healthcare
2230,GNLX,Biotechnology,Healthcare
2231,GNLN,Tobacco,Consumer Defensive
2232,GMM,Information Technology Services,Technology
2233,GMHS,Electronic Gaming & Multimedia,Communication Services
2234,GMEX,Consumer Electronics,Technology
2235,GMAB,Biotechnology,Healthcare
2236,GLXY,Capital Markets,Financial Services
2237,GLXG,Staffing & Employment Services,Industrials
2238,GLUE,Biotechnology,Healthcare
2239,GLSI,Biotechnology,Healthcare
2240,GLRE,Insurance - Reinsurance,Financial Services
2241,GLPI,REIT - Specialty,Real Estate
2242,GLOO,Software - Application,Technology
2243,GLNG,Oil & Gas Midstream,Energy
2244,GLND,Oil & Gas E&P,Energy
2245,GLMD,Biotechnology,Healthcare
2246,GLIBK,Telecom Services,Communication Services
2247,GLIBA,Telecom Services,Communication Services
2248,GLE,Information Technology Services,Technology
2249,GLBS,Marine Shipping,Industrials
2250,GLBE,Internet Retail,Consumer Cyclical
2251,GLAD,Asset Management,Financial Services
2252,GIX,Shell Companies,Financial Services
2253,GIW,Shell Companies,Financial Services
2254,GITS,Internet Content & Information,Communication Services
2255,GIPR,REIT - Diversified,Real Estate
2256,GILT,Communication Equipment,Technology
2257,GILD,Drug Manufacturers - General,Healthcare
2258,GIII,Apparel Manufacturing,Consumer Cyclical
2259,GIGM,Electronic Gaming & Multimedia,Communication Services
2260,GIFT,Internet Content & Information,Communication Services
2261,GIBO,Internet Content & Information,Communication Services
2262,GHXI,Shell Companies,Financial Services
2263,GHRS,Biotechnology,Healthcare
2264,GH,Diagnostics & Research,Healthcare
2265,GGR,Auto Manufacturers,Consumer Cyclical
2266,GGAL,Banks - Regional,Financial Services
2267,GFUZ,Specialty Industrial Machinery,Industrials
2268,GFS,Semiconductors,Technology
2269,GFAI,Security & Protection Services,Industrials
2270,GEVO,Specialty Chemicals,Basic Materials
2271,GERN,Biotechnology,Healthcare
2272,GEOS,Oil & Gas Equipment & Services,Energy
2273,GENK,Restaurants,Consumer Cyclical
2274,GENB,Biotechnology,Healthcare
2275,GEN,Software - Infrastructure,Technology
2276,GEMI,Capital Markets,Financial Services
2277,GELS,Drug Manufacturers - Specialty & Generic,Healthcare
2278,GEHC,Medical Devices,Healthcare
2279,GEG,Asset Management,Financial Services
2280,GECC,Asset Management,Financial Services
2281,GDYN,Information Technology Services,Technology
2282,GDTC,Biotechnology,Healthcare
2283,GDS,Information Technology Services,Technology
2284,GDRX,Health Information Services,Healthcare
2285,GDHG,Leisure,Consumer Cyclical
2286,GDEV,Electronic Gaming & Multimedia,Communication Services
2287,GDC,Electronic Gaming & Multimedia,Communication Services
2288,GCTK,Medical Devices,Healthcare
2289,GCT,Software - Infrastructure,Technology
2290,GCMG,Asset Management,Financial Services
2291,GCL,Electronic Gaming & Multimedia,Communication Services
2292,GCGRU,Shell Companies,Financial Services
2293,GCGR,Shell Companies,Financial Services
2294,GCBC,Banks - Regional,Financial Services
2295,GBLI,Insurance - Property & Casualty,Financial Services
2296,GBFH,Banks - Regional,Financial Services
2297,GBDC,Asset Management,Financial Services
2298,GAUZ,Electronic Components,Technology
2299,GASS,Marine Shipping,Industrials
2300,GANX,Biotechnology,Healthcare
2301,GAME,Electronic Gaming & Multimedia,Communication Services
2302,GALT,Biotechnology,Healthcare
2303,GAIN,Asset Management,Financial Services
2304,GAIA,Entertainment,Communication Services
2305,GABC,Banks - Regional,Financial Services
2306,FXNC,Banks - Regional,Financial Services
2307,FXHO,Consumer Electronics,Technology
2308,FXAC,Shell Companies,Financial Services
2309,FWRG,Restaurants,Consumer Cyclical
2310,FWRD,Integrated Freight & Logistics,Industrials
2311,FWONK,Entertainment,Communication Services
2312,FWONA,Entertainment,Communication Services
2313,FWDI,Footwear & Accessories,Consumer Cyclical
2314,FWAC,Shell Companies,Financial Services
2315,FVNNU,Shell Companies,Financial Services
2316,FVN,Shell Companies,Financial Services
2317,FVCB,Banks - Regional,Financial Services
2318,FVAV,Shell Companies,Financial Services
2319,FUTU,Capital Markets,Financial Services
2320,FUSE,Software - Application,Technology
2321,FUSB,Banks - Regional,Financial Services
2322,FUNC,Banks - Regional,Financial Services
2323,FULTP,Banks - Regional,Financial Services
2324,FULT,Banks - Regional,Financial Services
2325,FULC,Biotechnology,Healthcare
2326,FUFU,Capital Markets,Financial Services
2327,FTRE,Biotechnology,Healthcare
2328,FTNT,Software - Infrastructure,Technology
2329,FTLF,Packaged Foods,Consumer Defensive
2330,FTHM,Real Estate Services,Real Estate
2331,FTHAU,Shell Companies,Financial Services
2332,FTHA,Shell Companies,Financial Services
2333,FTH,Biotechnology,Healthcare
2334,FTFT,Software - Application,Technology
2335,FTEK,Pollution & Treatment Controls,Industrials
2336,FTDR,Personal Services,Consumer Cyclical
2337,FTCI,Solar,Technology
2338,FTAIM,Aerospace & Defense,Industrials
2339,FTAI,Aerospace & Defense,Industrials
2340,FSV,Real Estate Services,Real Estate
2341,FSUN,Banks - Regional,Financial Services
2342,FSTR,Railroads,Industrials
2343,FSLY,Software - Application,Technology
2344,FSLR,Solar,Technology
2345,FSHP,Shell Companies,Financial Services
2346,FSEA,Banks - Regional,Financial Services
2347,FSBW,Banks - Regional,Financial Services
2348,FSBC,Banks - Regional,Financial Services
2349,FRVO,Utilities - Renewable,Utilities
2350,FRTT,Internet Retail,Consumer Cyclical
2351,FRSX,Auto Parts,Consumer Cyclical
2352,FRST,Banks - Regional,Financial Services
2353,FRSH,Software - Application,Technology
2354,FRPT,Packaged Foods,Consumer Defensive
2355,FRPH,Real Estate Services,Real Estate
2356,FROG,Software - Application,Technology
2357,FRNM,Diagnostics & Research,Healthcare
2358,FRMM,Software - Application,Technology
2359,FRMI,REIT - Specialty,Real Estate
2360,FRMEP,Banks - Regional,Financial Services
2361,FRME,Banks - Regional,Financial Services
2362,FRHC,Financial Conglomerates,Financial Services
2363,FRGT,Software - Application,Technology
2364,FRD,Steel,Basic Materials
2365,FRBT,Banks - Diversified,Financial Services
2366,FRBA,Banks - Regional,Financial Services
2367,FRAF,Banks - Regional,Financial Services
2368,FOXX,Consumer Electronics,Technology
2369,FOXF,Auto Parts,Consumer Cyclical
2370,FOXA,Entertainment,Communication Services
2371,FOX,Entertainment,Communication Services
2372,FOSL,Footwear & Accessories,Consumer Cyclical
2373,FORTY,Information Technology Services,Technology
2374,FORR,Consulting Services,Industrials
2375,FORM,Semiconductor Equipment & Materials,Technology
2376,FOFO,Consulting Services,Industrials
2377,FOCL,Medical Distribution,Healthcare
2378,FNWD,Banks - Regional,Financial Services
2379,FNWB,Banks - Regional,Financial Services
2380,FNUC,Other Industrial Metals & Mining,Basic Materials
2381,FNRN,Banks - Regional,Financial Services
2382,FNLC,Banks - Regional,Financial Services
2383,FNKO,Leisure,Consumer Cyclical
2384,FNGR,Telecom Services,Communication Services
2385,FMST,Other Industrial Metals & Mining,Basic Materials
2386,FMNB,Banks - Regional,Financial Services
2387,FMFC,Footwear & Accessories,Consumer Cyclical
2388,FMBH,Banks - Regional,Financial Services
2389,FMAO,Banks - Regional,Financial Services
2390,FMAC,Shell Companies,Financial Services
2391,FLYW,Software - Infrastructure,Technology
2392,FLYE,Auto Manufacturers,Consumer Cyclical
2393,FLY,Aerospace & Defense,Industrials
2394,FLXS,"Furnishings, Fixtures & Appliances",Consumer Cyclical
2395,FLX,Integrated Freight & Logistics,Industrials
2396,FLWS,Specialty Retail,Consumer Cyclical
2397,FLUX,Electrical Equipment & Parts,Industrials
2398,FLNT,Advertising Agencies,Communication Services
2399,FLNC,Utilities - Renewable,Utilities
2400,FLNA,Biotechnology,Healthcare
2401,FLL,Resorts & Casinos,Consumer Cyclical
2402,FLGT,Diagnostics & Research,Healthcare
2403,FLEX,Electronic Components,Technology
2404,FLD,Capital Markets,Financial Services
2405,FKWL,Communication Equipment,Technology
2406,FJDIU,Shell Companies,Financial Services
2407,FIZZ,Beverages - Non-Alcoholic,Consumer Defensive
2408,FIVN,Software - Infrastructure,Technology
2409,FIVE,Specialty Retail,Consumer Cyclical
2410,FISV,,
2411,FISN,Specialty Industrial Machinery,Industrials
2412,FISI,Banks - Regional,Financial Services
2413,FIP,Conglomerates,Industrials
2414,FINW,Banks - Regional,Financial Services
2415,FIGX,Shell Companies,Financial Services
2416,FIGR,Capital Markets,Financial Services
2417,FIEE,Communication Equipment,Technology
2418,FIBK,Banks - Regional,Financial Services
2419,FHTX,Biotechnology,Healthcare
2420,FHB,Banks - Regional,Financial Services
2421,FGNXP,Asset Management,Financial Services
2422,FGNX,Asset Management,Financial Services
2423,FGL,Engineering & Construction,Industrials
2424,FGII,Shell Companies,Financial Services
2425,FGI,"Furnishings, Fixtures & Appliances",Consumer Cyclical
2426,FGBIP,Banks - Regional,Financial Services
2427,FGBI,Banks - Regional,Financial Services
2428,FFIV,Software - Infrastructure,Technology
2429,FFIN,Banks - Regional,Financial Services
2430,FFBC,Banks - Regional,Financial Services
2431,FFAI,Auto Manufacturers,Consumer Cyclical
2432,FERA,Shell Companies,Financial Services
2433,FER,Engineering & Construction,Industrials
2434,FENC,Biotechnology,Healthcare
2435,FEMY,Medical Instruments & Supplies,Healthcare
2436,FELE,Specialty Industrial Machinery,Industrials
2437,FEIM,Communication Equipment,Technology
2438,FEED,Medical Devices,Healthcare
2439,FEBO,Consumer Electronics,Technology
2440,FEAM,Specialty Chemicals,Basic Materials
2441,FDUS,Asset Management,Financial Services
2442,FDSB,Banks - Regional,Financial Services
2443,FDMT,Biotechnology,Healthcare
2444,FDMMU,Shell Companies,Financial Services
2445,FDMM,Shell Companies,Financial Services
2446,FDBC,Banks - Regional,Financial Services
2447,FCUV,Scientific & Technical Instruments,Technology
2448,FCNCP,Banks - Regional,Financial Services
2449,FCNCO,Banks - Regional,Financial Services
2450,FCNCN,,
2451,FCNCA,Banks - Regional,Financial Services
2452,FCHL,Education & Training Services,Consumer Defensive
2453,FCFS,Credit Services,Financial Services
2454,FCEL,Electrical Equipment & Parts,Industrials
2455,FCCO,Banks - Regional,Financial Services
2456,FCBC,Banks - Regional,Financial Services
2457,FCAP,Banks - Regional,Financial Services
2458,FBYD,Conglomerates,Industrials
2459,FBRX,Biotechnology,Healthcare
2460,FBNC,Banks - Regional,Financial Services
2461,FBLG,Biotechnology,Healthcare
2462,FBLA,Banks - Regional,Financial Services
2463,FBIZ,Banks - Regional,Financial Services
2464,FBIOP,Biotechnology,Healthcare
2465,FBIO,Biotechnology,Healthcare
2466,FBGL,Engineering & Construction,Industrials
2467,FBDT,Aerospace & Defense,Industrials
2468,FATN,Software - Infrastructure,Technology
2469,FATE,Biotechnology,Healthcare
2470,FAST,Industrial Distribution,Industrials
2471,FANG,Oil & Gas E&P,Energy
2472,FAMI,Packaged Foods,Consumer Defensive
2473,FACT,,
2474,FAC,Electrical Equipment & Parts,Industrials
2475,FABC,Semiconductors,Technology
2476,FA,Specialty Business Services,Industrials
2477,EZRA,Insurance Brokers,Financial Services
2478,EZPW,Credit Services,Financial Services
2479,EZGO,Recreational Vehicles,Consumer Cyclical
2480,EYPT,Biotechnology,Healthcare
2481,EYE,Specialty Retail,Consumer Cyclical
2482,EXYN,Software - Infrastructure,Technology
2483,EXTR,Communication Equipment,Technology
2484,EXPO,Engineering & Construction,Industrials
2485,EXPE,Travel Services,Consumer Cyclical
2486,EXOZ,Biotechnology,Healthcare
2487,EXLS,Information Technology Services,Technology
2488,EXFY,Software - Application,Technology
2489,EXEL,Biotechnology,Healthcare
2490,EXE,Oil & Gas E&P,Energy
2491,EXC,Utilities - Regulated Electric,Utilities
2492,EWTX,Biotechnology,Healthcare
2493,EWBC,Banks - Regional,Financial Services
2494,EWAV,Shell Companies,Financial Services
2495,EVRG,Utilities - Regulated Electric,Utilities
2496,EVOXU,Shell Companies,Financial Services
2497,EVOX,Shell Companies,Financial Services
2498,EVO,Drug Manufacturers - Specialty & Generic,Healthcare
2499,EVLV,Security & Protection Services,Industrials
2500,EVGO,Specialty Retail,Consumer Cyclical
2501,EVGN,Biotechnology,Healthcare
2502,EVER,Internet Content & Information,Communication Services
2503,EVCM,Software - Application,Technology
2504,EVAX,Biotechnology,Healthcare
2505,EURK,Shell Companies,Financial Services
2506,EUDA,Real Estate Services,Real Estate
2507,EU,Uranium,Energy
2508,ETS,Trucking,Industrials
2509,ETOR,Capital Markets,Financial Services
2510,ETON,Drug Manufacturers - Specialty & Generic,Healthcare
2511,ESTA,Medical Devices,Healthcare
2512,ESQ,Banks - Regional,Financial Services
2513,ESOA,Engineering & Construction,Industrials
2514,ESLT,Aerospace & Defense,Industrials
2515,ESLA,Biotechnology,Healthcare
2516,ESEA,Marine Shipping,Industrials
2517,ESCA,Leisure,Consumer Cyclical
2518,ERNA,Biotechnology,Healthcare
2519,ERII,Pollution & Treatment Controls,Industrials
2520,ERIE,Insurance Brokers,Financial Services
2521,ERIC,Communication Equipment,Technology
2522,ERAS,Biotechnology,Healthcare
2523,EQPT,Rental & Leasing Services,Industrials
2524,EQIX,REIT - Specialty,Real Estate
2525,EQ,Biotechnology,Healthcare
2526,EPSN,Oil & Gas E&P,Energy
2527,EPSM,Beverages - Wineries & Distilleries,Consumer Defensive
2528,EPRX,Biotechnology,Healthcare
2529,EPOW,Electrical Equipment & Parts,Industrials
2530,EOSE,Electrical Equipment & Parts,Industrials
2531,EOLS,Drug Manufacturers - Specialty & Generic,Healthcare
2532,ENVX,Electrical Equipment & Parts,Industrials
2533,ENVB,Biotechnology,Healthcare
2534,ENTX,Biotechnology,Healthcare
2535,ENTG,Semiconductor Equipment & Materials,Technology
2536,ENTA,Biotechnology,Healthcare
2537,ENSG,Medical Care Facilities,Healthcare
2538,ENSC,Biotechnology,Healthcare
2539,ENRD,Software - Application,Technology
2540,ENPH,Solar,Technology
2541,ENLV,Biotechnology,Healthcare
2542,ENLT,Utilities - Renewable,Utilities
2543,ENGS,Waste Management,Industrials
2544,ENGN,Biotechnology,Healthcare
2545,EMPD,Auto Manufacturers,Consumer Cyclical
2546,EML,Tools & Accessories,Industrials
2547,EMIS,Shell Companies,Financial Services
2548,EMBC,Medical Instruments & Supplies,Healthcare
2549,EMAT,Other Industrial Metals & Mining,Basic Materials
2550,ELWT,Telecom Services,Communication Services
2551,ELVR,Other Industrial Metals & Mining,Basic Materials
2552,ELVN,Biotechnology,Healthcare
2553,ELVA,Electrical Equipment & Parts,Industrials
2554,ELUT,Medical Devices,Healthcare
2555,ELTX,Biotechnology,Healthcare
2556,ELTK,Electronic Components,Technology
2557,ELPW,Electrical Equipment & Parts,Industrials
2558,ELOX,Biotechnology,Healthcare
2559,ELOG,Integrated Freight & Logistics,Industrials
2560,ELMT,Aerospace & Defense,Industrials
2561,ELE,Other Precious Metals & Mining,Basic Materials
2562,ELDN,Biotechnology,Healthcare
2563,ELBM,Other Industrial Metals & Mining,Basic Materials
2564,ELAB,Biotechnology,Healthcare
2565,EJH,Personal Services,Consumer Cyclical
2566,EIKN,Biotechnology,Healthcare
2567,EHTH,Insurance Brokers,Financial Services
2568,EHLD,Marine Shipping,Industrials
2569,EHGO,Business Equipment & Supplies,Industrials
2570,EH,Aerospace & Defense,Industrials
2571,EGHT,Software - Application,Technology
2572,EGHA,Shell Companies,Financial Services
2573,EGBN,Banks - Regional,Financial Services
2574,EGAN,Software - Application,Technology
2575,EFSI,Banks - Regional,Financial Services
2576,EFSCP,Banks - Regional,Financial Services
2577,EFSC,Banks - Regional,Financial Services
2578,EFOI,"Furnishings, Fixtures & Appliances",Consumer Cyclical
2579,EEIQ,Education & Training Services,Consumer Defensive
2580,EEFT,Software - Infrastructure,Technology
2581,EDUC,Publishing,Communication Services
2582,EDTK,Education & Training Services,Consumer Defensive
2583,EDSA,Biotechnology,Healthcare
2584,EDRY,Marine Shipping,Industrials
2585,EDIT,Biotechnology,Healthcare
2586,EDHL,Advertising Agencies,Communication Services
2587,EDBL,Farm Products,Consumer Defensive
2588,ECX,Auto Parts,Consumer Cyclical
2589,ECPG,Credit Services,Financial Services
2590,ECOR,Medical Devices,Healthcare
2591,ECHO,Telecom Services,Communication Services
2592,ECBK,Banks - Regional,Financial Services
2593,EBON,Computer Hardware,Technology
2594,EBMT,Banks - Regional,Financial Services
2595,EBC,Banks - Regional,Financial Services
2596,EBAY,Internet Retail,Consumer Cyclical
2597,DYOR,Shell Companies,Financial Services
2598,DYNCU,Shell Companies,Financial Services
2599,DYNC,Shell Companies,Financial Services
2600,DYN,Biotechnology,Healthcare
2601,DYAI,Biotechnology,Healthcare
2602,DXST,Waste Management,Industrials
2603,DXR,Medical Instruments & Supplies,Healthcare
2604,DXPE,Industrial Distribution,Industrials
2605,DXLG,Apparel Retail,Consumer Cyclical
2606,DXCM,Medical Devices,Healthcare
2607,DWTX,Biotechnology,Healthcare
2608,DWSN,Oil & Gas Equipment & Services,Energy
2609,DVLT,Software - Infrastructure,Technology
2610,DUOT,Software - Application,Technology
2611,DUOL,Software - Application,Technology
2612,DUO,Real Estate Services,Real Estate
2613,DUKR,Aerospace & Defense,Industrials
2614,DTST,Information Technology Services,Technology
2615,DTSS,Software - Infrastructure,Technology
2616,DTSQ,Shell Companies,Financial Services
2617,DTIL,Biotechnology,Healthcare
2618,DTI,Oil & Gas Equipment & Services,Energy
2619,DTCX,Financial Data & Stock Exchanges,Financial Services
2620,DSY,Household & Personal Products,Consumer Defensive
2621,DSWL,Electronic Components,Technology
2622,DSP,Software - Application,Technology
2623,DSGX,Software - Application,Technology
2624,DSGR,Industrial Distribution,Industrials
2625,DSGN,Biotechnology,Healthcare
2626,DSC,Auto & Truck Dealerships,Consumer Cyclical
2627,DSAC,Shell Companies,Financial Services
2628,DRVN,Auto & Truck Dealerships,Consumer Cyclical
2629,DRUG,Biotechnology,Healthcare
2630,DRTS,Biotechnology,Healthcare
2631,DRS,Aerospace & Defense,Industrials
2632,DRMA,Biotechnology,Healthcare
2633,DRIO,Health Information Services,Healthcare
2634,DRH,REIT - Hotel & Motel,Real Estate
2635,DRDB,Shell Companies,Financial Services
2636,DRCT,Advertising Agencies,Communication Services
2637,DPZ,Restaurants,Consumer Cyclical
2638,DPU,,
2639,DPRO,Computer Hardware,Technology
2640,DOYU,Internet Content & Information,Communication Services
2641,DOX,Software - Infrastructure,Technology
2642,DORM,Auto Parts,Consumer Cyclical
2643,DOO,Recreational Vehicles,Consumer Cyclical
2644,DOMO,Software - Application,Technology
2645,DOMH,Capital Markets,Financial Services
2646,DOGZ,Leisure,Consumer Cyclical
2647,DOCU,Software - Application,Technology
2648,DNUT,Grocery Stores,Consumer Defensive
2649,DNTH,Biotechnology,Healthcare
2650,DNMXU,Shell Companies,Financial Services
2651,DNMX,Shell Companies,Financial Services
2652,DNLI,Biotechnology,Healthcare
2653,DMRC,Software - Application,Technology
2654,DMRA,Biotechnology,Healthcare
2655,DMLP,Oil & Gas E&P,Energy
2656,DMIIU,Shell Companies,Financial Services
2657,DMII,Shell Companies,Financial Services
2658,DMAC,Biotechnology,Healthcare
2659,DMAA,Shell Companies,Financial Services
2660,DLXY,Oil & Gas Refining & Marketing,Energy
2661,DLTR,Discount Stores,Consumer Defensive
2662,DLTH,Apparel Retail,Consumer Cyclical
2663,DLPN,Advertising Agencies,Communication Services
2664,DLO,Software - Infrastructure,Technology
2665,DLHC,Specialty Business Services,Industrials
2666,DKNG,Gambling,Consumer Cyclical
2667,DKI,Electronic Gaming & Multimedia,Communication Services
2668,DJT,Internet Content & Information,Communication Services
2669,DJCO,Software - Application,Technology
2670,DIOD,Semiconductors,Technology
2671,DIBS,Internet Content & Information,Communication Services
2672,DHC,REIT - Healthcare Facilities,Real Estate
2673,DH,Health Information Services,Healthcare
2674,DGXX,Utilities - Independent Power Producers,Utilities
2675,DGNX,Consulting Services,Industrials
2676,DGII,Communication Equipment,Technology
2677,DGICB,Insurance - Property & Casualty,Financial Services
2678,DGICA,Insurance - Property & Casualty,Financial Services
2679,DFTX,Biotechnology,Healthcare
2680,DFSC,Aerospace & Defense,Industrials
2681,DFNS,Aerospace & Defense,Industrials
2682,DFLI,Electrical Equipment & Parts,Industrials
2683,DFDV,Asset Management,Financial Services
2684,DETX,Security & Protection Services,Industrials
2685,DERM,Drug Manufacturers - Specialty & Generic,Healthcare
2686,DEFT,Capital Markets,Financial Services
2687,DDOG,Software - Application,Technology
2688,DDI,Electronic Gaming & Multimedia,Communication Services
2689,DCX,Auto Manufacturers,Consumer Cyclical
2690,DCTH,Medical Devices,Healthcare
2691,DCOY,Biotechnology,Healthcare
2692,DCGO,Medical Care Facilities,Healthcare
2693,DCBO,Software - Application,Technology
2694,DBX,Software - Infrastructure,Technology
2695,DBVT,Biotechnology,Healthcare
2696,DBGI,Apparel Retail,Consumer Cyclical
2697,DBCA,Shell Companies,Financial Services
2698,DAVE,Software - Application,Technology
2699,DASH,Internet Retail,Consumer Cyclical
2700,DARE,Biotechnology,Healthcare
2701,DAKT,Electronic Components,Technology
2702,DAIO,Electronic Components,Technology
2703,DAIC,Information Technology Services,Technology
2704,DAAQU,Shell Companies,Financial Services
2705,DAAQ,Shell Companies,Financial Services
2706,CZWI,Banks - Regional,Financial Services
2707,CZR,Resorts & Casinos,Consumer Cyclical
2708,CZNC,Banks - Regional,Financial Services
2709,CZFS,Banks - Regional,Financial Services
2710,CYTK,Biotechnology,Healthcare
2711,CYRX,Integrated Freight & Logistics,Industrials
2712,CYPH,Asset Management,Financial Services
2713,CYN,Software - Application,Technology
2714,CYCU,Information Technology Services,Technology
2715,CYCN,Biotechnology,Healthcare
2716,CYAB,Software - Infrastructure,Technology
2717,CXII,Shell Companies,Financial Services
2718,CXDO,Telecom Services,Communication Services
2719,CXAI,Software - Application,Technology
2720,CWST,Waste Management,Industrials
2721,CWD,Asset Management,Financial Services
2722,CWCO,Utilities - Regulated Water,Utilities
2723,CWBC,Banks - Regional,Financial Services
2724,CVV,Specialty Industrial Machinery,Industrials
2725,CVRX,Medical Devices,Healthcare
2726,CVLT,Software - Application,Technology
2727,CVKD,Biotechnology,Healthcare
2728,CVGI,Auto Parts,Consumer Cyclical
2729,CVCO,Residential Construction,Consumer Cyclical
2730,CVBF,Banks - Regional,Financial Services
2731,CV,Medical Devices,Healthcare
2732,CUVL,Biotechnology,Healthcare
2733,CURX,Biotechnology,Healthcare
2734,CURR,Software - Application,Technology
2735,CURI,Broadcasting,Communication Services
2736,CUPR,Medical Instruments & Supplies,Healthcare
2737,CULP,Textile Manufacturing,Consumer Cyclical
2738,CUE,Biotechnology,Healthcare
2739,CUB,Shell Companies,Financial Services
2740,CTXR,Biotechnology,Healthcare
2741,CTW,Electronic Gaming & Multimedia,Communication Services
2742,CTSO,Medical Devices,Healthcare
2743,CTSH,Information Technology Services,Technology
2744,CTRN,Apparel Retail,Consumer Cyclical
2745,CTRM,Marine Shipping,Industrials
2746,CTOR,Drug Manufacturers - Specialty & Generic,Healthcare
2747,CTNT,Integrated Freight & Logistics,Industrials
2748,CTNM,Biotechnology,Healthcare
2749,CTMX,Biotechnology,Healthcare
2750,CTKB,Medical Devices,Healthcare
2751,CTBI,Banks - Regional,Financial Services
2752,CTAS,Specialty Business Services,Industrials
2753,CTAA,Shell Companies,Financial Services
2754,CSX,Railroads,Industrials
2755,CSWC,Asset Management,Financial Services
2756,CSTL,Diagnostics & Research,Healthcare
2757,CSTE,Building Products & Equipment,Industrials
2758,CSPI,Information Technology Services,Technology
2759,CSIQ,Solar,Technology
2760,CSHR,Capital Markets,Financial Services
2761,CSGP,Real Estate Services,Real Estate
2762,CSCO,Communication Equipment,Technology
2763,CSBR,Biotechnology,Healthcare
2764,CSAI,Software - Infrastructure,Technology
2765,CRWV,Software - Infrastructure,Technology
2766,CRWS,"Furnishings, Fixtures & Appliances",Consumer Cyclical
2767,CRWD,Software - Infrastructure,Technology
2768,CRVS,Biotechnology,Healthcare
2769,CRVO,Biotechnology,Healthcare
2770,CRVL,Insurance Brokers,Financial Services
2771,CRUS,Semiconductors,Technology
2772,CRTO,Advertising Agencies,Communication Services
2773,CRSR,Computer Hardware,Technology
2774,CRSP,Biotechnology,Healthcare
2775,CROX,Footwear & Accessories,Consumer Cyclical
2776,CRON,Drug Manufacturers - Specialty & Generic,Healthcare
2777,CRNX,Biotechnology,Healthcare
2778,CRNT,Communication Equipment,Technology
2779,CRNC,Software - Application,Technology
2780,CRMT,Auto & Truck Dealerships,Consumer Cyclical
2781,CRML,Other Industrial Metals & Mining,Basic Materials
2782,CRMD,Biotechnology,Healthcare
2783,CRIS,Biotechnology,Healthcare
2784,CRGO,Integrated Freight & Logistics,Industrials
2785,CREX,Software - Application,Technology
2786,CRESY,Conglomerates,Industrials
2787,CRE,Specialty Business Services,Industrials
2788,CRDO,Semiconductors,Technology
2789,CRDL,Drug Manufacturers - Specialty & Generic,Healthcare
2790,CRDF,Biotechnology,Healthcare
2791,CRCT,Computer Hardware,Technology
2792,CRBU,Biotechnology,Healthcare
2793,CRBP,Biotechnology,Healthcare
2794,CRAQ,Shell Companies,Financial Services
2795,CRAN,Shell Companies,Financial Services
2796,CRAI,Consulting Services,Industrials
2797,CRAC,Shell Companies,Financial Services
2798,CPSS,Credit Services,Financial Services
2799,CPSH,Electronic Components,Technology
2800,CPRT,Specialty Business Services,Industrials
2801,CPOP,Entertainment,Communication Services
2802,CPIX,Drug Manufacturers - Specialty & Generic,Healthcare
2803,CPHC,Resorts & Casinos,Consumer Cyclical
2804,CPBI,Banks - Regional,Financial Services
2805,CPB,Packaged Foods,Consumer Defensive
2806,COYA,Biotechnology,Healthcare
2807,COST,Discount Stores,Consumer Defensive
2808,COSM,Medical Distribution,Healthcare
2809,CORZ,Software - Infrastructure,Technology
2810,CORT,Biotechnology,Healthcare
2811,COOT,Packaged Foods,Consumer Defensive
2812,COO,Medical Instruments & Supplies,Healthcare
2813,COLM,Apparel Manufacturing,Consumer Cyclical
2814,COLL,Drug Manufacturers - Specialty & Generic,Healthcare
2815,COLB,Banks - Regional,Financial Services
2816,COLA,Shell Companies,Financial Services
2817,COKE,Beverages - Non-Alcoholic,Consumer Defensive
2818,COIN,Financial Data & Stock Exchanges,Financial Services
2819,COHU,Semiconductor Equipment & Materials,Technology
2820,COGT,Biotechnology,Healthcare
2821,COFS,Banks - Regional,Financial Services
2822,CODX,Medical Devices,Healthcare
2823,CODA,Aerospace & Defense,Industrials
2824,COCP,Biotechnology,Healthcare
2825,COCO,Beverages - Non-Alcoholic,Consumer Defensive
2826,COCH,Medical Devices,Healthcare
2827,COAG,Biotechnology,Healthcare
2828,CNXU,Biotechnology,Healthcare
2829,CNXN,Electronics & Computer Distribution,Technology
2830,CNXC,Information Technology Services,Technology
2831,CNVS,Entertainment,Communication Services
2832,CNTY,Resorts & Casinos,Consumer Cyclical
2833,CNTX,Biotechnology,Healthcare
2834,CNTN,Biotechnology,Healthcare
2835,CNTB,Biotechnology,Healthcare
2836,CNSY,Biotechnology,Healthcare
2837,CNSP,Biotechnology,Healthcare
2838,CNOBP,Banks - Regional,Financial Services
2839,CNOB,Banks - Regional,Financial Services
2840,CNL,Gold,Basic Materials
2841,CNEY,Specialty Chemicals,Basic Materials
2842,CNET,Advertising Agencies,Communication Services
2843,CNDT,Information Technology Services,Technology
2844,CNCK,Capital Markets,Financial Services
2845,CMTV,Banks - Regional,Financial Services
2846,CMTL,Communication Equipment,Technology
2847,CMRC,Software - Application,Technology
2848,CMPX,Biotechnology,Healthcare
2849,CMPS,Medical Care Facilities,Healthcare
2850,CMPR,Specialty Business Services,Industrials
2851,CMND,Biotechnology,Healthcare
2852,CMMB,Biotechnology,Healthcare
2853,CMII,Shell Companies,Financial Services
2854,CME,Financial Data & Stock Exchanges,Financial Services
2855,CMCT,REIT - Office,Real Estate
2856,CMCSA,Telecom Services,Communication Services
2857,CMCO,Farm & Heavy Construction Machinery,Industrials
2858,CLYM,Biotechnology,Healthcare
2859,CLWT,Pollution & Treatment Controls,Industrials
2860,CLST,Banks - Regional,Financial Services
2861,CLSK,Capital Markets,Financial Services
2862,CLRO,Communication Equipment,Technology
2863,CLRB,Biotechnology,Healthcare
2864,CLPT,Medical Devices,Healthcare
2865,CLPS,Information Technology Services,Technology
2866,CLOV,Healthcare Plans,Healthcare
2867,CLNN,Packaged Foods,Consumer Defensive
2868,CLNE,Oil & Gas Refining & Marketing,Energy
2869,CLMT,Specialty Chemicals,Basic Materials
2870,CLMB,Electronics & Computer Distribution,Technology
2871,CLLS,Biotechnology,Healthcare
2872,CLIR,Pollution & Treatment Controls,Industrials
2873,CLIK,Personal Services,Consumer Cyclical
2874,CLGN,Biotechnology,Healthcare
2875,CLFD,Communication Equipment,Technology
2876,CLDX,Biotechnology,Healthcare
2877,CLBT,Software - Infrastructure,Technology
2878,CLBK,Banks - Regional,Financial Services
2879,CLAR,Leisure,Consumer Cyclical
2880,CJMB,Integrated Freight & Logistics,Industrials
2881,CIVB,Banks - Regional,Financial Services
2882,CISS,Marine Shipping,Industrials
2883,CISO,Software - Infrastructure,Technology
2884,CIRC,Staffing & Employment Services,Industrials
2885,CING,Biotechnology,Healthcare
2886,CINF,Insurance - Property & Casualty,Financial Services
2887,CIIT,Integrated Freight & Logistics,Industrials
2888,CIGL,Security & Protection Services,Industrials
2889,CIGI,Real Estate Services,Real Estate
2890,CIFR,Information Technology Services,Technology
2891,CHYM,Software - Application,Technology
2892,CHTRP,,
2893,CHTR,Telecom Services,Communication Services
2894,CHSN,Restaurants,Consumer Cyclical
2895,CHSCP,Farm Products,Consumer Defensive
2896,CHSCO,Farm Products,Consumer Defensive
2897,CHSCN,Farm Products,Consumer Defensive
2898,CHSCM,Farm Products,Consumer Defensive
2899,CHSCL,Farm Products,Consumer Defensive
2900,CHRW,Integrated Freight & Logistics,Industrials
2901,CHRS,Biotechnology,Healthcare
2902,CHRN,Information Technology Services,Technology
2903,CHRD,Oil & Gas E&P,Energy
2904,CHR,Advertising Agencies,Communication Services
2905,CHPG,Shell Companies,Financial Services
2906,CHNR,Other Industrial Metals & Mining,Basic Materials
2907,CHMG,Banks - Regional,Financial Services
2908,CHKP,Software - Infrastructure,Technology
2909,CHGA,Real Estate Services,Real Estate
2910,CHEF,Food Distribution,Consumer Defensive
2911,CHEC,Shell Companies,Financial Services
2912,CHDN,Gambling,Consumer Cyclical
2913,CHCO,Banks - Regional,Financial Services
2914,CHCI,Real Estate Services,Real Estate
2915,CHAR,Shell Companies,Financial Services
2916,CHAI,Internet Content & Information,Communication Services
2917,CHA,Restaurants,Consumer Cyclical
2918,CGTX,Biotechnology,Healthcare
2919,CGTL,Specialty Retail,Consumer Cyclical
2920,CGON,Biotechnology,Healthcare
2921,CGNX,Scientific & Technical Instruments,Technology
2922,CGNT,Software - Infrastructure,Technology
2923,CGEN,Biotechnology,Healthcare
2924,CGEM,Biotechnology,Healthcare
2925,CGCF,Shell Companies,Financial Services
2926,CGC,Drug Manufacturers - Specialty & Generic,Healthcare
2927,CGBD,Asset Management,Financial Services
2928,CG,Asset Management,Financial Services
2929,CFFN,Banks - Regional,Financial Services
2930,CFFI,Banks - Regional,Financial Services
2931,CFBK,Banks - Regional,Financial Services
2932,CEVA,Semiconductors,Technology
2933,CETY,Specialty Industrial Machinery,Industrials
2934,CETX,Software - Infrastructure,Technology
2935,CERT,Health Information Services,Healthcare
2936,CERS,Medical Devices,Healthcare
2937,CEPV,Shell Companies,Financial Services
2938,CEPS,Shell Companies,Financial Services
2939,CEPO,Shell Companies,Financial Services
2940,CEPL,Specialty Industrial Machinery,Industrials
2941,CEPF,Shell Companies,Financial Services
2942,CENX,Aluminum,Basic Materials
2943,CENTA,Packaged Foods,Consumer Defensive
2944,CENT,Packaged Foods,Consumer Defensive
2945,CENN,Auto Manufacturers,Consumer Cyclical
2946,CELZ,Biotechnology,Healthcare
2947,CELU,Biotechnology,Healthcare
2948,CELH,Beverages - Non-Alcoholic,Consumer Defensive
2949,CELC,Biotechnology,Healthcare
2950,CEG,Utilities - Independent Power Producers,Utilities
2951,CECO,Pollution & Treatment Controls,Industrials
2952,CDZIP,Utilities - Regulated Water,Utilities
2953,CDZI,Utilities - Regulated Water,Utilities
2954,CDXS,Biotechnology,Healthcare
2955,CDW,Information Technology Services,Technology
2956,CDTG,Waste Management,Industrials
2957,CDT,Biotechnology,Healthcare
2958,CDRO,Gambling,Consumer Cyclical
2959,CDNS,Software - Application,Technology
2960,CDNL,Engineering & Construction,Industrials
2961,CDNA,Diagnostics & Research,Healthcare
2962,CDLX,Advertising Agencies,Communication Services
2963,CDIO,Biotechnology,Healthcare
2964,CD,Capital Markets,Financial Services
2965,CCXIU,Shell Companies,Financial Services
2966,CCXI,Shell Companies,Financial Services
2967,CCTG,Electrical Equipment & Parts,Industrials
2968,CCSI,Software - Infrastructure,Technology
2969,CCOI,Telecom Services,Communication Services
2970,CCNEP,Banks - Regional,Financial Services
2971,CCNE,Banks - Regional,Financial Services
2972,CCLD,Health Information Services,Healthcare
2973,CCIIU,Shell Companies,Financial Services
2974,CCII,Shell Companies,Financial Services
2975,CCHH,Restaurants,Consumer Cyclical
2976,CCG,Internet Content & Information,Communication Services
2977,CCEP,Beverages - Non-Alcoholic,Consumer Defensive
2978,CCEC,Marine Shipping,Industrials
2979,CCCTU,Shell Companies,Financial Services
2980,CCCT,Shell Companies,Financial Services
2981,CCCC,Biotechnology,Healthcare
2982,CCC,Software - Application,Technology
2983,CCBG,Banks - Regional,Financial Services
2984,CCB,Banks - Regional,Financial Services
2985,CCAQ,Shell Companies,Financial Services
2986,CCAP,Asset Management,Financial Services
2987,CBUS,Biotechnology,Healthcare
2988,CBSH,Banks - Regional,Financial Services
2989,CBRS,Semiconductors,Technology
2990,CBRL,Restaurants,Consumer Cyclical
2991,CBNK,Banks - Regional,Financial Services
2992,CBLL,Medical Devices,Healthcare
2993,CBK,Banks - Regional,Financial Services
2994,CBIO,Biotechnology,Healthcare
2995,CBFV,Banks - Regional,Financial Services
2996,CBC,Banks - Regional,Financial Services
2997,CBAT,Electrical Equipment & Parts,Industrials
2998,CATY,Banks - Regional,Financial Services
2999,CATLU,Shell Companies,Financial Services
3000,CASY,Specialty Retail,Consumer Cyclical
3001,CAST,Broadcasting,Communication Services
3002,CASS,Specialty Business Services,Industrials
3003,CASH,Banks - Regional,Financial Services
3004,CART,Internet Retail,Consumer Cyclical
3005,CARL,Health Information Services,Healthcare
3006,CARG,Auto & Truck Dealerships,Consumer Cyclical
3007,CARE,Banks - Regional,Financial Services
3008,CAR,Rental & Leasing Services,Industrials
3009,CAQ,Shell Companies,Financial Services
3010,CAPS,Building Materials,Basic Materials
3011,CAPR,Biotechnology,Healthcare
3012,CAPN,Shell Companies,Financial Services
3013,CAN,Computer Hardware,Technology
3014,CAMT,Semiconductor Equipment & Materials,Technology
3015,CAMP,Biotechnology,Healthcare
3016,CALM,Farm Products,Consumer Defensive
3017,CALC,Biotechnology,Healthcare
3018,CAKE,Restaurants,Consumer Cyclical
3019,CAIIU,Shell Companies,Financial Services
3020,CAII,Shell Companies,Financial Services
3021,CAI,Biotechnology,Healthcare
3022,CAES,Shell Companies,Financial Services
3023,CAE,Aerospace & Defense,Industrials
3024,CADL,Biotechnology,Healthcare
3025,CACC,Credit Services,Financial Services
3026,CAC,Banks - Regional,Financial Services
3027,CABR,Drug Manufacturers - Specialty & Generic,Healthcare
3028,CABA,Biotechnology,Healthcare
3029,CAAS,Auto Parts,Consumer Cyclical
3030,BZUN,Internet Retail,Consumer Cyclical
3031,BZFD,Internet Content & Information,Communication Services
3032,BZAI,Software - Application,Technology
3033,BZ,Internet Content & Information,Communication Services
3034,BYSI,Biotechnology,Healthcare
3035,BYRN,Aerospace & Defense,Industrials
3036,BYND,Packaged Foods,Consumer Defensive
3037,BYFC,Banks - Regional,Financial Services
3038,BYAH,Household & Personal Products,Consumer Defensive
3039,BXBL,Residential Construction,Consumer Cyclical
3040,BWMN,Engineering & Construction,Industrials
3041,BWIN,Insurance Brokers,Financial Services
3042,BWFG,Banks - Regional,Financial Services
3043,BWEN,Specialty Industrial Machinery,Industrials
3044,BWBBP,Banks - Regional,Financial Services
3045,BWB,Banks - Regional,Financial Services
3046,BWAY,Medical Devices,Healthcare
3047,BVS,Medical Devices,Healthcare
3048,BVFL,Banks - Regional,Financial Services
3049,BVC,Software - Application,Technology
3050,BUUU,Specialty Business Services,Industrials
3051,BUSEP,Banks - Regional,Financial Services
3052,BUSE,Banks - Regional,Financial Services
3053,BULL,Software - Application,Technology
3054,BTTC,,
3055,BTSGU,Health Information Services,Healthcare
3056,BTSG,Health Information Services,Healthcare
3057,BTQ,Software - Infrastructure,Technology
3058,BTOG,Financial Data & Stock Exchanges,Financial Services
3059,BTOC,Integrated Freight & Logistics,Industrials
3060,BTMD,Medical Care Facilities,Healthcare
3061,BTLN,Software - Infrastructure,Technology
3062,BTDR,Software - Application,Technology
3063,BTCT,Computer Hardware,Technology
3064,BTCS,Capital Markets,Financial Services
3065,BTBT,Capital Markets,Financial Services
3066,BTBD,Restaurants,Consumer Cyclical
3067,BTAI,Drug Manufacturers - Specialty & Generic,Healthcare
3068,BSY,Software - Application,Technology
3069,BSVN,Banks - Regional,Financial Services
3070,BSRR,Banks - Regional,Financial Services
3071,BSP,Software - Application,Technology
3072,BSIN,Oil & Gas E&P,Energy
3073,BSET,"Furnishings, Fixtures & Appliances",Consumer Cyclical
3074,BSEM,Biotechnology,Healthcare
3075,BSBK,Banks - Regional,Financial Services
3076,BSAAU,Shell Companies,Financial Services
3077,BSAA,Shell Companies,Financial Services
3078,BRZE,Software - Application,Technology
3079,BRVE,Biotechnology,Healthcare
3080,BRUN,Software - Infrastructure,Technology
3081,BRTX,Biotechnology,Healthcare
3082,BRTMU,Shell Companies,Financial Services
3083,BRR,Capital Markets,Financial Services
3084,BRNX,Utilities - Renewable,Utilities
3085,BRNS,Biotechnology,Healthcare
3086,BRLT,Luxury Goods,Consumer Cyclical
3087,BRLS,Packaged Foods,Consumer Defensive
3088,BRKRP,Medical Devices,Healthcare
3089,BRKR,Medical Devices,Healthcare
3090,BRKH,Shell Companies,Financial Services
3091,BRID,Packaged Foods,Consumer Defensive
3092,BRFH,Beverages - Non-Alcoholic,Consumer Defensive
3093,BREZ,,
3094,BRCB,Restaurants,Consumer Cyclical
3095,BRBI,Capital Markets,Financial Services
3096,BRAI,Computer Hardware,Technology
3097,BRAG,Gambling,Consumer Cyclical
3098,BPYPP,Real Estate Services,Real Estate
3099,BPYPO,Real Estate Services,Real Estate
3100,BPYPN,Real Estate Services,Real Estate
3101,BPYPM,,
3102,BPRN,Banks - Regional,Financial Services
3103,BPOPM,,
3104,BPOP,Banks - Regional,Financial Services
3105,BPAC,,
3106,BOXL,Consumer Electronics,Technology
3107,BOTJ,Banks - Regional,Financial Services
3108,BOT,Asset Management,Financial Services
3109,BOSC,Communication Equipment,Technology
3110,BOOM,Conglomerates,Industrials
3111,BON,Specialty Chemicals,Basic Materials
3112,BOLT,Biotechnology,Healthcare
3113,BOLD,Biotechnology,Healthcare
3114,BOKF,Banks - Regional,Financial Services
3115,BOF,Packaged Foods,Consumer Defensive
3116,BODI,Internet Content & Information,Communication Services
3117,BNTX,Biotechnology,Healthcare
3118,BNTC,Biotechnology,Healthcare
3119,BNR,Diagnostics & Research,Healthcare
3120,BNKK,Beverages - Non-Alcoholic,Consumer Defensive
3121,BNGO,Medical Instruments & Supplies,Healthcare
3122,BNC,Farm & Heavy Construction Machinery,Industrials
3123,BNAI,Software - Infrastructure,Technology
3124,BMRN,Biotechnology,Healthcare
3125,BMRC,Banks - Regional,Financial Services
3126,BMRA,Medical Devices,Healthcare
3127,BMR,Software - Application,Technology
3128,BMM,Other Industrial Metals & Mining,Basic Materials
3129,BMHL,Capital Markets,Financial Services
3130,BMGL,Medical Care Facilities,Healthcare
3131,BMEA,Biotechnology,Healthcare
3132,BMBL,Internet Content & Information,Communication Services
3133,BLZRU,Shell Companies,Financial Services
3134,BLZR,Shell Companies,Financial Services
3135,BLZE,Software - Infrastructure,Technology
3136,BLUW,Shell Companies,Financial Services
3137,BLTE,Biotechnology,Healthcare
3138,BLSM,Biotechnology,Healthcare
3139,BLRX,Biotechnology,Healthcare
3140,BLRK,Shell Companies,Financial Services
3141,BLNK,Engineering & Construction,Industrials
3142,BLNE,Mortgage Finance,Financial Services
3143,BLMN,Restaurants,Consumer Cyclical
3144,BLLN,Diagnostics & Research,Healthcare
3145,BLKB,Software - Application,Technology
3146,BLIV,Software - Application,Technology
3147,BLIN,Software - Infrastructure,Technology
3148,BLFS,Medical Instruments & Supplies,Healthcare
3149,BLDP,Electrical Equipment & Parts,Industrials
3150,BLBD,Farm & Heavy Construction Machinery,Industrials
3151,BL,Software - Application,Technology
3152,BKYI,Security & Protection Services,Industrials
3153,BKR,Oil & Gas Equipment & Services,Energy
3154,BKNG,Travel Services,Consumer Cyclical
3155,BKHAU,Shell Companies,Financial Services
3156,BKHA,Shell Companies,Financial Services
3157,BJRI,Restaurants,Consumer Cyclical
3158,BJDX,Medical Devices,Healthcare
3159,BIYA,Software - Application,Technology
3160,BIXI,Shell Companies,Financial Services
3161,BIVI,Biotechnology,Healthcare
3162,BIRD,Software - Infrastructure,Technology
3163,BIOX,Agricultural Inputs,Basic Materials
3164,BIOT,Household & Personal Products,Consumer Defensive
3165,BIOA,Drug Manufacturers - Specialty & Generic,Healthcare
3166,BILI,Internet Content & Information,Communication Services
3167,BIIB,Drug Manufacturers - General,Healthcare
3168,BIDU,Internet Content & Information,Communication Services
3169,BID,Shell Companies,Financial Services
3170,BIAF,Diagnostics & Research,Healthcare
3171,BHST,Packaged Foods,Consumer Defensive
3172,BHRB,Banks - Regional,Financial Services
3173,BHFAP,Insurance - Life,Financial Services
3174,BHFAO,Insurance - Life,Financial Services
3175,BHFAN,Insurance - Life,Financial Services
3176,BHFAM,Insurance - Life,Financial Services
3177,BHF,Insurance - Life,Financial Services
3178,BHAVU,Shell Companies,Financial Services
3179,BHAV,Shell Companies,Financial Services
3180,BGMS,Building Products & Equipment,Industrials
3181,BGM,Drug Manufacturers - Specialty & Generic,Healthcare
3182,BGLC,Specialty Chemicals,Basic Materials
3183,BGL,Gold,Basic Materials
3184,BGIN,Computer Hardware,Technology
3185,BGDE,Capital Markets,Financial Services
3186,BGC,Capital Markets,Financial Services
3187,BFST,Banks - Regional,Financial Services
3188,BFRI,Drug Manufacturers - Specialty & Generic,Healthcare
3189,BFRG,Health Information Services,Healthcare
3190,BFC,Banks - Regional,Financial Services
3191,BETR,Mortgage Finance,Financial Services
3192,BENF,Asset Management,Financial Services
3193,BELFB,Electronic Components,Technology
3194,BELFA,Electronic Components,Technology
3195,BEEP,Infrastructure Operations,Industrials
3196,BEEM,Solar,Technology
3197,BEAT,Health Information Services,Healthcare
3198,BEAM,Biotechnology,Healthcare
3199,BEAG,Shell Companies,Financial Services
3200,BDTX,Biotechnology,Healthcare
3201,BDSX,Diagnostics & Research,Healthcare
3202,BDRX,Biotechnology,Healthcare
3203,BDMD,Medical Devices,Healthcare
3204,BDCI,Shell Companies,Financial Services
3205,BCYC,Biotechnology,Healthcare
3206,BCTX,Biotechnology,Healthcare
3207,BCRX,Drug Manufacturers - Specialty & Generic,Healthcare
3208,BCPC,Specialty Chemicals,Basic Materials
3209,BCML,Banks - Regional,Financial Services
3210,BCIC,Asset Management,Financial Services
3211,BCG,Asset Management,Financial Services
3212,BCDA,Biotechnology,Healthcare
3213,BCCQU,Shell Companies,Financial Services
3214,BCCQ,Shell Companies,Financial Services
3215,BCBP,Banks - Regional,Financial Services
3216,BCAX,Biotechnology,Healthcare
3217,BCARU,Shell Companies,Financial Services
3218,BCAR,Shell Companies,Financial Services
3219,BCAL,Banks - Regional,Financial Services
3220,BCAB,Biotechnology,Healthcare
3221,BBSI,Staffing & Employment Services,Industrials
3222,BBOT,Biotechnology,Healthcare
3223,BBNX,Medical Devices,Healthcare
3224,BBLG,Biotechnology,Healthcare
3225,BBIO,Biotechnology,Healthcare
3226,BBGI,Broadcasting,Communication Services
3227,BBCQU,Shell Companies,Financial Services
3228,BBCQ,Shell Companies,Financial Services
3229,BBCP,Engineering & Construction,Industrials
3230,BATRK,Entertainment,Communication Services
3231,BATRA,Entertainment,Communication Services
3232,BAOS,Advertising Agencies,Communication Services
3233,BANX,Asset Management,Financial Services
3234,BANR,Banks - Regional,Financial Services
3235,BANL,Oil & Gas Midstream,Energy
3236,BANFP,,
3237,BANF,Banks - Regional,Financial Services
3238,BAND,Software - Infrastructure,Technology
3239,BAFN,Banks - Regional,Financial Services
3240,BAER,Security & Protection Services,Industrials
3241,BACC,Shell Companies,Financial Services
3242,AZTA,Medical Instruments & Supplies,Healthcare
3243,AZIO,Software - Infrastructure,Technology
3244,AZI,Auto & Truck Dealerships,Consumer Cyclical
3245,AZ,Software - Application,Technology
3246,AYTU,Drug Manufacturers - Specialty & Generic,Healthcare
3247,AYA,Silver,Basic Materials
3248,AXTI,Semiconductor Equipment & Materials,Technology
3249,AXSM,Biotechnology,Healthcare
3250,AXON,Aerospace & Defense,Industrials
3251,AXIN,Shell Companies,Financial Services
3252,AXGN,Medical Devices,Healthcare
3253,AXG,Capital Markets,Financial Services
3254,AWRE,Software - Application,Technology
3255,AVXL,Biotechnology,Healthcare
3256,AVX,Software - Infrastructure,Technology
3257,AVTX,Biotechnology,Healthcare
3258,AVT,Electronics & Computer Distribution,Technology
3259,AVR,Medical Devices,Healthcare
3260,AVPT,Software - Infrastructure,Technology
3261,AVO,Food Distribution,Consumer Defensive
3262,AVNW,Communication Equipment,Technology
3263,AVLN,Biotechnology,Healthcare
3264,AVIR,Biotechnology,Healthcare
3265,AVGO,Semiconductors,Technology
3266,AVBP,Biotechnology,Healthcare
3267,AVBH,Banks - Regional,Financial Services
3268,AVAV,Aerospace & Defense,Industrials
3269,AVAT,Asset Management,Financial Services
3270,AVAH,Medical Care Facilities,Healthcare
3271,AUUD,Software - Application,Technology
3272,AUTL,Biotechnology,Healthcare
3273,AURE,Capital Markets,Financial Services
3274,AURA,Biotechnology,Healthcare
3275,AUR,Auto Parts,Consumer Cyclical
3276,AUPH,Biotechnology,Healthcare
3277,AUID,Software - Infrastructure,Technology
3278,AUGO,Gold,Basic Materials
3279,AUDC,Communication Equipment,Technology
3280,AUC,Capital Markets,Financial Services
3281,AUBN,Banks - Regional,Financial Services
3282,ATYR,Biotechnology,Healthcare
3283,ATXG,Integrated Freight & Logistics,Industrials
3284,ATTO,Biotechnology,Healthcare
3285,ATRO,Aerospace & Defense,Industrials
3286,ATRC,Medical Instruments & Supplies,Healthcare
3287,ATRA,Biotechnology,Healthcare
3288,ATPC,Packaged Foods,Consumer Defensive
3289,ATOS,Biotechnology,Healthcare
3290,ATOM,Semiconductor Equipment & Materials,Technology
3291,ATNI,Telecom Services,Communication Services
3292,ATLX,Other Industrial Metals & Mining,Basic Materials
3293,ATLO,Banks - Regional,Financial Services
3294,ATLCP,Credit Services,Financial Services
3295,ATLC,Credit Services,Financial Services
3296,ATIIU,Shell Companies,Financial Services
3297,ATII,Shell Companies,Financial Services
3298,ATHR,Software - Application,Technology
3299,ATHE,Biotechnology,Healthcare
3300,ATGL,Software - Infrastructure,Technology
3301,ATEX,Telecom Services,Communication Services
3302,ATER,"Furnishings, Fixtures & Appliances",Consumer Cyclical
3303,ATEC,Medical Devices,Healthcare
3304,ATCX,,
3305,ATAT,Lodging,Consumer Cyclical
3306,ATAI,Biotechnology,Healthcare
3307,ASYS,Semiconductor Equipment & Materials,Technology
3308,ASUR,Software - Application,Technology
3309,ASTS,Communication Equipment,Technology
3310,ASTL,Steel,Basic Materials
3311,ASTI,Solar,Technology
3312,ASTH,Medical Care Facilities,Healthcare
3313,ASTE,Farm & Heavy Construction Machinery,Industrials
3314,ASTC,Scientific & Technical Instruments,Technology
3315,ASST,Asset Management,Financial Services
3316,ASRV,Banks - Regional,Financial Services
3317,ASPS,Real Estate Services,Real Estate
3318,ASPI,Chemicals,Basic Materials
3319,ASPCU,Shell Companies,Financial Services
3320,ASPC,Shell Companies,Financial Services
3321,ASO,Specialty Retail,Consumer Cyclical
3322,ASND,Biotechnology,Healthcare
3323,ASML,Semiconductor Equipment & Materials,Technology
3324,ASMB,Biotechnology,Healthcare
3325,ASLE,Airports & Air Services,Industrials
3326,ASBP,Biotechnology,Healthcare
3327,ARXS,Aerospace & Defense,Industrials
3328,ARWR,Biotechnology,Healthcare
3329,ARVN,Biotechnology,Healthcare
3330,ARTW,Farm & Heavy Construction Machinery,Industrials
3331,ARTV,Biotechnology,Healthcare
3332,ARTNA,Utilities - Regulated Water,Utilities
3333,ARTL,Biotechnology,Healthcare
3334,ARTCU,Shell Companies,Financial Services
3335,ARTC,,
3336,ARRY,Solar,Technology
3337,ARQT,Biotechnology,Healthcare
3338,ARQQ,Software - Infrastructure,Technology
3339,ARQ,Pollution & Treatment Controls,Industrials
3340,AROW,Banks - Regional,Financial Services
3341,ARM,Semiconductors,Technology
3342,ARLP,Thermal Coal,Energy
3343,ARKR,Restaurants,Consumer Cyclical
3344,ARKO,Specialty Retail,Consumer Cyclical
3345,ARHS,Specialty Retail,Consumer Cyclical
3346,ARGX,Biotechnology,Healthcare
3347,AREC,Waste Management,Industrials
3348,ARDX,Biotechnology,Healthcare
3349,ARCT,Biotechnology,Healthcare
3350,ARCLU,Shell Companies,Financial Services
3351,ARCL,Shell Companies,Financial Services
3352,ARCI,Shell Companies,Financial Services
3353,ARCC,Asset Management,Financial Services
3354,ARCB,Trucking,Industrials
3355,ARBK,Capital Markets,Financial Services
3356,ARBE,Scientific & Technical Instruments,Technology
3357,ARBB,Information Technology Services,Technology
3358,ARAY,Medical Devices,Healthcare
3359,ARAI,Scientific & Technical Instruments,Technology
3360,AQST,Drug Manufacturers - Specialty & Generic,Healthcare
3361,AQMS,Waste Management,Industrials
3362,AQB,Farm Products,Consumer Defensive
3363,APYX,Medical Devices,Healthcare
3364,APXT,Shell Companies,Financial Services
3365,APWC,Electrical Equipment & Parts,Industrials
3366,APVO,Biotechnology,Healthcare
3367,APUR,Shell Companies,Financial Services
3368,APRE,Biotechnology,Healthcare
3369,APPS,Software - Application,Technology
3370,APPN,Software - Infrastructure,Technology
3371,APPF,Software - Application,Technology
3372,APP,Advertising Agencies,Communication Services
3373,APOG,Building Products & Equipment,Industrials
3374,APMD,Biotechnology,Healthcare
3375,APMCU,Shell Companies,Financial Services
3376,APMC,Shell Companies,Financial Services
3377,APLM,Biotechnology,Healthcare
3378,APLD,Information Technology Services,Technology
3379,API,Software - Application,Technology
3380,APGE,Biotechnology,Healthcare
3381,APEI,Education & Training Services,Consumer Defensive
3382,APC,Oil & Gas Refining & Marketing,Energy
3383,APAC,Shell Companies,Financial Services
3384,APA,Oil & Gas E&P,Energy
3385,AOUT,Leisure,Consumer Cyclical
3386,AOSL,Semiconductors,Technology
3387,ANY,Capital Markets,Financial Services
3388,ANTX,Biotechnology,Healthcare
3389,ANTA,Credit Services,Financial Services
3390,ANPA,Specialty Business Services,Industrials
3391,ANNX,Biotechnology,Healthcare
3392,ANNA,Oil & Gas E&P,Energy
3393,ANL,Biotechnology,Healthcare
3394,ANIX,Biotechnology,Healthcare
3395,ANIP,Drug Manufacturers - Specialty & Generic,Healthcare
3396,ANIK,Drug Manufacturers - Specialty & Generic,Healthcare
3397,ANGO,Medical Instruments & Supplies,Healthcare
3398,ANGI,Internet Content & Information,Communication Services
3399,ANGH,Entertainment,Communication Services
3400,ANDE,Food Distribution,Consumer Defensive
3401,ANAB,Biotechnology,Healthcare
3402,AMZN,Internet Retail,Consumer Cyclical
3403,AMTX,Specialty Chemicals,Basic Materials
3404,AMST,Software - Application,Technology
3405,AMSS,Beverages - Wineries & Distilleries,Consumer Defensive
3406,AMSF,Insurance - Specialty,Financial Services
3407,AMSC,Specialty Industrial Machinery,Industrials
3408,AMRX,Drug Manufacturers - Specialty & Generic,Healthcare
3409,AMRN,Drug Manufacturers - General,Healthcare
3410,AMPL,Software - Application,Technology
3411,AMPH,Drug Manufacturers - Specialty & Generic,Healthcare
3412,AMPG,Communication Equipment,Technology
3413,AMOD,Software - Application,Technology
3414,AMLX,Drug Manufacturers - Specialty & Generic,Healthcare
3415,AMKR,Semiconductor Equipment & Materials,Technology
3416,AMIX,Medical Devices,Healthcare
3417,AMGN,Drug Manufacturers - General,Healthcare
3418,AMD,Semiconductors,Technology
3419,AMCX,Entertainment,Communication Services
3420,AMCI,Computer Hardware,Technology
3421,AMBR,Asset Management,Financial Services
3422,AMBA,Semiconductor Equipment & Materials,Technology
3423,AMAT,Semiconductor Equipment & Materials,Technology
3424,AMAN,Shell Companies,Financial Services
3425,AMAL,Banks - Regional,Financial Services
3426,AMACU,Shell Companies,Financial Services
3427,ALZN,Biotechnology,Healthcare
3428,ALXO,Biotechnology,Healthcare
3429,ALVO,Drug Manufacturers - Specialty & Generic,Healthcare
3430,ALTO,Specialty Chemicals,Basic Materials
3431,ALTI,Asset Management,Financial Services
3432,ALT,Biotechnology,Healthcare
3433,ALRS,Banks - Regional,Financial Services
3434,ALRM,Software - Application,Technology
3435,ALPXU,Shell Companies,Financial Services
3436,ALPX,Shell Companies,Financial Services
3437,ALPS,,
3438,ALP,Asset Management,Financial Services
3439,ALOY,Other Industrial Metals & Mining,Basic Materials
3440,ALOV,Shell Companies,Financial Services
3441,ALOT,Computer Hardware,Technology
3442,ALNY,Biotechnology,Healthcare
3443,ALNT,Electronic Components,Technology
3444,ALMU,Semiconductors,Technology
3445,ALMS,Biotechnology,Healthcare
3446,ALMR,Medical Devices,Healthcare
3447,ALM,Other Industrial Metals & Mining,Basic Materials
3448,ALLT,Software - Infrastructure,Technology
3449,ALLR,Biotechnology,Healthcare
3450,ALLO,Biotechnology,Healthcare
3451,ALKT,Software - Application,Technology
3452,ALKS,Drug Manufacturers - Specialty & Generic,Healthcare
3453,ALIS,Shell Companies,Financial Services
3454,ALHC,Healthcare Plans,Healthcare
3455,ALGT,Airlines,Industrials
3456,ALGS,Biotechnology,Healthcare
3457,ALGN,Medical Instruments & Supplies,Healthcare
3458,ALGM,Semiconductors,Technology
3459,ALF,Shell Companies,Financial Services
3460,ALEC,Biotechnology,Healthcare
3461,ALDX,Biotechnology,Healthcare
3462,ALDF,Shell Companies,Financial Services
3463,ALCO,Farm Products,Consumer Defensive
3464,ALAR,Software - Infrastructure,Technology
3465,ALAB,Semiconductors,Technology
3466,AKTX,Biotechnology,Healthcare
3467,AKTS,Biotechnology,Healthcare
3468,AKBA,Drug Manufacturers - Specialty & Generic,Healthcare
3469,AKAN,Drug Manufacturers - Specialty & Generic,Healthcare
3470,AKAM,Software - Infrastructure,Technology
3471,AIXI,Software - Application,Technology
3472,AIXC,Software - Infrastructure,Technology
3473,AISP,Software - Infrastructure,Technology
3474,AIRTP,Conglomerates,Industrials
3475,AIRT,Conglomerates,Industrials
3476,AIRS,Medical Care Facilities,Healthcare
3477,AIRO,Aerospace & Defense,Industrials
3478,AIRJ,Building Products & Equipment,Industrials
3479,AIRG,Communication Equipment,Technology
3480,AIRE,Real Estate Services,Real Estate
3481,AIP,Semiconductors,Technology
3482,AIOT,Software - Infrastructure,Technology
3483,AIOS,Information Technology Services,Technology
3484,AIMD,Scientific & Technical Instruments,Technology
3485,AIIR,Tobacco,Consumer Defensive
3486,AIIO,Auto Manufacturers,Consumer Cyclical
3487,AIHS,Rental & Leasing Services,Industrials
3488,AIFU,Insurance Brokers,Financial Services
3489,AIFF,Software - Application,Technology
3490,AIFC,Software - Infrastructure,Technology
3491,AIFA,Software - Infrastructure,Technology
3492,AIDX,Medical Devices,Healthcare
3493,AIBZ,Software - Infrastructure,Technology
3494,AIAI,Conglomerates,Industrials
3495,AHMA,Travel Services,Consumer Cyclical
3496,AHG,Medical Distribution,Healthcare
3497,AHCO,Medical Devices,Healthcare
3498,AGYS,Software - Application,Technology
3499,AGRZ,Farm Products,Consumer Defensive
3500,AGPU,Software - Infrastructure,Technology
3501,AGNT,Real Estate Services,Real Estate
3502,AGNCZ,REIT - Mortgage,Real Estate
3503,AGNCP,REIT - Mortgage,Real Estate
3504,AGNCO,REIT - Mortgage,Real Estate
3505,AGNCN,REIT - Mortgage,Real Estate
3506,AGNCM,REIT - Mortgage,Real Estate
3507,AGNCL,REIT - Mortgage,Real Estate
3508,AGNC,REIT - Mortgage,Real Estate
3509,AGMH,Computer Hardware,Technology
3510,AGMB,Biotechnology,Healthcare
3511,AGIO,Biotechnology,Healthcare
3512,AGEN,Biotechnology,Healthcare
3513,AGCC,Beverages - Wineries & Distilleries,Consumer Defensive
3514,AFYA,Education & Training Services,Consumer Defensive
3515,AFRM,Credit Services,Financial Services
3516,AFRI,Farm Products,Consumer Defensive
3517,AFJK,Shell Companies,Financial Services
3518,AFCG,Asset Management,Financial Services
3519,AEYE,Software - Application,Technology
3520,AEVA,Software - Infrastructure,Technology
3521,AESPU,Shell Companies,Financial Services
3522,AESP,Shell Companies,Financial Services
3523,AERT,Consulting Services,Industrials
3524,AEP,Utilities - Regulated Electric,Utilities
3525,AENT,Entertainment,Communication Services
3526,AEMD,Medical Devices,Healthcare
3527,AEIS,Electrical Equipment & Parts,Industrials
3528,AEI,Real Estate - Development,Real Estate
3529,AEHR,Semiconductor Equipment & Materials,Technology
3530,AEHL,Building Products & Equipment,Industrials
3531,AEC,Uranium,Energy
3532,AEBI,Farm & Heavy Construction Machinery,Industrials
3533,AEAQU,Shell Companies,Financial Services
3534,AEAQ,Shell Companies,Financial Services
3535,ADXN,Biotechnology,Healthcare
3536,ADVB,Diagnostics & Research,Healthcare
3537,ADV,Advertising Agencies,Communication Services
3538,ADUS,Medical Care Facilities,Healthcare
3539,ADUR,Pollution & Treatment Controls,Industrials
3540,ADTN,Communication Equipment,Technology
3541,ADSK,Software - Application,Technology
3542,ADSE,Electrical Equipment & Parts,Industrials
3543,ADPT,Diagnostics & Research,Healthcare
3544,ADP,Software - Application,Technology
3545,ADMA,Biotechnology,Healthcare
3546,ADIL,Biotechnology,Healthcare
3547,ADI,Semiconductors,Technology
3548,ADGM,Medical Devices,Healthcare
3549,ADEA,Software - Application,Technology
3550,ADBT,Software - Application,Technology
3551,ADBE,Software - Application,Technology
3552,ADAMZ,REIT - Mortgage,Real Estate
3553,ADAMN,REIT - Mortgage,Real Estate
3554,ADAMM,REIT - Mortgage,Real Estate
3555,ADAML,REIT - Mortgage,Real Estate
3556,ADAM,REIT - Mortgage,Real Estate
3557,ADAG,Biotechnology,Healthcare
3558,ADAC,Shell Companies,Financial Services
3559,ACXP,Biotechnology,Healthcare
3560,ACTU,Biotechnology,Healthcare
3561,ACTG,Business Equipment & Supplies,Industrials
3562,ACT,Insurance - Specialty,Financial Services
3563,ACRV,Biotechnology,Healthcare
3564,ACRS,Biotechnology,Healthcare
3565,ACON,Health Information Services,Healthcare
3566,ACOG,Biotechnology,Healthcare
3567,ACNT,Chemicals,Basic Materials
3568,ACNB,Banks - Regional,Financial Services
3569,ACMR,Semiconductor Equipment & Materials,Technology
3570,ACLS,Semiconductor Equipment & Materials,Technology
3571,ACIW,Software - Infrastructure,Technology
3572,ACIU,Biotechnology,Healthcare
3573,ACIC,Insurance - Property & Casualty,Financial Services
3574,ACHV,Biotechnology,Healthcare
3575,ACHC,Medical Care Facilities,Healthcare
3576,ACGLO,Insurance - Diversified,Financial Services
3577,ACGLN,Insurance - Diversified,Financial Services
3578,ACGL,Insurance - Diversified,Financial Services
3579,ACGC,Shell Companies,Financial Services
3580,ACFN,Scientific & Technical Instruments,Technology
3581,ACET,Biotechnology,Healthcare
3582,ACDC,Oil & Gas Equipment & Services,Energy
3583,ACCL,Consulting Services,Industrials
3584,ACB,Drug Manufacturers - Specialty & Generic,Healthcare
3585,ACAD,Biotechnology,Healthcare
3586,ACAA,Shell Companies,Financial Services
3587,ABVX,Biotechnology,Healthcare
3588,ABVC,Biotechnology,Healthcare
3589,ABUS,Biotechnology,Healthcare
3590,ABTS,Capital Markets,Financial Services
3591,ABTC,Capital Markets,Financial Services
3592,ABSI,Biotechnology,Healthcare
3593,ABOS,Biotechnology,Healthcare
3594,ABNB,Travel Services,Consumer Cyclical
3595,ABLV,Specialty Retail,Consumer Cyclical
3596,ABEO,Biotechnology,Healthcare
3597,ABCL,Biotechnology,Healthcare
3598,ABAT,Waste Management,Industrials
3599,AARD,Biotechnology,Healthcare
3600,AAPL,Consumer Electronics,Technology
3601,AAPG,Biotechnology,Healthcare
3602,AAON,Building Products & Equipment,Industrials
3603,AAOI,Communication Equipment,Technology
3604,AAME,Insurance - Life,Financial Services
3605,AAL,Airlines,Industrials
3606,AACPU,Shell Companies,Financial Services
3607,AACP,Shell Companies,Financial Services
3608,AACOU,Shell Companies,Financial Services
3609,AACO,Shell Companies,Financial Services
3610,AACI,Shell Companies,Financial Services
3611,AACG,Education & Training Services,Consumer Defensive
3612,ZWS,Pollution & Treatment Controls,Industrials
3613,ZVIA,Beverages - Non-Alcoholic,Consumer Defensive
3614,ZTS,Drug Manufacturers - Specialty & Generic,Healthcare
3615,ZTO,Integrated Freight & Logistics,Industrials
3616,ZKH,Internet Retail,Consumer Cyclical
3617,ZIP,Internet Content & Information,Communication Services
3618,ZIM,Marine Shipping,Industrials
3619,ZH,Internet Content & Information,Communication Services
3620,ZGN,Apparel Manufacturing,Consumer Cyclical
3621,ZETA,Software - Infrastructure,Technology
3622,ZEPP,Consumer Electronics,Technology
3623,ZBH,Medical Devices,Healthcare
3624,YUMC,Restaurants,Consumer Cyclical
3625,YUM,Restaurants,Consumer Cyclical
3626,YSS,Aerospace & Defense,Industrials
3627,YSG,Household & Personal Products,Consumer Defensive
3628,YRD,Credit Services,Financial Services
3629,YPF,Oil & Gas Integrated,Energy
3630,YOU,Software - Application,Technology
3631,YMM,Software - Application,Technology
3632,YEXT,Software - Infrastructure,Technology
3633,YETI,Leisure,Consumer Cyclical
3634,YELP,Internet Content & Information,Communication Services
3635,YCY,Shell Companies,Financial Services
3636,YALA,Software - Application,Technology
3637,XZO,Insurance - Diversified,Financial Services
3638,XYZ,Software - Infrastructure,Technology
3639,XYL,Specialty Industrial Machinery,Industrials
3640,XYF,Credit Services,Financial Services
3641,XXI,Education & Training Services,Consumer Defensive
3642,XRN_B,,
3643,XRN_A,,
3644,XRN,REIT - Healthcare Facilities,Real Estate
3645,XPRO,Oil & Gas Equipment & Services,Energy
3646,XPOF,Leisure,Consumer Cyclical
3647,XPO,Trucking,Industrials
3648,XPEV,Auto Manufacturers,Consumer Cyclical
3649,XPER,Software - Application,Technology
3650,XOM,Oil & Gas Integrated,Energy
3651,XIFR,Utilities - Renewable,Utilities
3652,XHR,REIT - Hotel & Motel,Real Estate
3653,XFLH,Shell Companies,Financial Services
3654,WY,REIT - Specialty,Real Estate
3655,WWW,Footwear & Accessories,Consumer Cyclical
3656,WU,Credit Services,Financial Services
3657,WTTR,Oil & Gas Equipment & Services,Energy
3658,WTS,Specialty Industrial Machinery,Industrials
3659,WTRG,Utilities - Regulated Water,Utilities
3660,WTM,Insurance - Property & Casualty,Financial Services
3661,WTI,Oil & Gas E&P,Energy
3662,WT,Asset Management,Financial Services
3663,WST,Medical Instruments & Supplies,Healthcare
3664,WSO_B,,
3665,WSO,Industrial Distribution,Industrials
3666,WSM,Specialty Retail,Consumer Cyclical
3667,WS,Steel,Basic Materials
3668,WRBY,Medical Instruments & Supplies,Healthcare
3669,WRB,Insurance - Property & Casualty,Financial Services
3670,WPP,Advertising Agencies,Communication Services
3671,WPM,Gold,Basic Materials
3672,WPC,REIT - Diversified,Real Estate
3673,WPAC,Shell Companies,Financial Services
3674,WOR,Metal Fabrication,Industrials
3675,WOLF,Semiconductors,Technology
3676,WNC,Farm & Heavy Construction Machinery,Industrials
3677,WMS,Building Products & Equipment,Industrials
3678,WMK,Grocery Stores,Consumer Defensive
3679,WMB,Oil & Gas Midstream,Energy
3680,WM,Waste Management,Industrials
3681,WLYB,Publishing,Communication Services
3682,WLY,Publishing,Communication Services
3683,WLKP,Chemicals,Basic Materials
3684,WLK,Specialty Chemicals,Basic Materials
3685,WKC,Oil & Gas Refining & Marketing,Energy
3686,WK,Software - Application,Technology
3687,WIT,Information Technology Services,Technology
3688,WHR_A,,
3689,WHR,"Furnishings, Fixtures & Appliances",Consumer Cyclical
3690,WHK,Oil & Gas Midstream,Energy
3691,WHG,Asset Management,Financial Services
3692,WHD,Oil & Gas Equipment & Services,Energy
3693,WH,Lodging,Consumer Cyclical
3694,WGO,Recreational Vehicles,Consumer Cyclical
3695,WFG,Lumber & Wood Production,Basic Materials
3696,WFC_Z,,
3697,WFC_Y,,
3698,WFC_L,,
3699,WFC_D,,
3700,WFC_C,,
3701,WFC_A,,
3702,WFC,Banks - Diversified,Financial Services
3703,WF,Banks - Regional,Financial Services
3704,WEX,Software - Infrastructure,Technology
3705,WES,Oil & Gas Midstream,Energy
3706,WENC,Shell Companies,Financial Services
3707,WELL,REIT - Healthcare Facilities,Real Estate
3708,WEC,Utilities - Regulated Electric,Utilities
3709,WEAV,Health Information Services,Healthcare
3710,WDS,Oil & Gas E&P,Energy
3711,WDH,Insurance - Diversified,Financial Services
3712,WD,Mortgage Finance,Financial Services
3713,WCN,Waste Management,Industrials
3714,WCC,Industrial Distribution,Industrials
3715,WBX,Electronic Components,Technology
3716,WBI,Oil & Gas Equipment & Services,Energy
3717,WAT,Diagnostics & Research,Healthcare
3718,WAL_A,,
3719,WAL,Banks - Regional,Financial Services
3720,WAB,Railroads,Industrials
3721,W,Internet Retail,Consumer Cyclical
3722,VZ,Telecom Services,Communication Services
3723,VYX,Information Technology Services,Technology
3724,VVX,Aerospace & Defense,Industrials
3725,VVV,Auto & Truck Dealerships,Consumer Cyclical
3726,VTS,Oil & Gas E&P,Energy
3727,VTR,REIT - Healthcare Facilities,Real Estate
3728,VTOL,Oil & Gas Equipment & Services,Energy
3729,VTMX,Real Estate - Diversified,Real Estate
3730,VTEX,Software - Application,Technology
3731,VSXY,Apparel Retail,Consumer Cyclical
3732,VSTS,Rental & Leasing Services,Industrials
3733,VST,Utilities - Independent Power Producers,Utilities
3734,VSH,Semiconductors,Technology
3735,VRTS,Asset Management,Financial Services
3736,VRT,Electrical Equipment & Parts,Industrials
3737,VPG,Scientific & Technical Instruments,Technology
3738,VOYG,Aerospace & Defense,Industrials
3739,VOYA_B,,
3740,VOYA,Financial Conglomerates,Financial Services
3741,VOC,Oil & Gas E&P,Energy
3742,VNT,Scientific & Technical Instruments,Technology
3743,VNO_O,,
3744,VNO_N,,
3745,VNO_M,,
3746,VNO_L,,
3747,VNO,REIT - Office,Real Estate
3748,VMRK,REIT - Residential,Real Estate
3749,VMO,Asset Management,Financial Services
3750,VMI,Conglomerates,Industrials
3751,VMC,Building Materials,Basic Materials
3752,VLTO,Pollution & Treatment Controls,Industrials
3753,VLRS,Airlines,Industrials
3754,VLO,Oil & Gas Refining & Marketing,Energy
3755,VLN,Semiconductors,Technology
3756,VIV,Telecom Services,Communication Services
3757,VIST,Oil & Gas E&P,Energy
3758,VIRT,Capital Markets,Financial Services
3759,VIPS,Internet Retail,Consumer Cyclical
3760,VIK,Travel Services,Consumer Cyclical
3761,VII_U,,
3762,VII,Shell Companies,Financial Services
3763,VICI,REIT - Diversified,Real Estate
3764,VIA,Software - Application,Technology
3765,VHI,Chemicals,Basic Materials
3766,VGNT,Auto Parts,Consumer Cyclical
3767,VG,Oil & Gas Midstream,Energy
3768,VFC,Apparel Manufacturing,Consumer Cyclical
3769,VET,Oil & Gas E&P,Energy
3770,VEL,Mortgage Finance,Financial Services
3771,VEEV,Health Information Services,Healthcare
3772,VECA,Shell Companies,Financial Services
3773,VATE,Engineering & Construction,Industrials
3774,VALE,Other Industrial Metals & Mining,Basic Materials
3775,VAL,Oil & Gas Drilling,Energy
3776,VACI_U,,
3777,VACI,Shell Companies,Financial Services
3778,VAC,Resorts & Casinos,Consumer Cyclical
3779,V,Credit Services,Financial Services
3780,UWMC,Mortgage Finance,Financial Services
3781,UVV,Tobacco,Consumer Defensive
3782,UVE,Insurance - Property & Casualty,Financial Services
3783,UTZ,Packaged Foods,Consumer Defensive
3784,UTL,Utilities - Diversified,Utilities
3785,UTI,Education & Training Services,Consumer Defensive
3786,USPH,Medical Care Facilities,Healthcare
3787,USNA,Packaged Foods,Consumer Defensive
3788,USFD,Food Distribution,Consumer Defensive
3789,USB_S,,
3790,USB_R,,
3791,USB_Q,,
3792,USB_P,,
3793,USB_H,,
3794,USB_A,,
3795,USB,Banks - Regional,Financial Services
3796,USAC,Oil & Gas Equipment & Services,Energy
3797,URI,Rental & Leasing Services,Industrials
3798,UPS,Integrated Freight & Logistics,Industrials
3799,UP,Airports & Air Services,Industrials
3800,UNP,Railroads,Industrials
3801,UNM,Insurance - Life,Financial Services
3802,UNH,Healthcare Plans,Healthcare
3803,UNFI,Food Distribution,Consumer Defensive
3804,UNF,Specialty Business Services,Industrials
3805,UMH_D,,
3806,UMH,REIT - Residential,Real Estate
3807,UMC,Semiconductors,Technology
3808,ULS,Specialty Business Services,Industrials
3809,UL,Household & Personal Products,Consumer Defensive
3810,UIS,Information Technology Services,Technology
3811,UI,Communication Equipment,Technology
3812,UHT,REIT - Healthcare Facilities,Real Estate
3813,UHS,Medical Care Facilities,Healthcare
3814,UHAL_B,,
3815,UHAL,Rental & Leasing Services,Industrials
3816,UGP,Oil & Gas Refining & Marketing,Energy
3817,UGI,Utilities - Regulated Gas,Utilities
3818,UFI,Textile Manufacturing,Consumer Cyclical
3819,UE,REIT - Retail,Real Estate
3820,UDR,REIT - Residential,Real Estate
3821,UCB,Banks - Regional,Financial Services
3822,UBS,Banks - Diversified,Financial Services
3823,UBER,Software - Application,Technology
3824,UAN,Agricultural Inputs,Basic Materials
3825,UAMY,Other Industrial Metals & Mining,Basic Materials
3826,UAA,Apparel Manufacturing,Consumer Cyclical
3827,UA,Apparel Manufacturing,Consumer Cyclical
3828,U,Software - Application,Technology
3829,T_C,,
3830,T_A,,
3831,TY_,,
3832,TYL,Software - Application,Technology
3833,TYG,Asset Management,Financial Services
3834,TXT,Aerospace & Defense,Industrials
3835,TXO,Oil & Gas E&P,Energy
3836,TXNM,Utilities - Regulated Electric,Utilities
3837,TX,Steel,Basic Materials
3838,TWO_C,,
3839,TWO_B,,
3840,TWO_A,,
3841,TWLO,Software - Infrastructure,Technology
3842,TWI,Farm & Heavy Construction Machinery,Industrials
3843,TV,Telecom Services,Communication Services
3844,TUYA,Software - Infrastructure,Technology
3845,TU,Telecom Services,Communication Services
3846,TTI,Conglomerates,Industrials
3847,TTE,Oil & Gas Integrated,Energy
3848,TTC,Tools & Accessories,Industrials
3849,TTAM,Building Materials,Basic Materials
3850,TT,Building Products & Equipment,Industrials
3851,TSQ,Advertising Agencies,Communication Services
3852,TSN,Farm Products,Consumer Defensive
3853,TSM,Semiconductors,Technology
3854,TSLX,Asset Management,Financial Services
3855,TS,Oil & Gas Equipment & Services,Energy
3856,TRV,Insurance - Property & Casualty,Financial Services
3857,TRU,Financial Data & Stock Exchanges,Financial Services
3858,TRTX_C,,
3859,TRTX,REIT - Mortgage,Real Estate
3860,TRTN_G,,
3861,TRTN_F,,
3862,TRTN_E,,
3863,TRTN_D,,
3864,TRTN_C,,
3865,TRTN_B,,
3866,TRTN_A,,
3867,TRP,Oil & Gas Midstream,Energy
3868,TROX,Chemicals,Basic Materials
3869,TRNO,REIT - Industrial,Real Estate
3870,TRN,Railroads,Industrials
3871,TRLV,Drug Manufacturers - Specialty & Generic,Healthcare
3872,TRIN,Asset Management,Financial Services
3873,TRGP,Oil & Gas Midstream,Energy
3874,TREX,Building Products & Equipment,Industrials
3875,TRC,Conglomerates,Industrials
3876,TRAK,Software - Application,Technology
3877,TRAD,Shell Companies,Financial Services
3878,TR,Confectioners,Consumer Defensive
3879,TPVG,Asset Management,Financial Services
3880,TPR,Luxury Goods,Consumer Cyclical
3881,TPL,Oil & Gas E&P,Energy
3882,TPC,Engineering & Construction,Industrials
3883,TPB,Tobacco,Consumer Defensive
3884,TOST,Software - Infrastructure,Technology
3885,TOL,Residential Construction,Consumer Cyclical
3886,TNL,Travel Services,Consumer Cyclical
3887,TNK,Oil & Gas Midstream,Energy
3888,TNET,Staffing & Employment Services,Industrials
3889,TNC,Specialty Industrial Machinery,Industrials
3890,TMO,Diagnostics & Research,Healthcare
3891,TME,Internet Content & Information,Communication Services
