symbol,date,dividend,split_ratio
ETF159207,2025-12-10,0.0546,1.0
ETF159209,2025-07-15,0.003,1.0
ETF159209,2025-08-15,0.003,1.0
ETF159209,2025-09-15,0.003,1.0
ETF159209,2025-10-23,0.003,1.0
ETF159209,2025-11-17,0.003,1.0
ETF159209,2025-12-15,0.003,1.0
ETF159221,2025-10-22,0.0175,1.0
ETF159232,2025-07-15,0.005,1.0
ETF159232,2025-10-27,0.005,1.0
ETF159281,2025-12-03,0.003,1.0
ETF159307,2025-03-18,0.012,1.0
ETF159307,2025-06-20,0.0126,1.0
ETF159307,2025-09-16,0.013,1.0
ETF159307,2025-12-15,0.0119,1.0
ETF159331,2025-01-06,0.0022,1.0
ETF159331,2025-02-05,0.0021,1.0
ETF159331,2025-03-05,0.0022,1.0
ETF159331,2025-04-03,0.0023,1.0
ETF159331,2025-05-06,0.0022,1.0
ETF159331,2025-06-04,0.0024,1.0
ETF159331,2025-07-04,0.0025,1.0
ETF159331,2025-08-06,0.004,1.0
ETF159331,2025-09-04,0.004,1.0
ETF159331,2025-09-29,0.004,1.0
ETF159331,2025-11-05,0.004,1.0
ETF159331,2025-12-04,0.004,1.0
ETF159332,2025-01-15,0.0018,1.0
ETF159332,2025-04-15,0.005,1.0
ETF159332,2025-07-15,0.009,1.0
ETF159332,2025-10-23,0.0095,1.0
ETF159333,2025-08-12,0.003,1.0
ETF159333,2025-09-09,0.003,1.0
ETF159333,2025-10-21,0.003,1.0
ETF159333,2025-11-18,0.003,1.0
ETF159333,2025-12-09,0.003,1.0
ETF159336,2025-10-23,0.03,1.0
ETF159351,2025-01-16,0.001,1.0
ETF159351,2025-04-16,0.001,1.0
ETF159351,2025-07-15,0.0064,1.0
ETF159351,2025-10-22,0.0075,1.0
ETF159352,2025-07-14,0.011,1.0
ETF159353,2025-06-23,0.0063,1.0
ETF159355,2025-07-15,0.0098,1.0
ETF159355,2025-10-22,0.0137,1.0
ETF159357,2025-01-21,0.0015,1.0
ETF159357,2025-07-17,0.0011,1.0
ETF159357,2025-08-14,0.0012,1.0
ETF159357,2025-09-16,0.0016,1.0
ETF159357,2025-10-22,0.0021,1.0
ETF159357,2025-11-14,0.002,1.0
ETF159390,2025-04-18,0.0085,1.0
ETF159390,2025-05-16,0.006,1.0
ETF159390,2025-06-13,0.006,1.0
ETF159390,2025-07-18,0.003,1.0
ETF159390,2025-08-15,0.003,1.0
ETF159390,2025-09-15,0.003,1.0
ETF159390,2025-10-21,0.003,1.0
ETF159390,2025-11-18,0.003,1.0
ETF159390,2025-12-22,0.003,1.0
ETF159399,2025-03-14,0.001,1.0
ETF159399,2025-04-16,0.003,1.0
ETF159399,2025-05-14,0.0029,1.0
ETF159399,2025-06-16,0.002,1.0
ETF159399,2025-07-16,0.0026,1.0
ETF159399,2025-08-14,0.0026,1.0
ETF159399,2025-09-16,0.0028,1.0
ETF159399,2025-10-15,0.0028,1.0
ETF159399,2025-11-14,0.0029,1.0
ETF159399,2025-12-16,0.0029,1.0
ETF159545,2025-02-14,0.012,1.0
ETF159545,2025-05-16,0.012,1.0
ETF159545,2025-08-13,0.014,1.0
ETF159545,2025-11-12,0.01,1.0
ETF159547,2025-09-17,0.012,1.0
ETF159569,2025-06-23,0.039,1.0
ETF159569,2025-12-23,0.0279,1.0
ETF159576,2025-02-18,0.0023,1.0
ETF159576,2025-05-19,0.0022,1.0
ETF159576,2025-08-13,0.0024,1.0
ETF159576,2025-11-17,0.003,1.0
ETF159581,2025-01-15,0.006,1.0
ETF159581,2025-02-19,0.002,1.0
ETF159581,2025-03-12,0.002,1.0
ETF159581,2025-04-15,0.003,1.0
ETF159581,2025-05-13,0.003,1.0
ETF159581,2025-06-10,0.003,1.0
ETF159581,2025-07-15,0.003,1.0
ETF159581,2025-08-12,0.003,1.0
ETF159581,2025-09-09,0.003,1.0
ETF159581,2025-10-21,0.003,1.0
ETF159581,2025-11-18,0.003,1.0
ETF159581,2025-12-09,0.003,1.0
ETF159589,2025-01-15,0.0021,1.0
ETF159589,2025-02-18,0.0021,1.0
ETF159589,2025-03-17,0.002,1.0
ETF159589,2025-04-15,0.0021,1.0
ETF159589,2025-05-19,0.002,1.0
ETF159589,2025-06-16,0.0021,1.0
ETF159589,2025-07-14,0.0021,1.0
ETF159589,2025-08-13,0.0021,1.0
ETF159589,2025-09-15,0.0022,1.0
ETF159589,2025-10-22,0.0021,1.0
ETF159589,2025-11-17,0.0022,1.0
ETF159589,2025-12-10,0.0022,1.0
ETF159596,2025-10-15,0.0293,1.0
ETF159602,2025-09-15,0.023,1.0
ETF159623,2025-12-22,0.0305,1.0
ETF159901,2025-11-17,0.085,1.0
ETF159919,2025-03-31,0.0661,1.0
ETF159919,2025-12-08,0.0728,1.0
ETF159922,2025-12-08,0.0376,1.0
ETF159925,2025-10-27,0.125,1.0
ETF510050,2025-12-17,0.08,1.0
ETF510100,2025-11-10,0.097,1.0
ETF510180,2025-01-17,0.055,1.0
ETF510180,2025-04-17,0.053,1.0
ETF510180,2025-07-15,0.054,1.0
ETF510180,2025-10-23,0.063,1.0
ETF510230,2025-06-24,0.0668,1.0
ETF510300,2025-06-18,0.088,1.0
ETF510310,2025-04-30,0.019,1.0
ETF510310,2025-08-01,0.041,1.0
ETF510310,2025-09-19,0.022,1.0
ETF510310,2025-11-21,0.024,1.0
ETF510330,2025-01-13,0.066,1.0
ETF510330,2025-07-14,0.06,1.0
ETF510500,2025-01-16,0.091,1.0
ETF510720,2025-01-14,0.0035,1.0
ETF510720,2025-02-13,0.0034,1.0
ETF510720,2025-03-13,0.0033,1.0
ETF510720,2025-04-15,0.0034,1.0
ETF510720,2025-05-13,0.0033,1.0
ETF510720,2025-06-13,0.0034,1.0
ETF510720,2025-07-15,0.0035,1.0
ETF510720,2025-08-13,0.0034,1.0
ETF510720,2025-09-15,0.0029,1.0
ETF510720,2025-10-14,0.0029,1.0
ETF510720,2025-11-13,0.003,1.0
ETF510720,2025-12-15,0.003,1.0
ETF510810,2025-10-24,0.02,1.0
ETF510880,2025-01-21,0.142,1.0
ETF511880,2025-12-30,1.1553,1.0
ETF512100,2025-01-15,0.037,1.0
ETF512250,2025-10-23,0.0141,1.0
ETF512400,2025-09-15,0.015,1.0
ETF512700,2025-12-08,0.052,1.0
ETF513530,2025-06-16,0.02,1.0
ETF513530,2025-07-14,0.02,1.0
ETF513530,2025-08-18,0.01,1.0
ETF513530,2025-09-15,0.01,1.0
ETF513530,2025-10-20,0.01,1.0
ETF513530,2025-11-17,0.01,1.0
ETF513530,2025-12-15,0.01,1.0
ETF513630,2025-12-30,0.002,1.0
ETF513690,2025-12-17,0.0113,1.0
ETF513820,2025-01-22,0.001,1.0
ETF513820,2025-02-25,0.001,1.0
ETF513820,2025-03-26,0.001,1.0
ETF513820,2025-04-25,0.001,1.0
ETF513820,2025-05-27,0.001,1.0
ETF513820,2025-06-25,0.006,1.0
ETF513820,2025-07-28,0.006,1.0
ETF513820,2025-08-26,0.006,1.0
ETF513820,2025-09-24,0.006,1.0
ETF513820,2025-10-28,0.006,1.0
ETF513820,2025-11-25,0.006,1.0
ETF513820,2025-12-26,0.006,1.0
ETF513920,2025-01-17,0.017,1.0
ETF513920,2025-04-17,0.017,1.0
ETF513920,2025-07-15,0.019,1.0
ETF513920,2025-10-23,0.02,1.0
ETF513950,2025-03-05,0.005,1.0
ETF513950,2025-04-16,0.0065,1.0
ETF513950,2025-06-13,0.01,1.0
ETF513950,2025-08-14,0.014,1.0
ETF513950,2025-10-23,0.0135,1.0
ETF513950,2025-12-16,0.0143,1.0
ETF515080,2025-03-19,0.015,1.0
ETF515080,2025-06-17,0.015,1.0
ETF515080,2025-09-17,0.015,1.0
ETF515080,2025-12-18,0.02,1.0
ETF515100,2025-12-23,0.1053,1.0
ETF515180,2025-10-21,0.061,1.0
ETF515210,2025-12-24,0.06,1.0
ETF515220,2025-12-24,0.04,1.0
ETF515300,2025-06-17,0.0237,1.0
ETF515300,2025-09-18,0.0233,1.0
ETF515300,2025-12-15,0.0228,1.0
ETF515450,2025-07-15,0.045,1.0
ETF515450,2025-12-15,0.03,1.0
ETF515890,2025-12-23,0.0612,1.0
ETF517180,2025-04-14,0.044,1.0
ETF517180,2025-10-27,0.015,1.0
ETF520550,2025-05-15,0.002,1.0
ETF520550,2025-06-17,0.004,1.0
ETF520550,2025-07-15,0.004,1.0
ETF520550,2025-08-15,0.004,1.0
ETF520550,2025-09-15,0.004,1.0
ETF520550,2025-10-23,0.004,1.0
ETF520550,2025-11-17,0.004,1.0
ETF520550,2025-12-15,0.004,1.0
ETF520660,2025-01-15,0.01,1.0
ETF520660,2025-04-14,0.005,1.0
ETF520660,2025-07-14,0.01,1.0
ETF520660,2025-10-27,0.01,1.0
ETF520900,2025-02-18,0.0018,1.0
ETF520900,2025-05-19,0.001,1.0
ETF520900,2025-08-13,0.0031,1.0
ETF520900,2025-11-17,0.0105,1.0
ETF520990,2025-06-25,0.0329,1.0
ETF520990,2025-12-23,0.0246,1.0
ETF530680,2025-12-23,0.018,1.0
ETF530880,2025-01-14,0.005,1.0
ETF530880,2025-06-11,0.0036,1.0
ETF530880,2025-07-09,0.0036,1.0
ETF530880,2025-08-11,0.0031,1.0
ETF530880,2025-09-09,0.002,1.0
ETF530880,2025-10-20,0.0022,1.0
ETF530880,2025-11-11,0.0023,1.0
ETF530880,2025-12-10,0.0023,1.0
ETF560020,2025-11-12,0.044,1.0
ETF560070,2025-11-12,0.036,1.0
ETF560150,2025-04-15,0.0061,1.0
ETF560150,2025-07-15,0.009,1.0
ETF560150,2025-10-28,0.021,1.0
ETF560220,2025-12-10,0.065,1.0
ETF560350,2025-01-09,0.0052,1.0
ETF560350,2025-07-08,0.0114,1.0
ETF560350,2025-10-16,0.0093,1.0
ETF560510,2025-01-14,0.0006,1.0
ETF560510,2025-04-15,0.0008,1.0
ETF560510,2025-07-15,0.007,1.0
ETF560510,2025-10-28,0.0125,1.0
ETF560530,2025-01-09,0.0018,1.0
ETF560530,2025-04-09,0.0009,1.0
ETF560530,2025-07-08,0.0081,1.0
ETF560530,2025-10-16,0.0077,1.0
ETF560570,2025-11-18,0.005,1.0
ETF560610,2025-04-16,0.001,1.0
ETF560610,2025-07-15,0.008,1.0
ETF560610,2025-10-23,0.008,1.0
ETF560700,2025-12-10,0.0523,1.0
ETF561060,2025-01-17,0.014,1.0
ETF561060,2025-04-17,0.013,1.0
ETF561230,2025-03-25,0.0011,1.0
ETF561230,2025-06-25,0.0033,1.0
ETF561230,2025-09-19,0.0066,1.0
ETF561230,2025-12-26,0.0066,1.0
ETF561580,2025-05-19,0.005,1.0
ETF561580,2025-06-16,0.005,1.0
ETF561580,2025-07-14,0.005,1.0
ETF561580,2025-08-18,0.02,1.0
ETF561580,2025-09-15,0.02,1.0
ETF561580,2025-10-20,0.02,1.0
ETF561580,2025-11-17,0.01,1.0
ETF561580,2025-12-15,0.01,1.0
ETF561870,2025-09-23,0.0093,1.0
ETF561880,2025-06-24,0.001,1.0
ETF561880,2025-09-23,0.0048,1.0
ETF561880,2025-12-23,0.0051,1.0
ETF561960,2025-03-19,0.012,1.0
ETF562060,2025-09-30,0.0242,1.0
ETF562810,2025-07-15,0.0131,1.0
ETF563020,2025-03-12,0.009,1.0
ETF563020,2025-06-12,0.01,1.0
ETF563020,2025-09-10,0.012,1.0
ETF563020,2025-12-10,0.012,1.0
ETF563500,2025-05-20,0.0037,1.0
ETF563500,2025-08-15,0.0126,1.0
ETF563500,2025-11-17,0.0063,1.0
ETF563660,2025-07-09,0.003,1.0
ETF563660,2025-10-20,0.005,1.0
ETF563700,2025-07-11,0.01,1.0
ETF563700,2025-10-21,0.01,1.0
ETF563900,2025-07-08,0.0094,1.0
ETF563900,2025-10-16,0.0122,1.0
ETF588080,2025-10-17,0.014,1.0
ETF159970,2025-12-19,0.0,6.0
ETF159636,2025-12-05,0.0,2.0
ETF159971,2025-12-01,0.0,2.0
ETF159220,2025-11-07,0.0,2.0
ETF562000,2025-11-07,0.0,2.0
ETF562080,2025-11-07,0.0,2.0
ETF159583,2025-11-05,0.0,2.0
ETF588860,2025-10-24,0.0,2.0
ETF159596,2025-10-17,0.0,2.0
ETF563500,2025-10-17,0.0,2.0
ETF515980,2025-09-29,0.0,2.0
ETF159934,2025-09-19,0.0,0.948126035
ETF159977,2025-09-12,0.0,2.0
ETF515260,2025-09-12,0.0,2.0
ETF562030,2025-09-12,0.0,2.0
ETF516800,2025-09-05,0.0,2.0
ETF515000,2025-09-05,0.0,2.0
ETF589520,2025-09-05,0.0,2.0
ETF520880,2025-08-29,0.0,2.0
ETF513770,2025-08-29,0.0,2.0
ETF159567,2025-08-08,0.0,2.0
ETF159231,2025-08-08,0.0,2.0
ETF562060,2025-08-08,0.0,2.0
ETF159876,2025-08-01,0.0,2.0
ETF512000,2025-08-01,0.0,2.0
ETF159363,2025-07-18,0.0,2.0
ETF159851,2025-07-11,0.0,2.0
ETF512800,2025-07-04,0.0,2.0
ETF512810,2025-06-20,0.0,2.0
ETF518600,2025-05-30,0.0,0.94424525
ETF518680,2025-04-18,0.0,0.9575968
ETF159393,2025-03-28,0.0,0.255283787
ETF588790,2025-03-18,0.0,2.0
ETF513380,2025-03-11,0.0,2.0
ETF510100,2025-03-07,0.0,0.49719902
ETF588760,2025-02-20,0.0,2.0
ETF159118,2026-08-12,0.002,1.0
ETF159119,2026-02-24,0.003,1.0
ETF159119,2026-03-16,0.003,1.0
ETF159119,2026-04-16,0.003,1.0
ETF159119,2026-05-20,0.003,1.0
ETF159119,2026-06-15,0.003,1.0
ETF159119,2026-07-16,0.003,1.0
ETF159119,2026-08-17,0.003,1.0
ETF159119,2026-09-15,0.003,1.0
ETF159209,2026-01-19,0.003,1.0
ETF159209,2026-02-24,0.003,1.0
ETF159209,2026-03-16,0.003,1.0
ETF159209,2026-04-16,0.003,1.0
ETF159209,2026-05-20,0.003,1.0
ETF159209,2026-06-15,0.003,1.0
ETF159209,2026-07-15,0.003,1.0
ETF159209,2026-08-17,0.003,1.0
ETF159209,2026-09-15,0.003,1.0
ETF159220,2026-02-24,0.0094,1.0
ETF159220,2026-06-01,0.0031,1.0
ETF159220,2026-08-17,0.0042,1.0
ETF159221,2026-01-19,0.0119,1.0
ETF159221,2026-04-15,0.0072,1.0
ETF159221,2026-07-15,0.0074,1.0
ETF159232,2026-01-20,0.01,1.0
ETF159232,2026-04-15,0.01,1.0
ETF159232,2026-07-15,0.01,1.0
ETF159281,2026-01-27,0.003,1.0
ETF159281,2026-02-10,0.003,1.0
ETF159281,2026-03-10,0.003,1.0
ETF159281,2026-04-01,0.003,1.0
ETF159281,2026-05-08,0.003,1.0
ETF159307,2026-03-13,0.0131,1.0
ETF159307,2026-06-12,0.0126,1.0
ETF159307,2026-09-14,0.011,1.0
ETF159331,2026-01-06,0.0039,1.0
ETF159331,2026-02-04,0.0038,1.0
ETF159331,2026-03-04,0.0041,1.0
ETF159331,2026-04-03,0.0033,1.0
ETF159331,2026-05-11,0.0034,1.0
ETF159331,2026-06-04,0.0033,1.0
ETF159331,2026-07-06,0.003,1.0
ETF159331,2026-08-05,0.0032,1.0
ETF159331,2026-09-04,0.0033,1.0
ETF159332,2026-01-20,0.0098,1.0
ETF159332,2026-04-20,0.01,1.0
ETF159332,2026-07-16,0.0086,1.0
ETF159333,2026-01-20,0.003,1.0
ETF159333,2026-02-10,0.005,1.0
ETF159333,2026-03-10,0.003,1.0
ETF159333,2026-04-14,0.003,1.0
ETF159333,2026-05-19,0.004,1.0
ETF159333,2026-06-16,0.004,1.0
ETF159333,2026-07-14,0.004,1.0
ETF159333,2026-08-18,0.004,1.0
ETF159333,2026-09-15,0.004,1.0
ETF159351,2026-01-19,0.0055,1.0
ETF159351,2026-04-15,0.0027,1.0
ETF159351,2026-07-15,0.0062,1.0
ETF159355,2026-01-19,0.0076,1.0
ETF159355,2026-07-15,0.0096,1.0
ETF159390,2026-01-21,0.003,1.0
ETF159390,2026-02-24,0.003,1.0
ETF159390,2026-03-23,0.003,1.0
ETF159390,2026-04-20,0.003,1.0
ETF159390,2026-05-25,0.003,1.0
ETF159390,2026-06-17,0.003,1.0
ETF159399,2026-01-14,0.0029,1.0
ETF159399,2026-02-10,0.003,1.0
ETF159399,2026-03-16,0.003,1.0
ETF159399,2026-04-15,0.0028,1.0
ETF159399,2026-05-14,0.0028,1.0
ETF159399,2026-06-16,0.0026,1.0
ETF159399,2026-07-15,0.0023,1.0
ETF159399,2026-08-14,0.0026,1.0
ETF159399,2026-09-16,0.003,1.0
ETF159545,2026-02-11,0.015,1.0
ETF159545,2026-05-15,0.014,1.0
ETF159545,2026-08-12,0.014,1.0
ETF159547,2026-06-15,0.012,1.0
ETF159547,2026-09-14,0.012,1.0
ETF159569,2026-06-24,0.0166,1.0
ETF159576,2026-02-10,0.003,1.0
ETF159576,2026-05-19,0.0033,1.0
ETF159576,2026-08-17,0.003,1.0
ETF159581,2026-01-20,0.003,1.0
ETF159581,2026-02-10,0.003,1.0
ETF159581,2026-03-10,0.003,1.0
ETF159581,2026-04-14,0.003,1.0
ETF159581,2026-05-19,0.004,1.0
ETF159581,2026-06-16,0.004,1.0
ETF159581,2026-07-14,0.004,1.0
ETF159581,2026-08-18,0.004,1.0
ETF159581,2026-09-15,0.004,1.0
ETF159589,2026-01-14,0.0021,1.0
ETF159589,2026-02-10,0.0022,1.0
ETF159589,2026-03-18,0.0023,1.0
ETF159589,2026-04-15,0.0022,1.0
ETF159589,2026-05-19,0.0023,1.0
ETF159589,2026-06-15,0.0022,1.0
ETF159589,2026-07-15,0.002,1.0
ETF159589,2026-08-17,0.0022,1.0
ETF159589,2026-09-14,0.0023,1.0
ETF159691,2026-06-24,0.0124,1.0
ETF510180,2026-01-16,0.041,1.0
ETF510180,2026-04-16,0.019,1.0
ETF510180,2026-07-15,0.031,1.0
ETF510300,2026-01-19,0.123,1.0
ETF510310,2026-01-20,0.075,1.0
ETF510500,2026-01-16,0.062,1.0
ETF510500,2026-07-15,0.149,1.0
ETF510720,2026-01-13,0.0029,1.0
ETF510720,2026-02-09,0.0029,1.0
ETF510720,2026-03-13,0.0032,1.0
ETF510720,2026-04-14,0.003,1.0
ETF510720,2026-05-13,0.0031,1.0
ETF510720,2026-06-15,0.0032,1.0
ETF510720,2026-07-14,0.0028,1.0
ETF510720,2026-08-13,0.0031,1.0
ETF510720,2026-09-15,0.0032,1.0
ETF510880,2026-01-21,0.143,1.0
ETF512100,2026-01-19,0.041,1.0
ETF512250,2026-01-19,0.0088,1.0
ETF512250,2026-04-16,0.0065,1.0
ETF512250,2026-07-15,0.0236,1.0
ETF512400,2026-09-09,0.08,1.0
ETF512700,2026-03-09,0.047,1.0
ETF512700,2026-05-27,0.044,1.0
ETF512700,2026-09-01,0.046,1.0
ETF513530,2026-01-21,0.01,1.0
ETF513530,2026-02-26,0.01,1.0
ETF513530,2026-03-23,0.01,1.0
ETF513530,2026-04-20,0.01,1.0
ETF513530,2026-05-18,0.01,1.0
ETF513530,2026-06-15,0.01,1.0
ETF513530,2026-07-20,0.01,1.0
ETF513530,2026-08-17,0.01,1.0
ETF513530,2026-09-14,0.01,1.0
ETF513630,2026-01-27,0.002,1.0
ETF513630,2026-02-24,0.002,1.0
ETF513630,2026-03-26,0.002,1.0
ETF513630,2026-04-27,0.002,1.0
ETF513630,2026-05-21,0.002,1.0
ETF513630,2026-06-23,0.002,1.0
ETF513630,2026-07-24,0.002,1.0
ETF513630,2026-08-21,0.002,1.0
ETF513630,2026-09-18,0.002,1.0
ETF513820,2026-01-27,0.003,1.0
ETF513820,2026-02-24,0.002,1.0
ETF513820,2026-03-25,0.001,1.0
ETF513820,2026-04-27,0.0003,1.0
ETF513820,2026-05-26,0.001,1.0
ETF513820,2026-06-24,0.003,1.0
ETF513820,2026-07-28,0.004,1.0
ETF513820,2026-08-26,0.004,1.0
ETF513920,2026-01-16,0.008,1.0
ETF513920,2026-07-15,0.011,1.0
ETF513950,2026-02-13,0.0144,1.0
ETF513950,2026-06-26,0.007,1.0
ETF513950,2026-08-20,0.0196,1.0
ETF515080,2026-03-18,0.015,1.0
ETF515080,2026-06-18,0.02,1.0
ETF515080,2026-09-16,0.015,1.0
ETF515450,2026-07-15,0.01,1.0
ETF515450,2026-09-09,0.015,1.0
ETF520550,2026-01-19,0.004,1.0
ETF520550,2026-02-13,0.004,1.0
ETF520550,2026-03-16,0.004,1.0
ETF520550,2026-04-16,0.004,1.0
ETF520550,2026-05-20,0.004,1.0
ETF520550,2026-06-15,0.004,1.0
ETF520550,2026-07-15,0.004,1.0
ETF520550,2026-08-17,0.004,1.0
ETF520550,2026-09-15,0.004,1.0
ETF520660,2026-01-20,0.01,1.0
ETF520660,2026-04-15,0.01,1.0
ETF520660,2026-07-15,0.01,1.0
ETF520810,2026-02-12,0.002,1.0
ETF520810,2026-03-12,0.002,1.0
ETF520810,2026-04-14,0.001,1.0
ETF520810,2026-05-15,0.001,1.0
ETF520810,2026-06-10,0.002,1.0
ETF520810,2026-07-10,0.003,1.0
ETF520810,2026-08-12,0.005,1.0
ETF520810,2026-09-11,0.003,1.0
ETF520900,2026-03-11,0.0169,1.0
ETF520900,2026-05-19,0.0056,1.0
ETF520900,2026-08-17,0.0101,1.0
ETF520950,2026-07-14,0.0029,1.0
ETF520960,2026-04-16,0.0016,1.0
ETF520960,2026-07-15,0.0051,1.0
ETF520990,2026-06-24,0.0072,1.0
ETF530880,2026-02-10,0.0026,1.0
ETF530880,2026-03-10,0.0027,1.0
ETF530880,2026-04-10,0.0027,1.0
ETF530880,2026-05-14,0.0028,1.0
ETF530880,2026-06-09,0.0027,1.0
ETF530880,2026-07-09,0.0025,1.0
ETF530880,2026-08-11,0.0028,1.0
ETF530880,2026-09-09,0.003,1.0
ETF560120,2026-07-13,0.0022,1.0
ETF560150,2026-01-20,0.0071,1.0
ETF560150,2026-04-21,0.007,1.0
ETF560150,2026-07-21,0.0067,1.0
ETF560350,2026-01-13,0.0058,1.0
ETF560350,2026-04-14,0.0028,1.0
ETF560350,2026-07-14,0.0111,1.0
ETF560370,2026-07-13,0.004,1.0
ETF560510,2026-01-20,0.0033,1.0
ETF560510,2026-04-21,0.0031,1.0
ETF560510,2026-07-21,0.0112,1.0
ETF560530,2026-01-13,0.0041,1.0
ETF560530,2026-04-14,0.0021,1.0
ETF560530,2026-07-14,0.0074,1.0
ETF560570,2026-03-17,0.005,1.0
ETF560570,2026-08-18,0.005,1.0
ETF560570,2026-09-18,0.005,1.0
ETF560610,2026-01-19,0.005,1.0
ETF560610,2026-04-16,0.002,1.0
ETF560610,2026-07-15,0.009,1.0
ETF561230,2026-03-23,0.0066,1.0
ETF561230,2026-06-24,0.0066,1.0
ETF561580,2026-01-21,0.01,1.0
ETF561580,2026-02-26,0.01,1.0
ETF561580,2026-03-23,0.005,1.0
ETF561580,2026-04-20,0.005,1.0
ETF561580,2026-05-18,0.005,1.0
ETF561580,2026-06-15,0.005,1.0
ETF561580,2026-07-20,0.005,1.0
ETF561580,2026-08-17,0.005,1.0
ETF561580,2026-09-14,0.005,1.0
ETF561870,2026-03-24,0.011,1.0
ETF561870,2026-06-23,0.01,1.0
ETF561880,2026-03-24,0.0051,1.0
ETF561880,2026-06-23,0.0068,1.0
ETF563020,2026-03-11,0.012,1.0
ETF563020,2026-06-10,0.012,1.0
ETF563020,2026-09-11,0.012,1.0
ETF563500,2026-02-24,0.0047,1.0
ETF563500,2026-05-20,0.0013,1.0
ETF563500,2026-08-17,0.0112,1.0
ETF563660,2026-01-14,0.0062,1.0
ETF563660,2026-04-10,0.006,1.0
ETF563660,2026-07-09,0.0069,1.0
ETF563700,2026-01-14,0.01,1.0
ETF563700,2026-04-14,0.011,1.0
ETF563700,2026-07-10,0.01,1.0
ETF563830,2026-01-21,0.0124,1.0
ETF563830,2026-07-16,0.0222,1.0
ETF563900,2026-01-13,0.01,1.0
ETF563900,2026-07-14,0.0039,1.0
ETF563980,2026-06-24,0.003,1.0
ETF563980,2026-07-27,0.003,1.0
ETF563980,2026-08-25,0.003,1.0
ETF589300,2026-01-19,0.0019,1.0
ETF589300,2026-04-16,0.0023,1.0
ETF589300,2026-07-15,0.0026,1.0
ETF159325,2026-09-11,0.0,2.0
ETF588810,2026-09-08,0.0,2.0
ETF159560,2026-09-04,0.0,2.0
ETF588890,2026-08-25,0.0,3.0
ETF588290,2026-08-21,0.0,3.0
ETF588710,2026-08-14,0.0,3.0
ETF589020,2026-08-10,0.0,2.0
ETF588920,2026-08-07,0.0,2.0
ETF159880,2026-07-31,0.0,2.0
ETF159739,2026-07-31,0.0,2.0
ETF159813,2026-07-31,0.0,2.0
ETF588940,2026-07-27,0.0,2.0
ETF562820,2026-07-22,0.0,3.0
ETF561600,2026-07-22,0.0,2.0
ETF588100,2026-07-22,0.0,3.0
ETF159527,2026-07-21,0.0,3.0
ETF159695,2026-07-20,0.0,3.0
ETF588200,2026-07-20,0.0,3.0
ETF159327,2026-07-17,0.0,3.0
ETF588110,2026-07-17,0.0,4.0
ETF589210,2026-07-17,0.0,2.0
ETF589190,2026-07-17,0.0,2.0
ETF159538,2026-07-16,0.0,2.0
ETF159320,2026-07-14,0.0,3.0
ETF159582,2026-07-10,0.0,5.0
ETF159516,2026-07-09,0.0,2.0
ETF159597,2026-07-08,0.0,3.0
ETF159558,2026-07-08,0.0,3.0
ETF561310,2026-07-08,0.0,2.0
ETF588020,2026-07-08,0.0,3.0
ETF589630,2026-07-08,0.0,2.0
ETF159368,2026-07-06,0.0,2.0
ETF159663,2026-07-06,0.0,2.0
ETF159995,2026-07-06,0.0,2.0
ETF515880,2026-07-03,0.0,2.0
ETF588170,2026-07-03,0.0,3.0
ETF562590,2026-07-03,0.0,3.0
ETF515070,2026-07-03,0.0,2.0
ETF512480,2026-07-02,0.0,2.0
ETF560780,2026-06-25,0.0,3.0
ETF159375,2026-06-25,0.0,2.5
ETF561980,2026-06-25,0.0,5.0
ETF159537,2026-06-25,0.0,2.0
ETF159881,2026-06-25,0.0,2.0
ETF561330,2026-06-24,0.0,2.0
ETF561380,2026-06-24,0.0,2.5
ETF589100,2026-06-23,0.0,2.5
ETF588120,2026-06-23,0.0,2.0
ETF159546,2026-06-09,0.0,3.0
ETF159667,2026-06-09,0.0,3.0
ETF159507,2026-06-08,0.0,3.0
ETF159381,2026-06-02,0.0,2.0
ETF516780,2026-05-22,0.0,2.0
ETF512930,2026-05-21,0.0,4.0
ETF159305,2026-05-20,0.0,2.0
ETF515050,2026-05-12,0.0,3.0
ETF560660,2026-04-24,0.0,2.0
ETF510950,2026-04-24,0.0,1.28769271
ETF513660,2026-04-20,0.0,2.0
ETF518800,2026-04-14,0.0,0.94231553
ETF159387,2026-03-27,0.0,2.0
ETF159516,2026-03-27,0.0,2.0
ETF512760,2026-03-26,0.0,2.0
ETF159246,2026-02-12,0.0,2.0
ETF159871,2026-02-06,0.0,2.0
ETF159994,2026-02-06,0.0,2.0
ETF588780,2026-02-02,0.0,2.0
ETF515880,2026-02-02,0.0,3.0
ETF159388,2026-01-23,0.0,2.5
SZ000001,2025-06-12,0.362,
SZ000001,2025-10-15,0.236,
SZ000001,2026-06-12,0.36,
SZ000009,2025-08-27,0.03,
SZ000009,2026-08-27,0.03,
SZ000011,2026-06-15,0.02,
SZ000012,2025-07-23,0.06999999999999999,
SZ000012,2026-07-23,0.02,
SZ000019,2025-06-17,0.15,
SZ000019,2026-06-22,0.12,
SZ000021,2025-06-11,0.19,
SZ000021,2026-06-11,0.22000000000000003,
SZ000025,2025-05-28,0.1,
SZ000025,2026-07-24,0.11000000000000001,
SZ000026,2025-05-28,0.4,
SZ000026,2026-06-10,0.12,
SZ000027,2025-06-13,0.15,
SZ000027,2026-06-24,0.16,
SZ000028,2025-06-25,0.366,
SZ000028,2026-06-24,0.616,
SZ000029,2026-06-15,0.034999999999999996,
SZ000030,2025-06-30,0.15,
SZ000030,2026-06-26,0.15,
SZ000032,2025-05-30,0.12,
SZ000032,2026-06-03,0.025,
SZ000034,2025-05-12,0.267,
SZ000034,2026-05-19,0.073,
SZ000035,2025-08-06,0.035199999999999995,
SZ000035,2026-08-20,0.036,
SZ000037,2026-06-22,0.032,
SZ000039,2025-07-11,0.176,
SZ000039,2026-08-10,0.179,
SZ000045,2025-05-28,0.071,
SZ000045,2026-06-10,0.048,
SZ000048,2025-04-30,0.35,
SZ000048,2025-09-17,0.38,
SZ000049,2025-05-28,0.32999999999999996,
SZ000049,2026-05-28,0.22999999999999998,
SZ000055,2025-05-28,0.05,
SZ000058,2025-05-27,0.0125,
SZ000058,2026-05-27,0.024,
SZ000059,2025-06-19,0.018,
SZ000060,2025-06-26,0.087,
SZ000060,2026-07-09,0.05500000000000001,
SZ000061,2025-06-12,0.06999999999999999,
SZ000061,2026-06-26,0.06,
SZ000062,2025-05-08,0.18,
SZ000062,2025-09-25,0.2,
SZ000062,2025-11-27,0.2,
SZ000062,2026-04-29,0.1,
SZ000063,2025-04-16,0.617,
SZ000063,2026-07-29,0.41100000000000003,
SZ000065,2025-06-23,0.1478972,
SZ000065,2026-06-17,0.137,
SZ000088,2025-06-05,0.13,
SZ000088,2025-11-26,0.088,
SZ000088,2026-06-23,0.10700000000000001,
SZ000089,2025-06-27,0.12,
SZ000089,2026-06-26,0.16,
SZ000090,2025-07-11,0.1,
SZ000090,2026-07-21,0.036,
SZ000096,2025-07-11,0.075,
SZ000096,2026-08-12,0.075,
SZ000099,2025-05-21,0.125,
SZ000099,2025-10-24,0.063,
SZ000099,2026-05-21,0.097,
SZ000100,2025-07-18,0.05,
SZ000100,2026-06-11,0.09,
SZ000153,2025-05-30,0.1,
SZ000153,2026-06-18,0.1,
SZ000155,2025-10-14,0.16999999999999998,
SZ000155,2026-09-22,0.26,
SZ000156,2025-08-29,0.18,
SZ000156,2026-08-28,0.16,
SZ000157,2025-07-25,0.3,
SZ000157,2026-01-09,0.2,
SZ000157,2026-07-22,0.2,
SZ000158,2026-06-09,0.027000000000000003,
SZ000159,2026-07-07,0.02,
SZ000166,2025-08-13,0.046,
SZ000166,2025-12-24,0.034999999999999996,
SZ000166,2026-08-19,0.075,
SZ000333,2025-06-12,3.5,
SZ000333,2025-11-18,0.5,
SZ000333,2026-06-29,3.8,
SZ000338,2025-07-25,0.34700000000000003,
SZ000338,2025-10-24,0.358,
SZ000338,2026-08-13,0.374,
SZ000400,2025-01-10,0.08299999999999999,
SZ000400,2025-07-09,0.15,
SZ000400,2025-10-17,0.238,
SZ000400,2026-06-26,0.221,
SZ000401,2025-06-26,0.1,
SZ000401,2026-05-29,0.1,
SZ000403,2025-06-04,0.35,
SZ000404,2025-07-10,0.3,
SZ000404,2026-06-18,0.32999999999999996,
SZ000407,2025-07-07,0.041999999999999996,
SZ000407,2026-02-10,0.015,
SZ000407,2026-07-10,0.045,
SZ000408,2025-09-05,1.0,
SZ000408,2026-04-17,1.5,
SZ000408,2026-09-04,1.0,
SZ000411,2025-06-05,0.38322059999999997,
SZ000411,2026-07-10,0.354,
SZ000417,2025-07-11,0.11000000000000001,
SZ000417,2026-07-10,0.065,
SZ000419,2025-08-08,0.15,
SZ000419,2026-08-12,0.13,
SZ000421,2025-05-16,0.06,
SZ000421,2026-06-10,0.06,
SZ000422,2025-06-12,0.2,
SZ000422,2026-06-15,0.25,
SZ000423,2025-06-05,1.2729896,
SZ000423,2025-09-03,1.2700919000000002,
SZ000423,2026-05-25,1.4354904,
SZ000423,2026-08-31,1.344811,
SZ000425,2025-07-09,0.18,
SZ000425,2026-07-03,0.2,
SZ000426,2025-08-22,0.06999999999999999,
SZ000426,2026-08-27,0.11000000000000001,
SZ000429,2025-07-14,0.523,
SZ000429,2026-08-10,0.604,
SZ000498,2025-07-17,0.16999999999999998,
SZ000498,2025-10-24,0.023,
SZ000498,2025-12-24,0.012,
SZ000498,2026-07-06,0.1869999,
SZ000501,2025-06-11,0.2,
SZ000501,2025-10-22,0.1,
SZ000501,2026-05-22,0.1,
SZ000505,2025-06-11,0.018,
SZ000507,2025-06-20,0.065,
SZ000507,2026-06-26,0.054000000000000006,
SZ000513,2025-06-13,1.1,
SZ000513,2026-06-16,1.4300000000000002,
SZ000514,2026-06-29,0.01,
SZ000519,2026-06-25,0.025,
SZ000521,2025-06-11,0.32999999999999996,
SZ000521,2026-06-23,0.21000000000000002,
SZ000524,2025-06-19,0.08,
SZ000524,2026-06-18,0.051000000000000004,
SZ000528,2025-06-26,0.2729996,
SZ000528,2026-06-04,0.32498079999999996,
SZ000529,2025-06-27,0.12,
SZ000529,2026-06-26,0.12,
SZ000530,2025-07-11,0.05,
SZ000530,2026-07-10,0.05,
SZ000531,2025-06-19,0.08,
SZ000531,2025-12-31,0.06,
SZ000531,2026-06-30,0.05,
SZ000532,2025-06-13,0.06,
SZ000532,2026-07-02,0.1,
SZ000534,2025-08-14,0.05,
SZ000537,2025-06-25,0.2,
SZ000537,2025-10-28,0.045,
SZ000537,2026-06-26,0.12,
SZ000538,2025-04-30,1.185,
SZ000538,2026-04-30,1.583,
SZ000539,2025-06-26,0.02,
SZ000539,2026-07-21,0.02,
SZ000541,2025-07-09,0.12,
SZ000541,2026-06-30,0.05,
SZ000543,2025-06-25,0.319,
SZ000543,2026-07-16,0.379,
SZ000544,2025-06-05,0.26,
SZ000544,2026-06-18,0.27,
SZ000548,2025-06-13,0.05,
SZ000548,2026-06-22,0.03,
SZ000550,2025-08-20,0.71914,
SZ000550,2026-07-14,0.5558099999999999,
SZ000551,2025-07-04,0.1,
SZ000551,2026-07-03,0.06,
SZ000552,2025-07-10,0.068,
SZ000554,2025-06-25,0.08399999999999999,
SZ000554,2025-10-24,0.062,
SZ000554,2026-08-07,0.0855961,
SZ000555,2026-05-22,0.01,
SZ000557,2025-07-11,0.05,
SZ000557,2026-07-15,0.02,
SZ000559,2025-06-10,0.18,
SZ000559,2026-05-19,0.2,
SZ000560,2025-07-03,0.0043,
SZ000563,2025-06-04,0.05,
SZ000563,2025-10-22,0.01,
SZ000563,2025-12-16,0.02,
SZ000563,2026-04-28,0.06,
SZ000565,2025-07-04,0.015,
SZ000565,2026-07-06,0.015,
SZ000568,2025-01-24,1.358,
SZ000568,2025-08-08,4.5920000000000005,
SZ000568,2026-01-30,1.358,
SZ000568,2026-08-28,4.4171214999999995,
SZ000570,2025-05-21,0.01,
SZ000570,2026-05-20,0.022,
SZ000573,2025-06-12,0.05,
SZ000573,2026-06-15,0.05,
SZ000581,2025-06-18,0.9,
SZ000581,2025-10-15,0.1,
SZ000581,2026-07-15,0.7,
SZ000582,2025-05-28,0.0469999,
SZ000582,2025-10-22,0.0809999,
SZ000582,2026-05-27,0.08,
SZ000589,2025-07-07,0.13,
SZ000589,2025-12-05,0.04,
SZ000589,2026-06-15,0.09,
SZ000591,2025-01-06,0.05694900000000001,
SZ000591,2025-07-11,0.055988899999999994,
SZ000591,2026-01-08,0.0631238,
SZ000591,2026-07-08,0.013033300000000001,
SZ000596,2025-01-24,1.0,
SZ000596,2025-06-26,5.0,
SZ000596,2026-02-10,1.0,
SZ000596,2026-07-17,3.4,
SZ000597,2025-06-23,0.1,
SZ000597,2026-06-23,0.05500000000000001,
SZ000598,2025-06-19,0.187,
SZ000598,2026-07-14,0.2352,
SZ000600,2025-06-18,0.13,
SZ000600,2026-01-07,0.1,
SZ000600,2026-06-03,0.22000000000000003,
SZ000601,2025-03-13,0.2,
SZ000601,2026-08-21,0.05,
SZ000603,2025-06-17,0.1,
SZ000603,2026-06-09,0.12,
SZ000605,2025-06-25,0.02,
SZ000605,2026-06-29,0.012,
SZ000612,2025-05-27,0.13,
SZ000612,2026-05-26,0.325,
SZ000617,2025-01-08,0.06,
SZ000617,2025-07-03,0.056999999999999995,
SZ000617,2026-01-07,0.05500000000000001,
SZ000617,2026-06-24,0.047,
SZ000623,2025-07-09,0.3,
SZ000623,2025-10-22,0.2,
SZ000623,2026-07-08,0.3,
SZ000625,2025-07-23,0.29500000000000004,
SZ000625,2025-11-28,0.05,
SZ000625,2026-07-16,0.11682300000000001,
SZ000626,2026-09-17,0.22000000000000003,
SZ000628,2025-07-31,0.05500000000000001,
SZ000628,2026-07-24,0.1,
SZ000630,2025-06-23,0.1,
SZ000630,2025-11-24,0.05,
SZ000630,2026-06-08,0.05,
SZ000631,2026-05-27,0.015,
SZ000636,2025-07-11,0.15,
SZ000636,2026-07-10,0.1,
SZ000650,2025-06-17,0.15,
SZ000650,2026-07-17,0.15181530000000001,
SZ000651,2025-05-15,1.0,
SZ000651,2025-08-29,2.0,
SZ000651,2026-01-23,1.0,
SZ000651,2026-08-27,2.0,
SZ000652,2025-06-26,0.03,
SZ000655,2025-07-23,0.11000000000000001,
SZ000655,2025-10-17,0.05,
SZ000655,2025-11-27,0.05,
SZ000655,2026-06-25,0.126,
SZ000657,2025-06-19,0.16,
SZ000657,2026-07-06,0.22999999999999998,
SZ000661,2025-07-04,2.6,
SZ000661,2026-05-25,0.16,
SZ000668,2026-07-08,0.16,
SZ000672,2025-05-27,0.63,
SZ000672,2026-05-29,0.48,
SZ000672,2026-09-08,0.157,
SZ000680,2025-01-08,0.03,
SZ000680,2025-07-15,0.06,
SZ000680,2025-09-26,0.034999999999999996,
SZ000680,2026-06-09,0.1,
SZ000681,2025-08-15,0.013000000000000001,
SZ000681,2025-09-25,0.011,
SZ000681,2026-08-03,0.004,
SZ000681,2026-09-07,0.006,
SZ000682,2025-07-09,0.045,
SZ000682,2025-09-10,0.037,
SZ000682,2026-07-08,0.05,
SZ000682,2026-09-15,0.037,
SZ000683,2025-06-17,0.3,
SZ000683,2026-07-07,0.3,
SZ000685,2025-07-16,0.08199999999999999,
SZ000685,2026-07-15,0.385,
SZ000686,2025-01-24,0.05,
SZ000686,2025-05-30,0.06999999999999999,
SZ000686,2025-11-12,0.1,
SZ000686,2026-05-28,0.15,
SZ000688,2026-04-24,0.13,
SZ000690,2025-05-29,0.15,
SZ000690,2025-09-17,0.05,
SZ000690,2026-05-22,0.2,
SZ000700,2025-01-22,0.217,
SZ000700,2026-01-08,0.3268,
SZ000703,2025-06-20,0.05,
SZ000703,2026-06-15,0.05,
SZ000703,2026-09-18,0.9,
SZ000705,2025-06-27,0.06,
SZ000707,2025-06-17,0.1815,
SZ000708,2025-05-09,0.5072162,
SZ000708,2025-10-15,0.2,
SZ000708,2026-05-21,0.4457954,
SZ000708,2026-09-16,0.2,
SZ000709,2025-07-17,0.03,
SZ000709,2026-07-23,0.04,
SZ000713,2025-05-20,0.02,
SZ000713,2026-06-26,0.03,
SZ000715,2025-05-29,0.1,
SZ000715,2026-06-10,0.065,
SZ000716,2025-08-15,0.05,
SZ000718,2025-07-25,0.04,
SZ000718,2025-12-11,0.03,
SZ000719,2025-06-30,0.6,
SZ000719,2026-07-01,0.6599999999999999,
SZ000722,2025-06-18,0.05,
SZ000722,2026-05-07,0.05,
SZ000725,2025-06-25,0.05,
SZ000725,2026-06-18,0.05600000000000001,
SZ000726,2025-06-20,0.1,
SZ000726,2025-10-23,0.1,
SZ000726,2026-06-18,0.15,
SZ000728,2025-06-27,0.1,
SZ000728,2025-11-12,0.08,
SZ000728,2026-06-26,0.1,
SZ000729,2025-07-29,0.19,
SZ000729,2025-12-29,0.1,
SZ000729,2026-07-20,0.2,
SZ000731,2025-06-16,0.16999999999999998,
SZ000731,2025-10-20,0.1,
SZ000733,2025-06-19,0.18,
SZ000733,2026-06-30,0.38,
SZ000735,2025-07-18,0.02,
SZ000735,2026-05-21,0.034999999999999996,
SZ000737,2025-07-14,0.11000000000000001,
SZ000737,2026-07-22,0.13999999999999999,
SZ000738,2025-06-26,0.172,
SZ000738,2026-06-26,0.077,
SZ000739,2025-05-22,0.3560569,
SZ000739,2025-09-17,0.34835,
SZ000739,2026-04-29,0.238,
SZ000750,2025-05-30,0.03,
SZ000750,2025-11-12,0.012,
SZ000750,2026-07-10,0.03,
SZ000751,2026-06-01,0.01,
SZ000753,2025-07-16,0.015,
SZ000753,2025-12-12,0.005,
SZ000753,2026-06-24,0.015,
SZ000755,2025-06-19,0.2,
SZ000755,2026-06-24,0.2,
SZ000756,2025-07-18,0.25,
SZ000756,2026-07-31,0.15,
SZ000758,2025-06-26,0.046027,
SZ000758,2026-07-09,0.05500000000000001,
SZ000762,2025-06-19,0.05,
SZ000768,2025-06-23,0.12,
SZ000768,2026-06-23,0.15,
SZ000776,2025-06-30,0.4,
SZ000776,2025-10-22,0.1,
SZ000776,2026-08-07,0.5,
SZ000777,2025-07-08,0.174,
SZ000777,2025-11-13,0.020999999999999998,
SZ000777,2026-07-15,0.11200000000000002,
SZ000778,2025-07-04,0.02,
SZ000778,2026-07-08,0.075,
SZ000779,2025-06-13,0.08,
SZ000779,2026-06-24,0.04,
SZ000783,2025-06-12,0.15,
SZ000783,2026-06-15,0.3,
SZ000786,2025-06-13,0.865,
SZ000786,2026-06-12,0.6849999999999999,
SZ000788,2025-06-17,0.03,
SZ000788,2025-10-13,0.03,
SZ000788,2026-03-10,0.16799999999999998,
SZ000789,2025-07-10,0.15,
SZ000789,2026-06-12,0.15,
SZ000791,2025-06-04,0.18,
SZ000791,2026-05-22,0.22999999999999998,
SZ000795,2025-05-22,0.124,
SZ000795,2025-09-15,0.13799999999999998,
SZ000795,2026-06-03,0.125,
SZ000799,2025-07-31,0.6,
SZ000799,2026-07-31,0.3,
SZ000800,2025-06-17,0.05,
SZ000800,2026-07-08,0.045,
SZ000801,2025-06-12,0.1,
SZ000801,2026-06-24,0.02,
SZ000807,2025-06-26,0.18,
SZ000807,2025-10-28,0.32,
SZ000807,2026-06-10,0.379,
SZ000810,2025-01-22,0.08,
SZ000810,2025-06-13,0.05,
SZ000810,2026-06-16,0.08,
SZ000811,2025-01-10,0.1,
SZ000811,2025-05-29,0.15,
SZ000811,2026-06-25,0.1,
SZ000812,2025-07-25,0.028000000000000004,
SZ000819,2025-07-11,0.1,
SZ000821,2025-07-08,0.06999999999999999,
SZ000821,2026-07-03,0.033,
SZ000823,2025-04-22,0.2,
SZ000823,2026-05-12,0.2,
SZ000825,2026-06-09,0.009,
SZ000828,2025-05-14,0.325,
SZ000828,2025-09-24,0.15,
SZ000828,2026-05-19,0.325,
SZ000829,2025-06-20,0.01,
SZ000830,2025-06-19,0.35,
SZ000830,2026-06-26,0.2,
SZ000831,2026-07-03,0.028999999999999998,
SZ000833,2025-06-18,0.122,
SZ000833,2026-05-29,0.18,
SZ000837,2025-12-19,0.03,
SZ000848,2025-06-04,0.3,
SZ000848,2026-05-29,0.5,
SZ000850,2025-08-06,0.1,
SZ000850,2026-07-22,0.1,
SZ000856,2026-06-11,0.04,
SZ000858,2025-01-23,2.576,
SZ000858,2025-07-18,3.169,
SZ000858,2025-12-18,2.5780000000000003,
SZ000858,2026-07-16,2.5796852,
SZ000860,2025-06-13,0.15,
SZ000869,2025-06-20,0.4,
SZ000869,2026-06-12,0.25,
SZ000875,2025-06-19,0.016,
SZ000875,2025-09-18,0.02,
SZ000875,2025-11-25,0.020999999999999998,
SZ000875,2026-06-09,0.016,
SZ000875,2026-09-22,0.022,
SZ000876,2025-07-25,0.0241245,
SZ000878,2025-05-30,0.24,
SZ000878,2026-05-22,0.22999999999999998,
SZ000880,2025-01-24,0.03,
SZ000880,2025-08-19,0.16999999999999998,
SZ000880,2025-09-19,0.09,
SZ000880,2026-08-18,0.11599999999999999,
SZ000883,2025-06-20,0.1,
SZ000883,2026-07-22,0.15,
SZ000885,2025-06-25,0.356,
SZ000885,2026-06-10,0.386,
SZ000887,2025-06-27,0.15,
SZ000887,2025-09-30,0.05,
SZ000887,2026-06-03,0.15,
SZ000888,2025-07-16,0.25,
SZ000888,2025-12-26,0.08,
SZ000888,2026-07-17,0.15,
SZ000893,2026-06-03,0.11000000000000001,
SZ000895,2025-04-30,0.75,
SZ000895,2025-08-22,0.65,
SZ000895,2026-04-29,0.8,
SZ000897,2025-07-28,0.095,
SZ000899,2025-06-16,0.32999999999999996,
SZ000899,2026-06-15,0.567,
SZ000900,2025-05-29,0.15,
SZ000900,2026-05-28,0.16,
SZ000901,2026-06-26,0.01,
SZ000902,2025-05-20,0.3,
SZ000902,2026-05-28,0.2,
SZ000902,2026-08-26,0.1,
SZ000905,2025-06-16,0.05500000000000001,
SZ000905,2025-10-23,0.05500000000000001,
SZ000905,2026-03-06,0.03,
SZ000905,2026-05-22,0.04,
SZ000905,2026-09-07,0.10600000000000001,
SZ000906,2025-06-05,0.2,
SZ000906,2026-06-05,0.13,
SZ000910,2025-05-15,0.19,
SZ000910,2026-05-15,0.19,
SZ000913,2025-05-29,0.4,
SZ000913,2025-09-12,0.5,
SZ000913,2026-05-27,0.6,
SZ000915,2025-06-11,2.0,
SZ000915,2025-10-17,0.5,
SZ000915,2026-07-01,2.0,
SZ000917,2025-07-25,0.02,
SZ000917,2026-07-07,0.03,
SZ000919,2025-07-08,0.1,
SZ000919,2026-06-17,0.1,
SZ000920,2025-06-19,0.147,
SZ000920,2025-10-21,0.06,
SZ000920,2026-06-16,0.16399999999999998,
SZ000920,2026-09-22,0.065,
SZ000921,2025-08-15,1.23,
SZ000921,2026-08-14,1.2650000000000001,
SZ000922,2025-05-20,0.11100000000000002,
SZ000922,2026-05-21,0.11000000000000001,
SZ000923,2025-06-25,0.5,
SZ000923,2026-06-15,0.6,
SZ000925,2026-07-13,0.015,
SZ000927,2025-06-27,0.027000000000000003,
SZ000927,2026-06-24,0.043,
SZ000928,2025-06-13,0.29900000000000004,
SZ000928,2026-06-05,0.21000000000000002,
SZ000930,2026-07-16,0.03,
SZ000931,2026-06-12,0.02,
SZ000932,2025-06-27,0.1,
SZ000932,2026-06-26,0.16,
SZ000933,2025-05-16,0.5,
SZ000933,2026-05-29,0.8,
SZ000936,2025-06-26,0.02,
SZ000936,2025-09-25,0.02,
SZ000936,2026-07-07,0.02,
SZ000937,2025-06-13,0.6,
SZ000937,2026-06-17,0.1,
SZ000938,2025-06-13,0.075,
SZ000938,2026-06-12,0.065,
SZ000948,2025-07-04,0.09,
SZ000948,2026-07-07,0.03,
SZ000949,2026-06-03,0.02,
SZ000950,2025-06-20,0.03,
SZ000950,2026-01-16,0.03,
SZ000950,2026-06-18,0.03,
SZ000951,2025-06-27,0.40499999999999997,
SZ000951,2025-11-14,0.315,
SZ000951,2026-06-26,0.512,
SZ000957,2025-01-21,0.03,
SZ000957,2025-07-11,0.05,
SZ000957,2025-11-12,0.05,
SZ000957,2026-07-13,0.05,
SZ000958,2025-07-01,0.06899999999999999,
SZ000958,2025-11-05,0.11000000000000001,
SZ000959,2025-06-20,0.022,
SZ000959,2026-07-10,0.04,
SZ000960,2025-01-23,0.1,
SZ000960,2025-05-12,0.19,
SZ000960,2026-01-27,0.11000000000000001,
SZ000960,2026-04-30,0.25,
SZ000962,2025-06-24,0.077,
SZ000962,2025-11-11,0.05,
SZ000962,2026-06-23,0.11100000000000002,
SZ000963,2025-06-05,0.58,
SZ000963,2025-09-18,0.35,
SZ000963,2026-06-10,0.58,
SZ000963,2026-09-18,0.35,
SZ000965,2025-06-19,0.01,
SZ000965,2026-06-24,0.01,
SZ000966,2025-07-15,0.072,
SZ000967,2025-07-28,0.189,
SZ000967,2026-07-13,0.13,
SZ000968,2025-07-11,0.03,
SZ000968,2026-06-26,0.05,
SZ000969,2025-06-18,0.2,
SZ000969,2026-06-18,0.2,
SZ000970,2025-05-28,0.02,
SZ000970,2026-06-11,0.025,
SZ000973,2025-06-19,0.034999999999999996,
SZ000973,2026-06-10,0.012,
SZ000975,2025-05-20,0.365,
SZ000975,2026-04-24,0.48040209999999994,
SZ000977,2025-01-17,0.045,
SZ000977,2025-05-23,0.11499999999999999,
SZ000977,2026-05-20,0.04,
SZ000983,2025-07-11,0.22000000000000003,
SZ000983,2025-10-29,0.036,
SZ000983,2026-07-15,0.09,
SZ000985,2025-06-20,0.05,
SZ000985,2025-09-12,0.015,
SZ000985,2026-06-23,0.011,
SZ000985,2026-09-23,0.012,
SZ000987,2025-07-03,0.16999999999999998,
SZ000987,2025-11-12,0.09,
SZ000987,2026-07-01,0.13,
SZ000988,2025-06-20,0.2019684,
SZ000988,2026-06-12,0.25,
SZ000989,2025-05-08,0.3,
SZ000989,2026-05-14,0.3,
SZ000990,2025-06-09,0.05,
SZ000990,2026-07-30,,
SZ000993,2026-07-30,0.18,
SZ000997,2025-07-01,0.22000000000000003,
SZ000997,2026-06-25,0.25,
SZ000998,2025-07-09,0.04,
SZ000998,2026-06-12,0.041999999999999996,
SZ000999,2025-06-06,0.32,
SZ000999,2025-10-17,0.45,
SZ000999,2026-05-29,0.5900000000000001,
SZ001202,2025-06-18,,
SZ001202,2026-09-08,0.2,
SZ001203,2025-06-26,0.2,
SZ001203,2026-06-30,0.2,
SZ001205,2025-06-06,0.12,
SZ001205,2026-05-26,0.15,
SZ001206,2025-05-29,0.37,
SZ001206,2025-09-03,0.24,
SZ001206,2026-02-04,0.22000000000000003,
SZ001206,2026-05-18,0.3,
SZ001206,2026-09-03,0.22000000000000003,
SZ001207,2025-03-31,0.3,
SZ001207,2025-10-24,0.3,
SZ001207,2026-04-08,0.5,
SZ001208,2025-05-30,0.062,
SZ001208,2026-06-12,0.065,
SZ001209,2025-06-16,0.2,
SZ001209,2026-06-29,0.12,
SZ001210,2025-06-09,0.1,
SZ001210,2025-09-17,0.2,
SZ001210,2026-06-05,0.25,
SZ001211,2025-07-07,0.211404,
SZ001211,2026-06-04,,
SZ001212,2025-05-29,0.1,
SZ001213,2025-06-27,0.061,
SZ001213,2025-10-22,0.02,
SZ001213,2026-06-24,0.0346,
SZ001216,2025-06-13,0.4,
SZ001216,2026-06-18,0.3882061,
SZ001217,2025-05-22,0.1,
SZ001217,2026-05-26,0.1,
SZ001218,2025-07-04,0.51,
SZ001218,2026-07-03,0.5599999999999999,
SZ001219,2025-06-27,0.3,
SZ001219,2025-10-28,0.1,
SZ001219,2026-06-02,0.25,
SZ001220,2026-06-16,0.453,
SZ001221,2025-12-08,0.36,
SZ001221,2026-06-03,0.16999999999999998,
SZ001221,2026-08-26,0.22000000000000003,
SZ001222,2025-06-27,0.15,
SZ001223,2025-05-26,0.15,
SZ001223,2026-06-02,0.215,
SZ001225,2025-05-22,1.222,
SZ001225,2026-06-08,0.312,
SZ001226,2025-06-18,0.4,
SZ001227,2025-01-24,0.05,
SZ001227,2025-07-22,0.051000000000000004,
SZ001227,2026-02-09,0.05,
SZ001227,2026-06-24,0.03,
SZ001228,2025-06-10,0.3,
SZ001228,2025-11-26,0.3,
SZ001228,2026-06-24,0.3,
SZ001229,2025-06-24,0.6,
SZ001229,2026-06-09,0.3,
SZ001230,2025-06-13,0.32,
SZ001230,2025-10-24,0.11000000000000001,
SZ001230,2026-06-17,0.38,
SZ001230,2026-09-07,0.09,
SZ001231,2025-08-01,0.15,
SZ001231,2026-08-25,0.15,
SZ001233,2026-01-07,2.0,
SZ001234,2025-07-03,0.3,
SZ001234,2026-06-18,0.29,
SZ001236,2025-08-08,0.01,
SZ001236,2026-08-07,0.004,
SZ001238,2026-06-03,0.1,
SZ001255,2025-05-29,0.04,
SZ001255,2026-06-15,0.04,
SZ001256,2025-05-29,0.2,
SZ001256,2026-06-25,0.3,
SZ001257,2026-07-01,0.15,
SZ001258,2025-05-28,0.017,
SZ001258,2026-06-30,0.03,
SZ001259,2025-05-26,0.16,
SZ001259,2026-06-02,0.12,
SZ001260,2025-05-30,0.126,
SZ001260,2026-05-27,0.215,
SZ001266,2025-06-06,0.3015197,
SZ001266,2026-06-04,0.2998308,
SZ001267,2025-05-30,0.05,
SZ001267,2026-05-15,0.063,
SZ001267,2026-09-11,0.02,
SZ001268,2025-05-27,0.45,
SZ001268,2026-07-07,0.3,
SZ001270,2026-05-27,0.2,
SZ001277,2025-01-17,0.148,
SZ001277,2025-05-09,0.40599999999999997,
SZ001277,2026-05-18,0.34199999999999997,
SZ001278,2025-07-10,0.1,
SZ001279,2025-06-12,0.125,
SZ001279,2025-11-13,0.0625,
SZ001279,2026-06-04,0.125,
SZ001280,2026-07-06,0.26,
SZ001282,2025-06-26,0.1,
SZ001282,2025-12-19,0.06999999999999999,
SZ001282,2026-06-26,0.08499999999999999,
SZ001283,2025-06-12,0.4799991,
SZ001283,2026-05-26,0.38,
SZ001285,2026-05-27,0.5559999999999999,
SZ001286,2025-01-22,0.05,
SZ001286,2025-06-26,0.36,
SZ001286,2026-06-26,0.41,
SZ001287,2025-06-09,0.11200000000000002,
SZ001287,2026-06-11,0.118,
SZ001288,2025-05-16,0.25,
SZ001288,2026-05-18,0.2,
SZ001289,2025-08-15,0.2278,
SZ001289,2025-12-29,0.1,
SZ001289,2026-06-26,0.0625,
SZ001296,2025-01-08,0.2,
SZ001296,2025-07-04,0.2,
SZ001296,2025-12-16,0.2,
SZ001296,2026-07-08,0.2,
SZ001298,2025-05-28,0.06,
SZ001298,2026-04-17,0.06999999999999999,
SZ001299,2025-04-29,0.8,
SZ001299,2025-09-23,0.15,
SZ001299,2026-04-29,0.5,
SZ001300,2025-06-26,0.01,
SZ001301,2025-05-20,0.8,
SZ001301,2026-07-03,0.8,
SZ001306,2025-07-03,0.16299999999999998,
SZ001308,2025-06-06,0.18,
SZ001308,2025-11-17,0.36,
SZ001308,2026-05-29,0.6,
SZ001308,2026-09-07,0.36,
SZ001309,2025-07-10,0.3,
SZ001309,2026-04-01,0.4,
SZ001311,2025-06-10,0.67,
SZ001311,2026-05-26,,
SZ001312,2026-06-26,0.2,
SZ001313,2025-09-24,0.11299999999999999,
SZ001314,2025-06-30,0.090641,
SZ001314,2026-06-02,0.18,
SZ001316,2025-07-07,0.365,
SZ001316,2025-09-05,0.348,
SZ001316,2026-05-20,0.43600000000000005,
SZ001316,2026-09-04,0.35,
SZ001317,2025-06-25,0.1,
SZ001318,2025-06-19,0.18,
SZ001318,2026-06-16,0.22999999999999998,
SZ001319,2025-06-19,0.39,
SZ001319,2026-06-18,0.35,
SZ001319,2026-09-16,0.1,
SZ001322,2025-05-22,0.1323715,
SZ001322,2026-05-29,0.04,
SZ001323,2025-08-21,,
SZ001323,2025-09-26,0.45,
SZ001323,2026-06-08,1.0,
SZ001324,2025-05-30,0.0727514,
SZ001324,2025-09-30,0.06,
SZ001324,2026-05-29,0.0726351,
SZ001325,2026-06-18,0.61,
SZ001325,2026-09-16,0.15,
SZ001326,2025-05-28,0.27999999999999997,
SZ001326,2026-06-16,0.13999999999999999,
SZ001328,2025-06-13,0.75,
SZ001328,2026-06-05,0.85,
SZ001331,2025-06-05,,
SZ001331,2026-06-26,0.06,
SZ001332,2025-05-20,0.5,
SZ001332,2025-10-27,0.3,
SZ001332,2026-05-29,0.5,
SZ001333,2025-06-25,0.36,
SZ001333,2026-07-03,0.36,
SZ001335,2025-07-16,0.15,
SZ001335,2026-06-24,0.15,
SZ001336,2025-07-11,0.12,
SZ001336,2025-10-23,0.03,
SZ001336,2026-07-28,0.12,
SZ001337,2025-05-26,0.25,
SZ001337,2026-05-12,0.5,
SZ001338,2025-06-19,0.3,
SZ001338,2026-06-25,0.24,
SZ001339,2025-05-27,0.08,
SZ001339,2026-06-29,0.03,
SZ001356,2025-06-17,0.038,
SZ001356,2026-06-22,0.032,
SZ001358,2025-04-28,0.5,
SZ001358,2026-04-30,0.25,
SZ001359,2025-06-26,0.36,
SZ001359,2026-06-23,0.398,
SZ001359,2026-09-18,0.16,
SZ001360,2025-05-28,0.15,
SZ001360,2026-06-23,0.2,
SZ001367,2025-05-20,0.16999999999999998,
SZ001367,2026-05-13,0.11599999999999999,
SZ001368,2025-05-08,0.15,
SZ001368,2025-12-12,0.6,
SZ001368,2026-05-13,0.15,
SZ001369,2026-05-29,0.15,
SZ001373,2025-06-12,0.06,
SZ001376,2025-04-11,0.1,
SZ001376,2025-08-29,0.05,
SZ001376,2026-07-09,0.1,
SZ001378,2025-06-13,0.45,
SZ001378,2025-12-19,0.2,
SZ001378,2026-05-22,0.45,
SZ001379,2025-06-03,0.1,
SZ001379,2025-11-04,0.1,
SZ001379,2026-06-04,0.1,
SZ001380,2025-05-20,0.3,
SZ001380,2026-06-18,0.1,
SZ001382,2025-06-12,0.25,
SZ001382,2026-05-27,0.075,
SZ001386,2025-12-18,0.3,
SZ001386,2026-06-10,0.3,
SZ001387,2025-01-24,0.08,
SZ001387,2025-06-30,0.12,
SZ001387,2026-05-28,0.2,
SZ001388,2025-09-19,0.6,
SZ001388,2026-07-17,0.5,
SZ001389,2025-05-30,0.48,
SZ001389,2026-07-10,0.6456411,
SZ001390,2026-07-09,0.13,
SZ001391,2025-07-11,0.065,
SZ001391,2026-07-02,0.087,
SZ001395,2025-06-26,0.62,
SZ001395,2026-06-16,1.0,
SZ001396,2026-06-04,0.188,
SZ001400,2025-09-26,0.8,
SZ001400,2026-05-29,0.4,
SZ001400,2026-09-09,0.5,
SZ001696,2025-06-17,0.2,
SZ001696,2026-06-12,0.2,
SZ001872,2025-06-25,0.74,
SZ001872,2026-07-15,0.799,
SZ001914,2025-08-13,0.24009740000000002,
SZ001914,2026-07-24,0.26,
SZ001965,2025-07-31,0.417,
SZ001965,2026-07-31,0.373,
SZ001979,2025-07-17,0.1940909,
SZ001979,2026-07-21,0.0511,
SZ002001,2025-05-21,0.5,
SZ002001,2025-10-20,0.2,
SZ002001,2026-05-28,0.8,
SZ002003,2025-05-21,0.3,
SZ002003,2025-10-30,0.1,
SZ002003,2026-05-20,0.4,
SZ002004,2025-09-16,0.2,
SZ002004,2026-06-16,0.25,
SZ002006,2025-07-04,0.15,
SZ002006,2026-07-08,0.2,
SZ002007,2025-06-17,0.2,
SZ002007,2025-10-27,0.5,
SZ002007,2026-06-15,0.5,
SZ002008,2025-05-21,0.35,
SZ002008,2026-05-21,0.2,
SZ002009,2026-07-17,0.05,
SZ002010,2025-06-06,0.1,
SZ002010,2025-10-30,0.05,
SZ002010,2026-06-30,0.1,
SZ002011,2026-08-11,0.1,
SZ002012,2025-05-26,0.004,
SZ002012,2026-05-26,0.020999999999999998,
SZ002014,2025-04-23,0.62,
SZ002014,2025-09-30,0.27999999999999997,
SZ002014,2026-05-25,0.27,
SZ002014,2026-09-16,0.27,
SZ002015,2025-07-11,0.1,
SZ002015,2026-06-18,0.1,
SZ002016,2025-07-14,0.01,
SZ002016,2026-06-25,0.018,
SZ002017,2025-06-12,0.16399999999999998,
SZ002017,2026-06-12,0.145,
SZ002019,2025-05-29,0.1,
SZ002019,2026-05-29,0.1,
SZ002020,2025-05-29,0.35,
SZ002020,2026-06-11,0.35,
SZ002025,2025-07-11,0.22999999999999998,
SZ002025,2026-07-17,0.13,
SZ002026,2025-07-16,0.08,
SZ002026,2025-12-04,0.05,
SZ002026,2026-07-15,0.02,
SZ002027,2025-08-22,0.22999999999999998,
SZ002027,2025-10-17,0.1,
SZ002027,2025-11-25,0.05,
SZ002027,2026-07-09,0.19,
SZ002027,2026-09-04,0.05,
SZ002028,2025-07-04,0.49984029999999996,
SZ002028,2026-07-08,0.6998907,
SZ002029,2025-06-20,0.1,
SZ002029,2026-08-11,0.1,
SZ002032,2025-05-27,2.81,
SZ002032,2026-05-28,2.63,
SZ002033,2025-05-23,0.35,
SZ002033,2026-05-21,0.35,
SZ002034,2025-07-11,0.3008441,
SZ002034,2025-10-21,0.2,
SZ002035,2025-06-26,0.3,
SZ002035,2026-02-04,0.1,
SZ002035,2026-06-18,0.1,
SZ002038,2025-07-04,0.02,
SZ002038,2026-07-22,0.01,
SZ002039,2025-06-27,0.06,
SZ002039,2025-09-26,0.1,
SZ002039,2026-05-29,0.39,
SZ002040,2025-07-21,0.095,
SZ002040,2026-07-28,0.11599999999999999,
SZ002041,2025-05-29,0.028999999999999998,
SZ002042,2026-06-15,0.0115,
SZ002043,2025-05-29,0.32,
SZ002043,2025-09-05,0.27999999999999997,
SZ002043,2026-06-01,0.132,
SZ002043,2026-06-01,0.18,
SZ002043,2026-09-03,0.12,
SZ002044,2025-07-04,0.013500000000000002,
SZ002044,2026-07-13,0.009,
SZ002045,2026-06-03,0.015,
SZ002046,2025-06-13,0.21000000000000002,
SZ002046,2026-06-16,0.196,
SZ002048,2025-07-16,0.46900000000000003,
SZ002048,2026-05-29,0.26,
SZ002049,2025-06-26,0.21000000000000002,
SZ002049,2026-06-30,0.3099995,
SZ002050,2025-05-22,0.25,
SZ002050,2026-01-15,0.12,
SZ002050,2026-07-15,0.27999999999999997,
SZ002051,2025-07-10,0.125,
SZ002051,2026-06-26,0.11020440000000001,
SZ002053,2025-05-29,0.32999999999999996,
SZ002053,2026-05-28,0.13,
SZ002054,2025-04-30,0.06999999999999999,
SZ002054,2026-04-30,0.06999999999999999,
SZ002056,2025-05-30,0.45219,
SZ002056,2025-09-30,0.38,
SZ002056,2026-06-18,0.6,
SZ002057,2025-07-09,0.064,
SZ002057,2025-10-09,0.06,
SZ002057,2026-06-23,0.057999999999999996,
SZ002060,2025-05-29,0.13999999999999999,
SZ002060,2026-05-22,0.13999999999999999,
SZ002061,2025-06-05,0.125,
SZ002061,2026-05-29,0.11000000000000001,
SZ002062,2025-06-05,0.1,
SZ002062,2026-05-29,0.1,
SZ002063,2025-07-08,0.03,
SZ002063,2026-06-16,0.032,
SZ002064,2025-05-16,0.15,
SZ002064,2025-10-15,0.05,
SZ002064,2026-06-10,0.1,
SZ002065,2025-07-11,0.05,
SZ002065,2026-07-10,0.05,
SZ002066,2025-06-27,0.15,
SZ002067,2026-06-11,0.01,
SZ002073,2025-06-06,0.1,
SZ002073,2025-09-03,0.05,
SZ002073,2026-06-08,0.02,
SZ002073,2026-09-09,0.02,
SZ002074,2025-07-21,0.1,
SZ002074,2026-07-16,0.1,
SZ002075,2025-06-18,0.025,
SZ002075,2025-10-24,0.025,
SZ002075,2026-06-18,0.025,
SZ002078,2025-07-10,0.3,
SZ002078,2025-12-10,0.1,
SZ002078,2026-07-06,0.2,
SZ002079,2025-06-13,0.019,
SZ002079,2026-06-30,0.017,
SZ002080,2025-05-30,0.225,
SZ002080,2026-05-29,0.434,
SZ002081,2025-06-06,0.1,
SZ002081,2026-06-05,0.13,
SZ002083,2025-05-20,0.15,
SZ002083,2026-06-18,0.3,
SZ002085,2025-06-18,0.1,
SZ002085,2025-10-23,0.1,
SZ002085,2026-06-18,0.05,
SZ002085,2026-09-22,0.15,
SZ002088,2025-06-13,0.8,
SZ002088,2026-07-01,0.3,
SZ002090,2025-06-13,0.04,
SZ002090,2025-09-19,0.025,
SZ002090,2026-06-26,0.045,
SZ002091,2025-06-19,0.3,
SZ002091,2025-11-18,0.16999910000000001,
SZ002091,2026-06-08,0.2999987,
SZ002093,2025-07-16,0.08,
SZ002093,2025-09-12,0.04,
SZ002093,2026-06-12,0.06,
SZ002095,2025-06-06,0.05,
SZ002095,2026-06-12,0.05,
SZ002096,2025-07-28,0.22999999999999998,
SZ002096,2026-07-21,0.256,
SZ002097,2025-07-16,0.02,
SZ002097,2026-07-10,0.023,
SZ002098,2025-07-01,0.1,
SZ002098,2026-07-09,0.1,
SZ002100,2025-06-05,0.22000000000000003,
SZ002100,2026-06-10,0.078,
SZ002101,2025-07-07,0.313,
SZ002101,2026-07-10,0.252,
SZ002104,2025-06-17,0.0804843,
SZ002104,2026-07-24,0.0332,
SZ002106,2025-06-19,0.1,
SZ002106,2026-06-17,0.1,
SZ002107,2025-09-11,0.12,
SZ002107,2026-03-05,0.146,
SZ002107,2026-08-18,0.11699999999999999,
SZ002108,2025-05-27,0.1,
SZ002108,2026-06-25,0.05,
SZ002110,2026-07-16,0.01,
SZ002111,2025-06-27,0.1,
SZ002111,2025-10-13,0.08,
SZ002111,2026-07-21,0.24500000000000002,
SZ002112,2025-05-27,0.06999999999999999,
SZ002112,2026-06-25,0.01,
SZ002116,2025-06-26,0.30937899999999996,
SZ002116,2026-06-22,0.21930900000000003,
SZ002117,2025-05-16,0.21000000000000002,
SZ002117,2026-05-15,0.3,
SZ002119,2025-05-09,0.03,
SZ002119,2026-05-08,0.04,
SZ002120,2025-06-12,0.2,
SZ002120,2026-06-17,0.2,
SZ002125,2025-05-28,0.16,
SZ002125,2026-06-11,0.11499999999999999,
SZ002126,2025-06-10,0.12,
SZ002126,2026-05-22,0.12,
SZ002127,2025-05-30,0.04,
SZ002127,2026-06-08,0.06,
SZ002128,2025-07-10,0.8,
SZ002128,2026-03-10,0.3,
SZ002128,2026-05-20,1.0,
SZ002130,2025-06-23,0.1366402,
SZ002130,2026-07-10,0.16499999999999998,
SZ002131,2025-06-26,0.03,
SZ002131,2025-11-28,0.005,
SZ002131,2026-05-28,0.03,
SZ002132,2025-06-30,0.05,
SZ002132,2026-07-08,0.05,
SZ002133,2025-10-17,0.05,
SZ002135,2025-05-23,0.06999999999999999,
SZ002135,2026-06-04,0.01,
SZ002137,2026-05-26,0.05,
SZ002138,2025-03-31,0.6,
SZ002138,2026-04-01,0.8,
SZ002139,2025-05-14,0.06999999999999999,
SZ002139,2026-05-14,0.06999999999999999,
SZ002140,2025-06-17,0.15,
SZ002140,2026-01-09,0.05,
SZ002140,2026-06-25,0.15,
SZ002142,2025-07-16,0.9,
SZ002142,2025-12-17,0.3,
SZ002142,2026-07-16,0.9,
SZ002144,2025-06-20,0.05,
SZ002144,2026-06-18,0.05,
SZ002145,2025-04-14,0.016,
SZ002145,2026-06-10,0.02,
SZ002145,2026-08-18,0.02,
SZ002148,2025-06-04,0.016,
SZ002149,2025-07-09,0.2,
SZ002149,2025-10-22,0.1,
SZ002149,2026-07-10,0.1,
SZ002150,2025-05-30,0.1,
SZ002150,2026-05-29,0.1,
SZ002152,2025-05-22,0.2,
SZ002152,2026-01-14,0.16999999999999998,
SZ002152,2026-05-28,0.2,
SZ002153,2025-06-13,0.01,
SZ002153,2026-05-13,0.01,
SZ002154,2025-05-28,0.05,
SZ002154,2026-05-29,0.16999999999999998,
SZ002155,2025-06-13,0.22999999999999998,
SZ002155,2026-06-11,0.3,
SZ002156,2025-06-17,0.045,
SZ002156,2026-05-28,0.081,
SZ002158,2025-06-06,0.58,
SZ002158,2026-06-05,0.45,
SZ002159,2025-07-04,0.25,
SZ002159,2026-06-10,0.27999999999999997,
SZ002161,2025-06-06,0.015,
SZ002161,2026-07-13,0.013519999999999999,
SZ002165,2025-06-23,0.04,
SZ002165,2026-06-17,0.03,
SZ002166,2025-06-09,0.1,
SZ002166,2026-05-11,0.1,
SZ002169,2025-07-10,0.08,
SZ002169,2026-06-09,0.08,
SZ002170,2025-07-04,0.27999999999999997,
SZ002170,2025-10-28,0.16,
SZ002170,2026-05-15,0.5700000000000001,
SZ002170,2026-09-16,0.2,
SZ002171,2026-06-05,0.08,
SZ002177,2025-05-30,0.001,
SZ002177,2025-07-10,0.002,
SZ002177,2025-10-16,0.002,
SZ002177,2025-12-11,0.002,
SZ002179,2025-06-17,0.8,
SZ002179,2026-05-26,0.55,
SZ002181,2025-08-28,0.068,
SZ002181,2026-08-06,0.063,
SZ002182,2025-06-06,0.05,
SZ002183,2025-07-08,0.01,
SZ002185,2025-05-06,0.057999999999999996,
SZ002185,2026-06-10,0.022,
SZ002187,2025-06-12,0.04,
SZ002192,2025-07-10,0.16599999999999998,
SZ002192,2026-07-03,0.22000000000000003,
SZ002194,2025-05-16,0.06999999999999999,
SZ002195,2026-06-02,0.002,
SZ002201,2025-07-07,0.014000000000000002,
SZ002201,2026-01-09,0.01,
SZ002201,2026-06-18,0.015,
SZ002202,2025-08-15,0.13999999999999999,
SZ002202,2026-08-07,0.2,
SZ002203,2025-07-04,0.18,
SZ002203,2025-10-29,0.1,
SZ002203,2026-07-09,0.128,
SZ002204,2025-06-06,0.05,
SZ002204,2026-06-12,0.095,
SZ002206,2025-05-23,0.18,
SZ002206,2026-05-21,0.2,
SZ002209,2025-06-06,0.052000000000000005,
SZ002209,2026-06-26,0.08,
SZ002212,2025-07-03,0.02,
SZ002213,2025-05-27,0.020999999999999998,
SZ002215,2025-05-30,0.35,
SZ002215,2026-06-01,0.3,
SZ002216,2025-06-11,0.3,
SZ002216,2026-06-05,0.58,
SZ002218,2025-07-09,0.01,
SZ002222,2025-07-09,0.1,
SZ002222,2025-12-25,0.1,
SZ002222,2026-07-08,0.1,
SZ002223,2025-05-27,0.4,
SZ002223,2025-10-13,0.2,
SZ002223,2025-12-02,0.2,
SZ002223,2026-05-26,0.6,
SZ002223,2026-09-01,0.4,
SZ002224,2025-06-10,0.03,
SZ002224,2026-06-16,0.015,
SZ002225,2025-07-11,0.05,
SZ002225,2026-05-29,0.05,
SZ002226,2025-06-26,0.065,
SZ002226,2026-07-06,0.088,
SZ002228,2025-07-30,0.18,
SZ002228,2026-01-08,0.1,
SZ002228,2026-06-26,0.06,
SZ002230,2025-07-04,0.1,
SZ002230,2026-07-13,0.1,
SZ002232,2025-06-09,0.01,
SZ002232,2026-06-01,0.024,
SZ002233,2025-04-29,0.45,
SZ002233,2026-04-30,0.48,
SZ002236,2025-04-30,0.458,
SZ002236,2025-12-09,0.185,
SZ002236,2026-05-26,0.37,
SZ002236,2026-09-16,0.306,
SZ002237,2025-06-12,0.1409999,
SZ002237,2026-06-04,0.134,
SZ002238,2025-07-10,0.05,
SZ002239,2025-07-08,0.0031,
SZ002239,2026-06-24,0.0060853,
SZ002241,2025-06-05,0.15,
SZ002241,2025-11-12,0.15,
SZ002241,2026-05-29,0.2,
SZ002242,2025-05-15,0.15,
SZ002242,2026-05-12,0.15,
SZ002243,2025-05-28,0.06999999999999999,
SZ002243,2026-05-28,0.05,
SZ002244,2025-08-07,0.08199999999999999,
SZ002244,2026-06-22,0.068,
SZ002245,2025-05-20,0.065,
SZ002245,2026-05-21,0.1,
SZ002246,2025-01-23,0.02,
SZ002246,2025-07-03,0.02,
SZ002246,2026-02-04,0.025,
SZ002246,2026-06-10,0.034999999999999996,
SZ002249,2025-06-11,0.13,
SZ002249,2025-10-17,0.1,
SZ002249,2026-05-20,0.196,
SZ002250,2025-07-10,0.02,
SZ002250,2026-07-09,0.2,
SZ002252,2025-07-14,0.033,
SZ002252,2026-02-10,0.0153,
SZ002252,2026-06-24,0.033,
SZ002254,2025-05-22,0.05,
SZ002254,2026-05-22,0.02,
SZ002255,2025-09-26,0.05500000000000001,
SZ002255,2026-05-08,0.05,
SZ002255,2026-09-18,0.06,
SZ002258,2025-05-21,0.2,
SZ002258,2025-09-23,0.2,
SZ002258,2026-06-12,0.2,
SZ002261,2026-09-10,0.025,
SZ002262,2025-05-14,0.36,
SZ002262,2026-05-26,0.4,
SZ002264,2025-09-24,0.1,
SZ002264,2026-06-04,0.1,
SZ002264,2026-09-24,0.05,
SZ002265,2026-07-10,0.076,
SZ002266,2025-06-18,0.05,
SZ002266,2026-06-11,0.06,
SZ002267,2025-06-20,0.35,
SZ002267,2026-06-25,0.2,
SZ002268,2025-07-18,0.06,
SZ002268,2026-06-30,0.025,
SZ002270,2025-01-07,0.05600000000000001,
SZ002270,2025-07-09,0.22000000000000003,
SZ002270,2025-09-10,0.2,
SZ002270,2025-11-25,0.2,
SZ002270,2026-04-30,0.21000000000000002,
SZ002271,2025-04-01,0.925,
SZ002271,2025-08-27,0.925,
SZ002273,2025-05-20,0.2,
SZ002273,2025-09-10,0.1,
SZ002273,2026-06-03,0.2,
SZ002273,2026-09-08,0.1,
SZ002274,2025-06-06,0.3,
SZ002274,2026-05-28,0.1,
SZ002275,2025-05-30,0.35,
SZ002275,2025-11-19,0.2,
SZ002275,2026-06-04,0.3,
SZ002276,2025-05-27,0.05,
SZ002276,2026-06-12,0.05500000000000001,
SZ002277,2025-05-30,0.005,
SZ002278,2025-06-13,0.05,
SZ002278,2026-06-12,0.06,
SZ002281,2025-06-17,0.26,
SZ002282,2025-04-18,0.2,
SZ002282,2026-05-19,0.15,
SZ002283,2025-05-15,0.2,
SZ002283,2025-09-10,0.05,
SZ002283,2026-05-13,0.22000000000000003,
SZ002283,2026-09-10,0.05,
SZ002284,2025-06-11,0.05,
SZ002284,2026-06-12,0.1,
SZ002286,2025-07-03,0.06,
SZ002286,2026-07-14,0.12,
SZ002287,2025-07-10,0.38,
SZ002287,2025-09-22,0.22000000000000003,
SZ002287,2026-06-17,0.41,
SZ002287,2026-09-23,0.22999999999999998,
SZ002290,2026-06-17,0.21000000000000002,
SZ002293,2025-05-26,0.4,
SZ002293,2025-09-05,0.2,
SZ002293,2026-05-22,0.42000000000000004,
SZ002293,2026-09-04,0.27999999999999997,
SZ002294,2025-05-14,0.5,
SZ002294,2026-05-26,0.55,
SZ002295,2025-08-25,0.036,
SZ002296,2025-05-27,0.2,
SZ002296,2026-06-17,0.13,
SZ002299,2025-01-10,0.2,
SZ002299,2025-05-23,0.2,
SZ002299,2025-12-15,0.3,
SZ002299,2026-05-21,0.2,
SZ002300,2025-07-10,0.11000000000000001,
SZ002300,2026-07-08,0.06999999999999999,
SZ002301,2025-06-13,0.06999999999999999,
SZ002301,2025-10-15,0.06999999999999999,
SZ002301,2026-06-26,0.04,
SZ002301,2026-09-16,0.06999999999999999,
SZ002302,2025-06-26,0.125,
SZ002303,2025-06-11,0.131,
SZ002303,2025-11-25,0.066,
SZ002303,2026-06-24,0.08,
SZ002304,2025-01-27,2.33,
SZ002304,2025-06-27,2.317,
SZ002304,2026-06-30,1.47,
SZ002311,2025-06-27,1.1,
SZ002311,2025-09-25,0.2,
SZ002311,2026-06-17,1.1,
SZ002311,2026-09-17,0.15,
SZ002312,2025-06-18,0.141,
SZ002312,2026-06-12,0.09,
SZ002315,2025-04-11,0.55,
SZ002315,2025-09-26,0.6,
SZ002315,2026-04-23,0.7,
SZ002315,2026-09-09,0.5,
SZ002317,2025-05-29,0.2,
SZ002317,2026-05-29,0.2,
SZ002318,2025-04-24,0.97,
SZ002318,2026-05-28,1.0,
SZ002320,2025-04-29,0.04,
SZ002320,2026-04-29,0.04,
SZ002322,2025-05-30,0.38,
SZ002322,2025-09-23,0.27999999999999997,
SZ002322,2026-04-30,0.32999999999999996,
SZ002322,2026-09-09,0.33999999999999997,
SZ002324,2025-06-10,0.05,
SZ002324,2026-06-12,0.05500000000000001,
SZ002327,2025-06-10,0.62,
SZ002327,2026-06-17,0.385,
SZ002328,2025-06-10,0.11599999999999999,
SZ002328,2025-09-26,0.026000000000000002,
SZ002328,2026-05-29,0.11599999999999999,
SZ002328,2026-09-21,0.014000000000000002,
SZ002331,2025-06-13,0.03,
SZ002332,2025-05-28,0.3,
SZ002332,2025-10-22,0.1,
SZ002332,2026-05-28,0.2,
SZ002332,2026-09-16,0.1,
SZ002333,2025-05-20,0.01,
SZ002333,2026-06-08,0.01,
SZ002334,2025-06-24,0.06,
SZ002334,2026-05-26,0.06,
SZ002335,2025-05-30,0.1,
SZ002335,2026-05-29,0.5,
SZ002337,2025-06-11,0.020999999999999998,
SZ002337,2026-06-09,0.026000000000000002,
SZ002338,2025-06-09,0.06,
SZ002338,2026-05-28,0.06999999999999999,
SZ002339,2025-06-10,0.02,
SZ002339,2026-06-05,0.02,
SZ002340,2025-07-04,0.066,
SZ002340,2026-07-07,0.095,
SZ002342,2026-06-03,0.006,
SZ002344,2025-07-30,0.038,
SZ002344,2026-07-08,0.04,
SZ002345,2025-06-05,0.25,
SZ002345,2025-10-15,0.1,
SZ002345,2026-05-21,0.35,
SZ002346,2025-06-13,0.5,
SZ002346,2026-07-07,0.5,
SZ002347,2025-07-09,0.02,
SZ002349,2025-06-06,0.07850599999999999,
SZ002349,2026-05-29,0.09,
SZ002350,2025-06-18,0.03,
SZ002350,2026-06-10,0.032,
SZ002351,2025-06-27,0.25,
SZ002351,2026-05-21,0.2,
SZ002352,2025-07-17,0.44000000000000006,
SZ002352,2025-09-16,0.45999999999999996,
SZ002352,2026-05-19,0.43,
SZ002352,2026-09-17,0.49000000000000005,
SZ002353,2025-05-23,0.6900000000000001,
SZ002353,2025-09-24,0.15,
SZ002353,2026-06-08,0.7,
SZ002353,2026-09-11,0.15,
SZ002357,2025-01-22,0.05,
SZ002357,2025-06-19,0.05,
SZ002357,2026-01-08,0.05,
SZ002358,2025-07-11,0.02,
SZ002358,2026-07-16,0.02,
SZ002361,2025-07-21,0.05,
SZ002363,2025-06-13,0.06,
SZ002363,2026-06-05,0.08,
SZ002364,2025-06-27,0.1,
SZ002364,2026-06-22,0.1,
SZ002365,2025-07-09,0.1,
SZ002365,2026-06-11,0.1,
SZ002367,2025-05-23,0.3,
SZ002367,2026-05-25,0.15,
SZ002368,2025-07-10,0.0925,
SZ002371,2025-07-03,1.06,
SZ002371,2026-07-03,0.762,
SZ002372,2025-05-28,0.5,
SZ002372,2025-10-30,0.1,
SZ002372,2026-05-08,0.35,
SZ002373,2026-01-26,0.02,
SZ002373,2026-05-19,0.032,
SZ002375,2025-06-12,0.06999999999999999,
SZ002375,2026-07-03,0.128,
SZ002376,2025-05-30,0.2,
SZ002376,2026-05-29,0.2,
SZ002378,2025-06-06,0.072,
SZ002378,2026-06-26,0.12,
SZ002379,2026-04-24,0.25,
SZ002380,2025-06-20,0.04,
SZ002380,2026-05-19,0.2,
SZ002381,2025-05-16,0.2,
SZ002381,2026-06-04,0.1,
SZ002384,2025-05-27,0.06999999999999999,
SZ002385,2025-11-18,0.03,
SZ002389,2025-06-20,0.06,
SZ002389,2026-05-22,0.06,
SZ002390,2025-05-21,0.03,
SZ002390,2025-09-26,0.03,
SZ002390,2026-05-21,0.06,
SZ002391,2026-06-16,0.2,
SZ002392,2025-07-17,0.033,
SZ002392,2026-07-06,0.034999999999999996,
SZ002393,2025-04-29,0.35,
SZ002393,2026-02-11,0.3,
SZ002393,2026-04-28,0.6,
SZ002394,2025-05-26,0.1,
SZ002394,2026-05-25,0.5,
SZ002395,2025-07-03,0.15,
SZ002395,2026-07-03,0.2,
SZ002396,2025-05-30,0.25,
SZ002396,2026-05-25,0.25,
SZ002398,2025-06-13,0.08,
SZ002398,2026-06-10,0.08,
SZ002399,2025-07-07,0.25,
SZ002399,2026-06-18,0.145,
SZ002400,2025-06-20,0.018,
SZ002400,2025-12-31,0.011,
SZ002400,2026-06-18,0.005,
SZ002401,2025-08-08,0.13,
SZ002401,2026-05-29,0.028000000000000004,
SZ002402,2025-05-26,0.1,
SZ002402,2026-05-27,0.2,
SZ002403,2025-06-05,0.018,
SZ002404,2025-04-30,0.3,
SZ002404,2026-04-30,0.3,
SZ002406,2025-07-09,0.15,
SZ002406,2026-07-10,0.3,
SZ002407,2025-07-09,0.2,
SZ002407,2026-05-20,0.2,
SZ002408,2025-06-16,0.03,
SZ002409,2025-05-30,0.26,
SZ002409,2025-09-25,0.32,
SZ002409,2026-06-01,0.31,
SZ002409,2026-09-22,0.35,
SZ002410,2025-05-29,0.15,
SZ002410,2026-05-11,0.22999999999999998,
SZ002412,2026-06-16,0.3,
SZ002414,2026-09-22,0.1,
SZ002415,2025-05-20,0.7,
SZ002415,2025-10-10,0.4,
SZ002415,2026-05-20,0.75,
SZ002415,2026-08-19,0.55,
SZ002416,2025-05-28,0.5,
SZ002416,2026-05-28,0.5,
SZ002419,2025-05-23,0.06,
SZ002419,2026-05-20,0.06999999999999999,
SZ002421,2025-06-03,0.005,
SZ002422,2025-06-13,0.503,
SZ002422,2025-10-21,0.126,
SZ002422,2026-05-11,0.46799999999999997,
SZ002423,2025-07-11,0.158,
SZ002423,2026-07-10,0.148,
SZ002428,2025-06-19,0.03,
SZ002428,2026-07-03,0.01,
SZ002429,2025-06-11,0.10700000000000001,
SZ002429,2026-06-03,0.087,
SZ002430,2025-05-15,0.3,
SZ002430,2025-10-23,0.1,
SZ002430,2026-06-09,0.3,
SZ002432,2025-06-11,0.2,
SZ002432,2026-06-03,1.65,
SZ002434,2025-06-19,0.1,
SZ002434,2026-07-02,0.05,
SZ002436,2025-05-28,0.03,
SZ002436,2026-05-28,0.03,
SZ002438,2025-06-18,0.175,
SZ002438,2026-06-17,0.2,
SZ002440,2025-06-18,0.15,
SZ002440,2026-06-18,0.2,
SZ002441,2025-06-16,0.3,
SZ002441,2025-12-16,0.2,
SZ002441,2026-06-25,0.3,
SZ002441,2026-09-09,0.2,
SZ002442,2025-06-10,0.12,
SZ002443,2025-05-28,0.2,
SZ002443,2026-05-20,0.03,
SZ002444,2025-10-24,0.25,
SZ002444,2026-06-18,0.4,
SZ002448,2025-06-27,0.13,
SZ002448,2026-06-18,0.2,
SZ002449,2025-06-13,0.05,
SZ002451,2025-06-24,0.01,
SZ002451,2026-06-01,0.01,
SZ002452,2025-05-28,0.08,
SZ002452,2025-12-19,0.03,
SZ002452,2026-05-29,0.09,
SZ002454,2025-06-13,0.1,
SZ002454,2025-11-20,0.15,
SZ002454,2026-05-22,0.2,
SZ002455,2025-04-30,0.06,
SZ002457,2025-05-23,0.12,
SZ002457,2025-11-10,0.04,
SZ002457,2026-05-26,0.12,
SZ002458,2025-01-10,0.1,
SZ002458,2025-05-15,0.1,
SZ002458,2025-09-10,0.15,
SZ002458,2026-05-15,,
SZ002458,2026-08-20,0.15,
SZ002460,2025-07-17,0.15,
SZ002460,2026-07-15,0.15,
SZ002461,2025-06-12,0.16999999999999998,
SZ002461,2026-06-12,0.19,
SZ002462,2025-06-30,0.16999999999999998,
SZ002462,2026-08-28,0.11499999999999999,
SZ002463,2025-05-14,0.5,
SZ002463,2026-05-08,0.5,
SZ002465,2025-05-30,0.06,
SZ002465,2026-05-21,0.06,
SZ002467,2025-04-30,0.01,
SZ002468,2025-06-05,0.067,
SZ002468,2026-06-10,0.1,
SZ002469,2025-04-30,0.3,
SZ002469,2025-09-19,0.1,
SZ002469,2026-05-22,0.2,
SZ002472,2025-06-13,0.22599999999999998,
SZ002472,2025-10-27,0.18,
SZ002472,2026-07-06,0.27999999999999997,
SZ002475,2025-07-14,0.1998725,
SZ002475,2026-02-12,0.15991470000000002,
SZ002475,2026-07-20,0.1390814,
SZ002476,2025-06-18,0.01,
SZ002478,2025-05-28,0.22000000000000003,
SZ002478,2026-06-26,0.2,
SZ002479,2025-05-27,0.15,
SZ002479,2026-05-22,0.1,
SZ002479,2026-09-22,0.05,
SZ002481,2025-07-15,0.0201355,
SZ002481,2025-10-28,0.01,
SZ002483,2025-06-06,0.3,
SZ002483,2026-06-04,0.15,
SZ002484,2025-05-30,0.26,
SZ002484,2026-05-28,0.26,
SZ002486,2026-06-10,0.012,
SZ002487,2025-06-23,0.08,
SZ002487,2025-10-28,0.086,
SZ002487,2026-04-15,0.087,
SZ002487,2026-09-22,0.088,
SZ002488,2025-07-14,0.01,
SZ002488,2026-06-29,0.01,
SZ002489,2025-06-06,0.04,
SZ002489,2026-06-03,0.06,
SZ002492,2025-05-27,0.02,
SZ002493,2025-05-28,0.1,
SZ002493,2026-06-01,0.1,
SZ002495,2025-06-05,0.008,
SZ002495,2026-06-05,0.01,
SZ002497,2025-06-27,0.04,
SZ002497,2026-06-22,0.06,
SZ002498,2025-06-17,0.04,
SZ002498,2026-06-12,0.04,
SZ002500,2025-06-27,0.05,
SZ002500,2025-09-26,0.05,
SZ002500,2026-06-26,0.08,
SZ002507,2025-06-04,0.42000000000000004,
SZ002507,2026-01-16,0.2,
SZ002507,2026-05-28,0.22000000000000003,
SZ002508,2025-06-04,0.5,
SZ002508,2025-09-12,0.5,
SZ002508,2026-06-03,0.5,
SZ002510,2025-07-09,0.03,
SZ002511,2025-09-24,0.063,
SZ002511,2026-05-18,0.040999999999999995,
SZ002515,2025-05-08,0.03,
SZ002515,2026-06-02,0.01,
SZ002516,2025-04-25,0.08,
SZ002516,2026-05-15,0.08,
SZ002517,2025-06-06,0.1,
SZ002517,2026-06-09,0.1,
SZ002518,2025-05-27,0.22999999999999998,
SZ002518,2026-05-27,0.45,
SZ002521,2025-05-19,0.3,
SZ002521,2025-09-17,0.1,
SZ002521,2026-06-01,0.16999999999999998,
SZ002521,2026-08-28,0.1,
SZ002522,2025-05-30,0.025,
SZ002522,2026-06-09,0.02,
SZ002523,2025-07-03,0.015,
SZ002523,2026-07-03,0.02,
SZ002526,2025-07-11,0.01,
SZ002526,2026-07-10,0.01,
SZ002530,2026-05-11,0.026000000000000002,
SZ002531,2025-05-30,0.02,
SZ002532,2025-05-22,0.2,
SZ002532,2025-10-30,0.2,
SZ002532,2026-02-11,0.1,
SZ002532,2026-05-15,0.25,
SZ002532,2026-08-19,0.3,
SZ002533,2025-05-22,0.25,
SZ002533,2026-05-21,0.45,
SZ002534,2025-05-29,0.2,
SZ002534,2026-05-29,0.1,
SZ002536,2025-06-13,0.3,
SZ002536,2026-06-18,0.3,
SZ002538,2025-06-12,0.12,
SZ002538,2026-06-25,0.12,
SZ002539,2025-03-13,0.1,
SZ002539,2025-07-03,0.1,
SZ002539,2026-06-17,0.2,
SZ002540,2025-05-29,0.2,
SZ002540,2025-09-23,0.1,
SZ002540,2026-07-06,0.08,
SZ002541,2025-06-20,0.36,
SZ002541,2026-07-08,0.27999999999999997,
SZ002543,2025-06-13,0.24,
SZ002543,2025-09-12,0.02,
SZ002543,2026-06-12,0.24,
SZ002544,2025-07-10,0.0083,
SZ002544,2026-07-10,0.0185,
SZ002545,2025-07-16,0.3,
SZ002545,2026-07-20,0.3,
SZ002546,2025-05-14,0.12,
SZ002546,2026-04-24,0.12,
SZ002549,2026-05-27,0.05,
SZ002550,2025-05-29,0.12,
SZ002550,2026-05-29,0.15,
SZ002551,2025-07-18,0.008,
SZ002552,2025-11-04,0.2,
SZ002553,2025-07-08,0.1,
SZ002553,2026-06-17,0.1,
SZ002555,2025-05-21,0.37,
SZ002555,2025-05-27,0.21000000000000002,
SZ002555,2025-09-04,0.21000000000000002,
SZ002555,2025-11-06,0.21000000000000002,
SZ002555,2026-05-22,0.4,
SZ002555,2026-06-02,0.21000000000000002,
SZ002555,2026-09-03,0.1,
SZ002556,2025-05-29,0.2,
SZ002556,2025-12-24,0.05,
SZ002556,2026-06-11,0.1,
SZ002557,2025-01-17,0.3,
SZ002557,2025-06-20,1.0,
SZ002557,2026-06-15,1.0,
SZ002558,2025-05-26,0.13999999999999999,
SZ002558,2025-09-23,0.15,
SZ002558,2026-06-01,0.19,
SZ002558,2026-09-22,0.8,
SZ002559,2025-05-30,0.075,
SZ002559,2026-05-21,0.075,
SZ002560,2026-05-13,0.1,
SZ002561,2025-05-09,0.06,
SZ002562,2026-06-03,0.1,
SZ002563,2025-05-19,0.35,
SZ002563,2025-10-15,0.15,
SZ002563,2026-05-11,0.15,
SZ002563,2026-09-03,0.15,
SZ002565,2025-06-19,0.04,
SZ002566,2025-05-22,0.1,
SZ002566,2026-05-29,0.08,
SZ002568,2025-06-05,0.3,
SZ002568,2026-06-05,0.3,
SZ002572,2025-05-29,1.0,
SZ002572,2026-05-21,0.8,
SZ002576,2025-07-11,0.08,
SZ002576,2026-06-10,0.08,
SZ002580,2025-06-27,0.04,
SZ002580,2026-06-12,0.04,
SZ002582,2025-05-26,1.0,
SZ002582,2026-06-01,0.6,
SZ002585,2025-06-18,0.03,
SZ002585,2026-05-29,0.02,
SZ002587,2025-06-05,0.02,
SZ002587,2026-05-27,0.05,
SZ002587,2026-09-07,0.02,
SZ002588,2025-06-05,0.26,
SZ002588,2025-09-25,0.045,
SZ002588,2026-06-11,0.27,
SZ002589,2025-07-08,0.004,
SZ002589,2026-06-30,0.002,
SZ002590,2025-06-17,0.06,
SZ002590,2026-05-28,0.08499999999999999,
SZ002592,2025-11-10,0.2,
SZ002592,2026-05-19,0.05,
SZ002592,2026-09-18,0.1,
SZ002593,2025-05-21,0.05,
SZ002593,2026-05-22,0.05,
SZ002594,2025-07-29,3.974,3.0
SZ002594,2026-07-31,0.358,
SZ002595,2025-07-10,0.4,
SZ002595,2026-05-11,1.0,
SZ002597,2025-05-22,0.8300000000000001,
SZ002597,2026-05-21,0.2,
SZ002598,2025-07-25,0.1,
SZ002598,2026-07-10,0.1,
SZ002599,2025-05-30,0.02,
SZ002599,2026-06-16,0.01,
SZ002600,2025-05-07,0.02,
SZ002600,2025-11-04,0.02,
SZ002600,2026-05-19,0.02,
SZ002600,2026-09-08,0.02,
SZ002601,2025-06-11,0.5,
SZ002601,2025-12-17,0.1,
SZ002602,2026-05-29,0.06,
SZ002602,2026-09-24,0.08,
SZ002603,2025-10-22,0.3,
SZ002603,2026-06-16,0.5,
SZ002605,2025-06-05,0.5,
SZ002605,2026-06-10,0.5,
SZ002605,2026-09-14,0.2,
SZ002606,2025-05-28,0.02,
SZ002606,2025-09-26,0.011,
SZ002606,2026-05-29,0.038,
SZ002606,2026-09-15,0.036,
SZ002608,2025-07-18,0.1,
SZ002608,2026-07-14,0.13,
SZ002609,2025-05-30,0.06999999999999999,
SZ002609,2026-06-03,0.08499999999999999,
SZ002611,2025-06-05,0.13,
SZ002611,2026-05-14,0.041999999999999996,
SZ002611,2026-08-11,0.2,
SZ002612,2025-05-22,0.4,
SZ002612,2026-05-26,1.2,
SZ002613,2025-07-08,0.03,
SZ002614,2025-05-29,0.1,
SZ002614,2026-05-29,0.1,
SZ002615,2025-03-11,0.1,
SZ002615,2025-05-28,0.15,
SZ002616,2025-09-24,0.15,
SZ002616,2026-05-08,0.25,
SZ002623,2025-05-28,0.5,
SZ002623,2026-06-04,0.4,
SZ002624,2025-06-09,0.22999999999999998,
SZ002624,2026-06-04,0.32999999999999996,
SZ002625,2026-06-30,0.034999999999999996,
SZ002626,2025-06-20,0.4,
SZ002626,2026-06-10,0.4,
SZ002627,2025-06-27,0.1,
SZ002627,2026-06-18,0.05,
SZ002632,2025-05-22,0.13,
SZ002632,2025-09-15,0.13,
SZ002632,2026-05-11,0.16999999999999998,
SZ002635,2025-05-13,0.2,
SZ002635,2026-05-12,0.15,
SZ002636,2025-05-29,0.08499999999999999,
SZ002636,2026-05-28,0.125,
SZ002637,2025-06-18,0.12,
SZ002637,2026-07-03,0.12,
SZ002641,2025-07-04,0.05,
SZ002641,2026-05-28,0.02,
SZ002643,2025-06-06,0.1,
SZ002643,2026-06-11,0.125,
SZ002644,2025-06-24,0.012,
SZ002644,2026-06-26,0.02,
SZ002645,2026-06-05,0.1,
SZ002646,2025-07-10,0.011,
SZ002646,2026-07-07,0.005,
SZ002648,2025-06-09,0.5,
SZ002648,2026-06-12,0.5,
SZ002649,2025-05-29,0.17099999999999999,
SZ002649,2026-06-24,0.13,
SZ002651,2025-07-17,0.06,
SZ002651,2026-07-16,0.06,
SZ002653,2025-01-24,0.135,
SZ002653,2025-05-15,0.135,
SZ002653,2026-05-15,0.267,
SZ002653,2026-09-04,0.526,
SZ002654,2026-07-09,0.018,
SZ002655,2025-05-30,0.03,
SZ002655,2026-05-29,0.03,
SZ002658,2025-04-30,0.25,
SZ002658,2026-05-15,0.2,
SZ002660,2025-06-13,0.1,
SZ002661,2025-04-30,0.3,
SZ002661,2026-01-08,0.15,
SZ002661,2026-06-04,0.15,
SZ002662,2025-05-16,0.072,
SZ002662,2026-06-15,0.05,
SZ002664,2026-05-21,0.06,
SZ002666,2025-10-21,0.091,
SZ002668,2026-05-22,0.20379,
SZ002669,2026-05-29,0.1,
SZ002673,2025-01-22,0.02,
SZ002673,2025-06-20,0.06999999999999999,
SZ002673,2025-10-28,0.01,
SZ002673,2025-12-23,0.02,
SZ002673,2026-06-05,0.09,
SZ002674,2025-07-15,0.15,
SZ002675,2025-05-27,0.03,
SZ002675,2026-04-29,0.0806195,
SZ002676,2025-05-29,0.01,
SZ002676,2026-06-10,0.01,
SZ002677,2025-05-28,0.3,
SZ002677,2026-06-22,0.016,
SZ002679,2025-07-16,0.0366,
SZ002679,2026-07-17,0.028999999999999998,
SZ002683,2025-05-26,0.45,
SZ002683,2025-09-24,0.2,
SZ002683,2026-04-29,0.45,
SZ002683,2026-09-10,0.2,
SZ002686,2025-07-07,0.01,
SZ002686,2026-07-10,0.02,
SZ002687,2026-06-11,0.08499999999999999,
SZ002688,2025-06-06,0.1,
SZ002688,2026-06-01,0.1,
SZ002689,2026-05-29,0.05,
SZ002690,2025-05-14,0.7,
SZ002690,2026-05-14,0.7,
SZ002692,2025-04-21,0.02,
SZ002692,2026-06-10,0.02,
SZ002695,2025-05-16,0.11000000000000001,
SZ002695,2026-05-27,0.1,
SZ002696,2026-06-09,0.05,
SZ002697,2025-05-28,0.11499999999999999,
SZ002697,2026-05-29,0.10700000000000001,
SZ002698,2025-06-20,0.25,
SZ002698,2026-07-08,0.25,
SZ002700,2025-05-30,0.066,
SZ002700,2026-07-17,0.025,
SZ002701,2025-06-27,0.12,
SZ002701,2026-06-05,0.12,
SZ002703,2025-05-27,0.06,
SZ002703,2026-08-31,0.06,
SZ002705,2025-06-11,0.45,
SZ002705,2025-10-17,0.15,
SZ002705,2026-06-18,0.3,
SZ002706,2025-05-13,0.22000000000000003,
SZ002706,2026-05-18,0.2,
SZ002709,2025-05-22,0.1,
SZ002709,2026-01-12,0.05,
SZ002709,2026-04-29,0.2,
SZ002709,2026-09-03,0.1,
SZ002714,2025-06-26,0.5742689000000001,
SZ002714,2025-10-16,0.9275214,
SZ002714,2026-05-27,0.42699990000000004,
SZ002715,2025-06-12,0.032,
SZ002722,2025-07-09,0.22999999999999998,
SZ002722,2026-07-09,0.21000000000000002,
SZ002724,2025-06-04,0.05,
SZ002724,2026-06-04,0.1,
SZ002725,2026-05-27,0.018,
SZ002727,2025-06-04,0.3,
SZ002727,2025-09-25,0.2,
SZ002727,2026-05-29,0.2,
SZ002728,2025-07-25,0.05,
SZ002728,2026-06-18,0.15,
SZ002729,2025-01-22,0.028000000000000004,
SZ002729,2025-12-02,0.028000000000000004,
SZ002730,2025-05-30,0.13,
SZ002730,2026-06-16,0.1,
SZ002732,2025-06-18,0.15,
SZ002732,2026-06-26,0.06,
SZ002733,2025-06-11,0.1,
SZ002733,2026-06-03,0.1,
SZ002734,2025-05-28,0.25,
SZ002734,2026-05-22,0.45,
SZ002735,2025-06-13,0.013000000000000001,
SZ002736,2025-06-16,0.35,
SZ002736,2026-02-11,0.1,
SZ002736,2026-06-22,0.35,
SZ002737,2025-07-18,0.5,
SZ002737,2026-07-17,0.2,
SZ002738,2025-07-04,0.5,
SZ002738,2026-05-22,0.5,
SZ002741,2026-05-12,0.1,
SZ002745,2025-07-16,0.05,
SZ002746,2025-01-10,0.1,
SZ002746,2025-06-12,0.15,
SZ002746,2025-09-26,0.1,
SZ002746,2026-05-28,0.2,
SZ002746,2026-09-23,0.15,
SZ002748,2025-07-04,0.05,
SZ002748,2026-07-09,0.075,
SZ002749,2025-01-21,0.3,
SZ002749,2025-04-28,0.3,
SZ002749,2025-08-19,0.4,
SZ002749,2025-11-25,0.3,
SZ002749,2026-05-22,0.2,
SZ002749,2026-08-27,0.25,
SZ002752,2025-07-10,0.1,
SZ002752,2026-05-19,0.1,
SZ002753,2025-06-17,0.15,
SZ002753,2026-06-08,0.046,
SZ002755,2025-06-16,0.12,
SZ002755,2026-06-18,0.12,
SZ002756,2025-05-09,0.5,
SZ002756,2025-10-22,0.3,
SZ002756,2026-05-29,0.4,
SZ002757,2025-05-20,0.2,
SZ002757,2025-09-05,0.15,
SZ002757,2026-05-26,0.2,
SZ002757,2026-09-08,0.2,
SZ002758,2025-05-27,0.3,
SZ002758,2026-07-10,0.32999999999999996,
SZ002761,2025-07-17,0.05,
SZ002761,2026-07-17,0.05,
SZ002762,2025-06-11,0.05,
SZ002762,2026-06-18,0.05,
SZ002763,2025-05-29,0.15,
SZ002763,2025-09-24,0.3,
SZ002763,2026-05-15,0.8,
SZ002765,2025-01-13,0.05,
SZ002765,2026-06-15,0.05,
SZ002767,2025-07-10,0.044,
SZ002767,2026-07-09,0.031,
SZ002768,2025-06-17,0.27999999999999997,
SZ002768,2026-06-18,0.5,
SZ002769,2026-06-05,0.016,
SZ002771,2025-06-25,0.010199999999999999,
SZ002772,2025-05-19,0.3,
SZ002772,2026-02-03,0.15,
SZ002772,2026-05-19,0.3,
SZ002773,2025-06-06,0.6,
SZ002773,2026-06-09,0.7,
SZ002774,2025-05-07,0.36,
SZ002774,2026-05-22,0.3,
SZ002777,2025-06-13,0.15,
SZ002777,2026-06-15,0.1,
SZ002779,2025-06-11,0.11000000000000001,
SZ002779,2026-06-22,0.173,
SZ002780,2026-06-03,0.05,
SZ002780,2026-09-22,0.02,
SZ002782,2025-05-28,0.15,
SZ002782,2026-05-15,0.2,
SZ002783,2025-06-19,0.1,
SZ002783,2026-06-11,0.1,
SZ002787,2025-05-21,0.1,
SZ002788,2025-07-10,0.35,
SZ002788,2026-07-10,0.35,
SZ002790,2025-06-19,0.2,
SZ002790,2026-06-23,0.015,
SZ002791,2025-05-21,0.2,
SZ002792,2025-06-06,0.025,
SZ002792,2026-06-16,0.025,
SZ002797,2025-06-27,0.064,
SZ002797,2025-09-24,0.01,
SZ002797,2026-07-17,0.072,
SZ002797,2026-09-17,0.01,
SZ002800,2025-06-25,0.03,
SZ002801,2025-05-28,0.35,
SZ002801,2025-09-30,0.15,
SZ002801,2026-05-20,0.35,
SZ002801,2026-08-26,0.15,
SZ002802,2025-07-16,0.1,
SZ002802,2026-05-29,0.1,
SZ002803,2025-05-22,0.158,
SZ002803,2025-10-15,0.18,
SZ002803,2026-06-24,0.18,
SZ002807,2025-04-30,0.2,
SZ002807,2025-12-03,0.1,
SZ002807,2026-05-29,0.12,
SZ002809,2025-06-19,0.3,
SZ002809,2026-06-26,0.1,
SZ002810,2025-01-03,0.15,
SZ002810,2025-09-17,0.1,
SZ002810,2026-07-15,0.2,
SZ002810,2026-09-23,0.2,
SZ002811,2025-05-27,0.2,
SZ002811,2025-09-25,0.25,
SZ002811,2026-05-28,0.1,
SZ002815,2025-05-22,0.12,
SZ002815,2026-05-29,0.13,
SZ002817,2025-01-07,0.027000000000000003,
SZ002817,2025-05-22,0.038,
SZ002817,2025-12-31,0.033,
SZ002817,2026-05-26,0.053000000000000005,
SZ002818,2025-04-03,0.6799999999999999,
SZ002818,2025-09-30,0.36,
SZ002818,2026-05-15,0.31,
SZ002819,2025-06-27,0.03,
SZ002819,2026-07-01,0.03,
SZ002820,2025-06-13,0.15,
SZ002820,2026-07-10,0.15,
SZ002821,2025-06-26,1.1,
SZ002821,2026-06-26,1.3,
SZ002823,2025-05-20,0.15267250000000002,
SZ002823,2025-09-24,0.183207,
SZ002823,2026-05-18,0.244276,
SZ002823,2026-09-10,0.183207,
SZ002824,2025-07-08,0.16999999999999998,
SZ002824,2026-06-04,0.16999999999999998,
SZ002825,2025-06-12,0.12,
SZ002825,2026-06-22,0.12,
SZ002826,2025-06-24,0.1,
SZ002826,2026-06-09,0.15,
SZ002827,2025-03-10,0.06999999999999999,
SZ002827,2025-06-16,0.08,
SZ002827,2025-12-01,0.06999999999999999,
SZ002827,2026-06-09,0.13999999999999999,
SZ002828,2025-07-08,0.05,
SZ002830,2025-06-06,0.25,
SZ002830,2026-06-04,0.2,
SZ002831,2025-05-30,0.6040863,
SZ002831,2025-09-23,0.43,
SZ002831,2026-06-04,0.8038126999999999,
SZ002832,2025-08-05,0.5,
SZ002832,2025-12-29,0.02,
SZ002832,2026-06-09,0.7,
SZ002833,2025-06-13,0.4,
SZ002833,2025-10-22,0.3,
SZ002833,2026-05-27,0.6,
SZ002833,2026-09-09,0.3,
SZ002835,2025-07-09,0.32,
SZ002835,2026-06-25,0.27999999999999997,
SZ002836,2025-05-27,0.25,
SZ002836,2026-05-27,0.2,
SZ002837,2025-05-30,0.2,
SZ002837,2026-06-01,0.16999999999999998,
SZ002838,2025-01-17,0.034999999999999996,
SZ002838,2025-05-29,0.065,
SZ002838,2025-10-22,0.03,
SZ002838,2026-06-26,0.09,
SZ002839,2025-05-16,0.2,
SZ002839,2025-10-15,0.1,
SZ002839,2026-05-21,0.12,
SZ002841,2025-06-13,0.6799999999999999,
SZ002841,2026-04-30,0.72,
SZ002841,2026-09-09,0.5,
SZ002842,2026-06-16,0.13799999999999998,
SZ002843,2025-06-27,0.1,
SZ002845,2025-05-30,0.0404043,
SZ002845,2026-06-15,0.04,
SZ002846,2026-05-29,0.025,
SZ002847,2025-07-10,1.0,
SZ002847,2025-12-05,0.4,
SZ002847,2026-06-26,1.0,
SZ002849,2025-06-23,0.04,
SZ002849,2026-07-14,0.04,
SZ002850,2025-05-30,2.0,
SZ002850,2026-05-29,2.5,
SZ002851,2025-07-11,0.05,
SZ002851,2026-07-24,0.03,
SZ002852,2025-04-22,0.128,
SZ002852,2025-08-28,0.176,
SZ002852,2026-04-21,0.12,
SZ002852,2026-09-03,0.049,
SZ002857,2025-06-17,0.015,
SZ002859,2025-05-29,0.12,
SZ002859,2025-09-30,0.1,
SZ002859,2026-05-28,0.12,
SZ002859,2026-09-08,0.1,
SZ002860,2025-05-15,0.1,
SZ002860,2026-05-14,0.1,
SZ002861,2025-05-30,0.1,
SZ002862,2025-05-16,0.03,
SZ002863,2025-06-27,0.017,
SZ002863,2026-07-01,0.01,
SZ002864,2025-02-17,0.050000100000000006,
SZ002864,2025-05-29,0.25,
SZ002864,2025-09-16,0.1,
SZ002864,2026-07-22,0.25,
SZ002864,2026-09-16,0.1,
SZ002866,2026-05-07,0.06,
SZ002867,2025-06-11,0.65,
SZ002867,2025-11-11,0.25,
SZ002867,2026-07-17,0.65,
SZ002869,2025-06-26,0.2,
SZ002870,2025-05-06,0.1,
SZ002870,2026-05-22,0.128,
SZ002871,2025-05-29,0.35,
SZ002871,2025-10-28,0.05,
SZ002871,2026-06-05,0.35,
SZ002873,2025-01-20,0.04,
SZ002873,2025-06-03,0.06,
SZ002873,2026-05-27,0.03,
SZ002876,2025-05-06,0.15,
SZ002876,2026-05-21,0.10900000000000001,
SZ002877,2025-07-23,0.02,
SZ002877,2026-07-17,0.025,
SZ002879,2025-04-17,0.2,
SZ002879,2026-04-21,0.5,
SZ002880,2025-07-17,0.2,
SZ002880,2026-05-27,0.2,
SZ002881,2025-05-30,0.13,
SZ002881,2026-07-21,0.1,
SZ002882,2025-06-06,0.3,
SZ002882,2026-06-16,0.1,
SZ002883,2025-06-20,0.02,
SZ002884,2025-05-19,1.0,
SZ002884,2026-05-18,1.0,
SZ002885,2025-05-30,0.022,
SZ002885,2026-06-01,0.034999999999999996,
SZ002886,2025-05-30,0.041999999999999996,
SZ002886,2026-05-21,0.075,
SZ002887,2025-06-06,0.25,
SZ002887,2026-06-04,0.3,
SZ002888,2025-06-17,0.20400000000000001,
SZ002888,2026-06-02,0.135,
SZ002889,2025-05-30,0.075,
SZ002889,2026-06-11,0.03,
SZ002890,2025-07-04,0.026000000000000002,
SZ002890,2026-07-02,0.026000000000000002,
SZ002891,2025-06-03,0.15,
SZ002891,2025-08-14,0.2,
SZ002891,2026-05-26,0.16,
SZ002891,2026-09-02,0.06999999999999999,
SZ002892,2025-06-25,0.05,
SZ002892,2026-06-01,0.022,
SZ002893,2025-06-26,0.10200000000000001,
SZ002893,2026-06-18,0.091,
SZ002895,2025-06-23,1.2,
SZ002895,2025-09-05,0.3,
SZ002895,2026-05-21,1.5,
SZ002895,2026-09-02,0.3,
SZ002896,2025-06-27,0.26,
SZ002896,2026-07-09,0.12,
SZ002897,2025-05-29,0.1,
SZ002897,2026-06-01,0.5,
SZ002899,2025-06-12,0.075,
SZ002899,2026-06-12,0.08299999999999999,
SZ002900,2025-05-29,0.2,
SZ002901,2025-05-30,0.5,
SZ002901,2026-07-07,0.6,
SZ002903,2025-06-09,0.08,
SZ002906,2025-05-12,0.48,
SZ002906,2026-05-08,0.5,
SZ002907,2025-05-30,0.05,
SZ002907,2025-09-09,0.034999999999999996,
SZ002907,2026-06-04,0.04,
SZ002907,2026-09-04,0.034999999999999996,
SZ002908,2025-06-05,0.05,
SZ002908,2026-06-05,0.05,
SZ002909,2025-05-12,0.1,
SZ002911,2025-04-22,0.22999999999999998,
SZ002911,2026-01-15,0.25,
SZ002911,2026-04-24,0.27,
SZ002912,2025-05-22,0.2,
SZ002912,2026-05-28,0.4,
SZ002913,2025-06-27,0.6026454,
SZ002913,2026-06-18,0.3,
SZ002916,2025-05-29,1.5,
SZ002916,2026-05-29,2.4,
SZ002917,2025-07-10,0.1,
SZ002917,2026-07-03,0.15,
SZ002918,2025-06-26,0.2,
SZ002918,2026-06-18,0.08,
SZ002919,2025-05-30,0.05,
SZ002919,2026-06-09,0.05,
SZ002920,2025-04-17,1.2,
SZ002920,2026-04-07,1.25,
SZ002922,2025-05-13,0.3,
SZ002922,2026-01-13,0.1,
SZ002922,2026-06-05,0.2,
SZ002923,2025-05-30,0.15,
SZ002925,2025-07-03,0.3,
SZ002925,2026-05-22,0.22999999999999998,
SZ002926,2025-07-29,0.08499999999999999,
SZ002926,2025-12-22,0.04,
SZ002926,2026-07-27,0.16899999999999998,
SZ002926,2026-09-21,0.076,
SZ002927,2025-06-26,0.05,
SZ002929,2025-07-08,0.13,
SZ002929,2026-07-21,0.06,
SZ002930,2025-06-24,0.2,
SZ002931,2025-07-04,0.05,
SZ002931,2026-07-08,0.05,
SZ002932,2025-06-12,1.2,
SZ002933,2025-06-19,0.02,
SZ002933,2026-06-15,0.02,
SZ002935,2025-06-06,0.05,
SZ002935,2026-06-16,0.05,
SZ002936,2025-07-10,0.02,
SZ002937,2025-05-29,0.3,
SZ002937,2025-09-30,0.1,
SZ002937,2026-05-26,0.2,
SZ002938,2025-06-18,1.0,
SZ002938,2026-06-12,1.0,
SZ002939,2025-07-22,0.092,
SZ002939,2025-12-19,0.076,
SZ002939,2026-07-21,0.12,
SZ002940,2025-07-07,0.125,
SZ002940,2025-11-24,0.1,
SZ002940,2026-06-22,0.15,
SZ002941,2025-06-25,0.15,
SZ002941,2026-07-09,0.2,
SZ002942,2025-06-11,0.3,
SZ002942,2026-06-05,0.4,
SZ002943,2026-06-08,,
SZ002945,2025-05-15,0.04,
SZ002945,2026-07-17,0.056999999999999995,
SZ002946,2025-02-14,0.034999999999999996,
SZ002946,2025-06-26,0.25,
SZ002946,2026-01-16,0.06999999999999999,
SZ002946,2026-06-09,0.38,
SZ002947,2025-05-08,0.6,
SZ002947,2026-04-29,0.5,
SZ002948,2025-06-26,0.16,
SZ002948,2026-06-24,0.18,
SZ002949,2025-05-29,0.35,
SZ002949,2026-05-27,0.2,
SZ002950,2025-06-19,0.06,
SZ002950,2026-06-24,0.146,
SZ002951,2025-06-19,0.5,
SZ002952,2025-05-30,0.05,
SZ002952,2026-06-01,0.05,
SZ002953,2025-05-28,0.1,
SZ002953,2026-05-28,0.1,
SZ002956,2025-07-03,0.4176,
SZ002956,2026-05-18,0.5384,
SZ002957,2025-06-23,0.16999999999999998,
SZ002957,2026-06-18,0.25,
SZ002958,2025-07-09,0.12,
SZ002958,2026-07-08,0.12,
SZ002959,2025-06-26,1.0,
SZ002959,2026-05-28,1.3,
SZ002960,2025-06-09,0.2,
SZ002960,2026-05-11,0.15,
SZ002961,2025-06-05,0.2,
SZ002961,2025-09-19,0.18,
SZ002961,2026-05-20,0.22999999999999998,
SZ002961,2026-09-23,0.3,
SZ002962,2025-06-06,0.2,
SZ002962,2026-06-05,0.1,
SZ002963,2025-05-22,0.2,
SZ002965,2025-05-29,0.5349999999999999,
SZ002965,2026-06-10,0.2,
SZ002966,2025-06-05,0.2,
SZ002966,2025-11-17,0.21000000000000002,
SZ002966,2026-06-24,0.15,
SZ002967,2025-01-10,0.25,
SZ002967,2025-04-29,0.15,
SZ002967,2025-09-26,0.15,
SZ002967,2026-06-02,0.2,
SZ002967,2026-09-22,0.15,
SZ002968,2025-01-07,0.1,
SZ002968,2025-06-06,0.185,
SZ002968,2025-12-24,0.15,
SZ002969,2025-05-27,0.01,
SZ002969,2025-09-26,0.02,
SZ002969,2026-09-21,0.04,
SZ002970,2025-06-04,0.7,
SZ002970,2025-09-19,0.4,
SZ002970,2026-04-29,0.6,
SZ002971,2025-01-14,0.1,
SZ002971,2025-05-27,0.1,
SZ002971,2026-07-03,0.05,
SZ002972,2025-04-29,0.15,
SZ002972,2025-09-26,0.15,
SZ002972,2026-04-29,0.15,
SZ002972,2026-09-18,0.1,
SZ002973,2025-07-23,0.1,
SZ002973,2026-07-15,0.1,
SZ002975,2025-06-27,0.127029,
SZ002975,2026-01-22,0.0940663,
SZ002975,2026-05-11,,
SZ002976,2026-06-26,,
SZ002977,2025-06-26,0.18,
SZ002978,2025-06-04,0.5,
SZ002978,2026-07-15,0.3,
SZ002979,2025-05-29,0.32,
SZ002979,2026-07-15,0.25,
SZ002980,2025-06-09,0.73,
SZ002981,2025-06-25,0.26,
SZ002981,2026-05-25,0.16699999999999998,
SZ002982,2025-01-14,0.2,
SZ002982,2025-05-30,0.1,
SZ002982,2026-05-29,0.1,
SZ002983,2025-07-10,0.25,
SZ002983,2026-01-16,0.15,
SZ002983,2026-07-10,0.25,
SZ002984,2025-06-30,0.29,
SZ002984,2025-11-10,0.3,
SZ002984,2026-07-03,0.05,
SZ002985,2025-07-09,0.023,
SZ002985,2026-04-21,0.13,
SZ002986,2025-07-11,0.3036321,
SZ002986,2026-09-23,0.1,
SZ002987,2025-05-16,0.25,
SZ002987,2026-05-20,0.21000000000000002,
SZ002988,2025-05-26,0.16,
SZ002990,2025-05-16,0.21000000000000002,
SZ002990,2026-05-21,0.1,
SZ002991,2025-06-12,1.784,
SZ002991,2025-09-12,0.58,
SZ002991,2026-06-04,1.0130000000000001,
SZ002991,2026-09-23,0.63,
SZ002993,2025-05-29,0.9,
SZ002993,2025-12-25,0.6,
SZ002993,2026-05-28,0.6,
SZ002996,2025-05-29,0.05,
SZ002996,2026-06-04,0.11000000000000001,
SZ002997,2025-05-28,0.3,
SZ002997,2025-11-27,0.15,
SZ002997,2026-06-05,0.3,
SZ002997,2026-09-04,0.15,
SZ002998,2025-01-07,0.15,
SZ002998,2025-06-19,0.4,
SZ002998,2025-10-13,0.12,
SZ002998,2026-05-20,0.16999999999999998,
SZ002998,2026-08-03,0.2,
SZ002999,2025-06-20,0.124,
SZ002999,2026-06-02,0.06999999999999999,
SZ003000,2025-04-30,0.3,
SZ003000,2025-09-25,0.1,
SZ003000,2026-06-04,0.3,
SZ003001,2025-07-07,0.2814904,
SZ003001,2026-06-08,0.075918,
SZ003002,2025-05-30,0.15,
SZ003002,2026-06-03,0.2,
SZ003003,2025-06-12,0.2,
SZ003003,2026-06-30,0.2,
SZ003005,2025-05-27,0.32,
SZ003005,2026-05-28,0.06999999999999999,
SZ003006,2025-04-23,0.55,
SZ003006,2026-05-20,0.4,
SZ003007,2025-06-06,0.06487000000000001,
SZ003007,2026-06-03,0.029803200000000002,
SZ003008,2025-01-10,0.15,
SZ003008,2025-05-14,0.5,
SZ003008,2025-08-26,0.3,
SZ003008,2025-11-28,0.2,
SZ003008,2026-06-03,0.5,
SZ003008,2026-09-03,0.3,
SZ003009,2025-06-25,0.037999899999999996,
SZ003009,2025-10-31,0.0189996,
SZ003010,2025-06-09,0.5,
SZ003010,2025-09-15,0.3,
SZ003010,2026-06-11,0.3,
SZ003011,2025-05-28,0.3,
SZ003011,2025-09-24,0.3,
SZ003011,2026-07-01,0.3,
SZ003012,2025-05-23,0.25,
SZ003012,2026-06-01,0.25,
SZ003013,2025-06-20,0.48,
SZ003013,2026-06-24,0.31,
SZ003015,2025-05-30,0.2,
SZ003015,2026-05-21,0.2,
SZ003017,2025-06-04,0.3,
SZ003017,2025-10-24,0.3,
SZ003017,2026-06-26,0.3,
SZ003018,2025-05-09,0.3,
SZ003018,2026-07-15,0.1985111,
SZ003019,2025-07-02,0.5,
SZ003019,2026-06-01,0.5,
SZ003020,2025-01-21,0.2,
SZ003020,2025-05-22,0.3,
SZ003020,2025-11-28,0.2,
SZ003020,2026-05-29,0.3,
SZ003021,2025-05-29,0.28500000000000003,
SZ003021,2026-06-08,0.385,
SZ003022,2025-04-29,0.06,
SZ003022,2026-04-29,0.06999999999999999,
SZ003023,2025-06-13,0.4,
SZ003023,2026-06-12,0.35,
SZ003025,2025-06-10,0.22000000000000003,
SZ003025,2026-06-11,0.2,
SZ003026,2025-07-03,0.15,
SZ003026,2026-06-05,0.2,
SZ003027,2025-06-13,0.3,
SZ003027,2026-05-29,0.3,
SZ003028,2025-05-29,0.45,
SZ003028,2025-10-17,0.15,
SZ003028,2026-05-14,0.2,
SZ003030,2025-05-26,0.15,
SZ003030,2026-06-04,0.15,
SZ003031,2025-06-12,0.42000000000000004,
SZ003031,2026-06-10,0.44000000000000006,
SZ003033,2025-06-13,0.5,
SZ003033,2026-04-21,0.5,
SZ003035,2025-01-24,0.006,
SZ003035,2025-12-18,0.007000000000000001,
SZ003035,2026-07-24,0.020999999999999998,
SZ003036,2025-06-27,0.12399990000000001,
SZ003036,2026-05-29,0.066,
SZ003037,2025-07-09,0.05,
SZ003037,2026-06-05,0.05,
SZ003038,2025-01-22,0.2,
SZ003039,2025-06-18,0.21000000000000002,
SZ003039,2026-06-22,0.231,
SZ003040,2025-05-29,0.03,
SZ003040,2026-06-02,0.01,
SZ003041,2025-06-30,0.4,
SZ003041,2025-09-15,0.4,
SZ003043,2025-06-12,0.29999570000000003,
SZ003043,2026-06-09,0.249999,
SZ003816,2025-07-03,0.095,
SZ003816,2026-07-10,0.086,
SZ300001,2025-07-04,0.15,
SZ300001,2026-05-27,0.2,
SZ300002,2025-07-11,0.1,
SZ300002,2026-06-17,0.06,
SZ300003,2025-06-20,0.135,
SZ300003,2025-09-23,0.16275,
SZ300003,2026-06-26,0.16275,
SZ300005,2025-06-05,0.012,
SZ300005,2026-05-29,0.01,
SZ300007,2025-05-28,0.04,
SZ300007,2026-06-11,0.05,
SZ300008,2026-07-06,0.032,
SZ300009,2025-01-17,0.1,
SZ300009,2025-05-23,0.15,
SZ300009,2026-05-29,0.25,
SZ300012,2025-05-28,0.1,
SZ300012,2025-10-13,0.05,
SZ300012,2026-04-30,0.15,
SZ300012,2026-08-26,0.05,
SZ300014,2025-05-19,0.5,
SZ300014,2025-09-17,0.24500000000000002,
SZ300014,2026-05-14,0.23381980000000002,
SZ300014,2026-09-17,0.22999999999999998,
SZ300015,2025-06-11,0.1600278,
SZ300015,2026-01-15,0.08,
SZ300015,2026-07-17,0.1,
SZ300016,2025-05-19,0.05,
SZ300017,2025-05-23,0.25,
SZ300017,2026-06-09,0.25,
SZ300017,2026-08-27,0.08,
SZ300018,2025-04-25,0.06999999999999999,
SZ300018,2026-06-17,0.1,
SZ300019,2025-05-12,0.3,
SZ300019,2026-04-30,0.3,
SZ300021,2025-06-24,0.06,
SZ300021,2026-07-07,0.02,
SZ300026,2025-06-24,0.03,
SZ300026,2026-07-15,0.01,
SZ300031,2025-07-09,0.1,
SZ300031,2026-07-03,0.1,
SZ300033,2025-03-28,3.0,
SZ300033,2025-09-23,0.1,
SZ300033,2026-04-10,5.1,
SZ300033,2026-09-23,0.2,
SZ300034,2025-07-11,0.1,
SZ300034,2026-06-05,0.036,
SZ300035,2025-05-27,0.25,
SZ300035,2026-06-05,0.25,
SZ300036,2026-06-17,0.03,
SZ300037,2025-05-23,0.4,
SZ300037,2026-04-28,0.5,
SZ300039,2025-05-29,0.1,
SZ300039,2025-11-27,0.03,
SZ300039,2026-05-29,0.1,
SZ300040,2025-06-30,0.0593337,
SZ300040,2026-06-12,0.0200709,
SZ300041,2025-05-30,0.15,
SZ300041,2026-06-30,0.15,
SZ300042,2026-05-28,0.06999999999999999,
SZ300043,2025-07-23,0.01,
SZ300043,2026-06-26,0.05,
SZ300046,2025-01-16,0.065,
SZ300046,2025-06-06,0.08,
SZ300046,2026-06-24,0.15,
SZ300047,2025-04-29,0.015,
SZ300047,2026-06-16,0.015,
SZ300049,2026-07-06,0.15,
SZ300054,2025-07-17,0.1,
SZ300054,2026-06-17,0.1,
SZ300055,2025-07-08,0.015,
SZ300055,2026-07-03,0.015,
SZ300057,2025-05-16,0.01,
SZ300057,2026-05-26,0.01,
SZ300058,2025-06-04,,
SZ300058,2026-06-26,0.01,
SZ300059,2025-04-16,0.06,
SZ300059,2026-04-21,0.1,
SZ300066,2025-06-06,0.03,
SZ300066,2026-06-11,0.05,
SZ300067,2025-06-20,0.01,
SZ300070,2025-05-27,0.004,
SZ300070,2026-06-26,0.004,
SZ300073,2025-05-20,0.2,
SZ300073,2026-05-27,0.28300000000000003,
SZ300079,2025-07-04,0.0100104,
SZ300079,2026-07-03,0.02,
SZ300087,2025-07-22,0.05,
SZ300088,2025-06-12,0.0589923,
SZ300088,2026-06-03,0.05,
SZ300092,2025-05-14,0.238,
SZ300092,2026-05-14,0.1,
SZ300095,2025-06-05,0.1,
SZ300099,2025-05-29,0.177,
SZ300099,2025-09-12,0.052000000000000005,
SZ300099,2026-04-30,0.13999999999999999,
SZ300100,2025-05-15,0.2,
SZ300100,2026-04-27,0.1,
SZ300101,2025-06-18,0.0735,
SZ300102,2025-04-30,0.046,
SZ300102,2026-05-08,0.05,
SZ300105,2025-05-23,0.1,
SZ300105,2026-05-25,0.15,
SZ300107,2025-05-29,0.016,
SZ300109,2025-07-10,0.24930560000000002,
SZ300109,2026-06-23,0.2,
SZ300113,2025-06-26,0.09,
SZ300113,2026-06-17,0.12,
SZ300115,2025-05-27,0.13,
SZ300115,2026-07-08,0.12,
SZ300119,2025-05-21,0.3,
SZ300119,2026-05-13,0.4,
SZ300121,2025-01-10,0.06999999999999999,
SZ300121,2025-06-12,0.06999999999999999,
SZ300121,2025-09-11,0.06999999999999999,
SZ300121,2026-05-18,0.08,
SZ300124,2025-06-06,0.41,
SZ300124,2026-06-04,0.5,
SZ300127,2025-06-10,0.35,
SZ300127,2026-06-09,0.4,
SZ300129,2025-08-20,0.06,
SZ300129,2026-07-31,0.06,
SZ300130,2025-06-26,0.2,
SZ300130,2025-09-04,0.3,
SZ300130,2026-07-02,0.3,
SZ300130,2026-09-03,0.25,
SZ300133,2025-05-29,0.013000000000000001,
SZ300133,2026-05-29,0.011,
SZ300133,2026-09-22,0.01,
SZ300135,2025-06-23,0.0100655,
SZ300136,2025-07-11,0.05,
SZ300136,2026-05-22,0.05,
SZ300137,2026-07-14,0.03,
SZ300138,2025-05-16,0.13,
SZ300138,2026-05-21,0.3,
SZ300139,2026-07-10,0.1,
SZ300140,2025-07-10,0.06,
SZ300140,2025-10-28,0.06,
SZ300140,2026-06-04,0.06,
SZ300142,2025-05-28,0.01,
SZ300142,2026-01-09,0.03,
SZ300142,2026-06-24,0.125,
SZ300143,2026-06-03,0.025,
SZ300144,2025-06-30,0.2,
SZ300144,2026-06-12,0.25,
SZ300145,2026-06-15,0.05,
SZ300146,2025-04-22,0.36,
SZ300146,2026-04-21,0.45,
SZ300151,2025-05-29,0.075,
SZ300151,2026-05-15,0.08,
SZ300153,2026-05-29,0.06999999999999999,
SZ300154,2025-06-26,0.2,
SZ300154,2026-06-05,0.2,
SZ300160,2025-05-19,0.1,
SZ300160,2026-05-21,0.075,
SZ300161,2025-07-14,0.01,
SZ300161,2026-07-10,0.02,
SZ300170,2025-05-23,0.048,
SZ300170,2026-05-15,0.015,
SZ300171,2025-05-30,0.076,
SZ300171,2025-09-25,0.03,
SZ300171,2026-06-01,0.08,
SZ300171,2026-09-10,0.066,
SZ300172,2025-05-09,0.05,
SZ300172,2026-05-15,0.1,
SZ300174,2025-07-11,0.13,
SZ300174,2026-01-26,0.1,
SZ300174,2026-07-09,0.1,
SZ300176,2025-07-10,0.02,
SZ300176,2026-06-18,0.02,
SZ300179,2025-05-29,0.2,
SZ300179,2026-06-12,0.3,
SZ300180,2025-07-09,0.005,
SZ300180,2026-06-09,0.005,
SZ300181,2025-05-26,0.6,
SZ300181,2026-05-28,0.35,
SZ300181,2026-09-23,0.35,
SZ300182,2025-07-15,0.005,
SZ300182,2026-07-29,0.007000000000000001,
SZ300183,2025-05-29,0.1,
SZ300183,2026-05-29,0.005,
SZ300185,2025-06-20,0.005,
SZ300185,2025-11-14,0.006,
SZ300185,2026-06-22,0.002,
SZ300185,2026-09-22,0.005,
SZ300187,2025-05-27,0.09,
SZ300187,2025-11-19,0.077,
SZ300187,2026-06-17,0.03,
SZ300191,2026-05-28,0.05,
SZ300192,2025-01-22,0.1,
SZ300192,2025-06-05,0.1,
SZ300192,2025-11-21,0.1,
SZ300192,2026-07-08,,
SZ300193,2025-06-23,0.2,
SZ300193,2026-07-06,0.3,
SZ300194,2025-05-28,0.05,
SZ300194,2025-09-25,0.02,
SZ300194,2026-05-28,0.05,
SZ300195,2026-07-10,0.02,
SZ300196,2025-05-29,0.2,
SZ300196,2025-09-26,0.1,
SZ300196,2026-05-15,0.35,
SZ300196,2026-09-09,0.2,
SZ300200,2025-05-29,0.15,
SZ300200,2026-06-10,0.15,
SZ300201,2025-06-26,0.03,
SZ300201,2026-06-26,0.0300925,
SZ300203,2025-05-23,0.25,
SZ300206,2025-05-27,0.207,
SZ300206,2026-04-30,0.311,
SZ300207,2025-06-04,0.15,
SZ300207,2025-10-24,0.059945899999999996,
SZ300207,2026-06-04,0.09,
SZ300213,2025-06-06,0.05,
SZ300215,2025-06-27,0.005,
SZ300215,2026-06-26,0.002,
SZ300217,2025-06-20,0.032,
SZ300217,2026-06-12,0.016,
SZ300218,2025-06-04,0.25,
SZ300218,2026-06-05,0.26,
SZ300219,2025-06-19,0.015,
SZ300219,2025-10-23,0.1,
SZ300219,2026-06-18,0.1,
SZ300221,2026-07-10,0.1,
SZ300221,2026-09-24,0.1,
SZ300222,2026-04-21,0.04,
SZ300223,2025-06-24,0.0997988,
SZ300223,2026-05-20,0.15,
SZ300224,2025-05-30,0.2,
SZ300224,2026-05-12,0.2,
SZ300225,2025-08-20,0.02,
SZ300226,2025-10-22,0.05,
SZ300226,2026-06-12,0.05,
SZ300228,2025-06-06,0.08,
SZ300228,2026-05-19,0.12,
SZ300230,2025-06-11,0.065,
SZ300230,2026-06-30,0.185,
SZ300231,2025-05-27,0.1,
SZ300231,2026-05-27,0.15,
SZ300232,2025-05-22,0.24,
SZ300232,2026-05-27,0.02,
SZ300233,2025-02-17,0.15,
SZ300233,2025-05-14,0.15,
SZ300233,2025-09-17,0.1,
SZ300233,2026-05-15,0.15,
SZ300234,2025-06-05,0.014000000000000002,
SZ300235,2025-06-03,0.045,
SZ300235,2026-05-27,0.025,
SZ300236,2025-06-17,0.26,
SZ300236,2026-05-26,0.4779598,
SZ300239,2025-06-17,0.025,
SZ300239,2026-05-27,0.012,
SZ300240,2026-06-16,0.02,
SZ300241,2025-06-23,0.02,
SZ300241,2026-06-30,0.03,
SZ300243,2025-07-18,0.0499999,
SZ300243,2026-06-11,0.08980160000000001,
SZ300244,2025-06-18,0.25,
SZ300244,2026-06-25,0.35,
SZ300246,2025-11-26,0.05,
SZ300248,2025-06-13,0.08,
SZ300248,2026-06-25,0.08,
SZ300251,2025-06-12,0.2,
SZ300251,2026-05-29,0.15,
SZ300253,2025-06-04,0.015,
SZ300257,2025-06-20,0.1,
SZ300257,2026-06-17,0.1,
SZ300258,2025-06-12,0.04,
SZ300258,2025-10-16,0.034999999999999996,
SZ300258,2026-06-10,0.045,
SZ300259,2025-07-01,0.05,
SZ300259,2026-01-08,0.05,
SZ300259,2026-05-14,0.06,
SZ300260,2025-07-18,0.06,
SZ300260,2026-07-15,0.05,
SZ300263,2025-05-27,0.0499999,
SZ300263,2026-05-29,0.06,
SZ300265,2025-07-04,0.04,
SZ300265,2026-06-25,0.02,
SZ300272,2025-05-30,0.04,
SZ300272,2025-09-12,0.08,
SZ300272,2025-11-18,0.05,
SZ300272,2026-06-16,0.05,
SZ300274,2025-06-13,1.08,
SZ300274,2025-10-20,0.95,
SZ300274,2026-05-12,0.6900000000000001,
SZ300274,2026-09-21,0.64,
SZ300275,2025-05-21,0.03,
SZ300275,2026-05-28,0.034999999999999996,
SZ300277,2025-06-11,0.02,
SZ300277,2026-07-01,0.018,
SZ300277,2026-09-21,0.05,
SZ300281,2025-06-13,0.02,
SZ300281,2025-12-15,0.02,
SZ300281,2026-06-12,0.02,
SZ300283,2026-06-10,0.015,
SZ300284,2025-05-21,0.06999999999999999,
SZ300284,2025-08-12,0.02,
SZ300284,2026-06-04,0.075,
SZ300284,2026-08-28,0.02,
SZ300285,2025-06-09,0.15,
SZ300285,2025-08-29,0.05,
SZ300285,2026-06-02,0.1,
SZ300285,2026-08-18,0.05,
SZ300286,2025-05-27,0.3009051,
SZ300286,2025-09-11,0.1,
SZ300286,2026-05-18,0.35,
SZ300286,2026-09-11,0.1,
SZ300288,2025-06-23,0.015,
SZ300288,2026-07-14,0.01,
SZ300290,2026-07-10,0.015,
SZ300294,2025-05-28,0.16,
SZ300294,2025-09-26,0.15,
SZ300294,2026-05-20,0.073,
SZ300296,2025-05-26,0.1,
SZ300296,2026-05-19,0.1,
SZ300298,2025-06-13,0.22000000000000003,
SZ300303,2025-06-13,0.13,
SZ300303,2026-05-27,0.12,
SZ300304,2025-04-28,0.057999999999999996,
SZ300304,2025-09-24,0.03,
SZ300304,2026-05-22,0.05,
SZ300306,2025-05-23,0.32,
SZ300306,2025-09-17,0.11200000000000002,
SZ300306,2026-05-19,0.26,
SZ300307,2025-06-18,0.1,
SZ300307,2026-05-11,0.02,
SZ300308,2025-06-19,0.5,
SZ300308,2025-10-13,0.4,
SZ300308,2026-04-30,1.0,
SZ300314,2025-06-30,0.087,
SZ300314,2026-05-12,0.08,
SZ300316,2025-05-28,0.4,
SZ300316,2026-05-21,0.15,
SZ300319,2025-06-12,0.11469149999999999,
SZ300319,2026-06-09,0.10700000000000001,
SZ300320,2025-05-23,0.02,
SZ300320,2025-09-24,0.02,
SZ300320,2026-06-04,0.03,
SZ300321,2025-06-19,0.043,
SZ300321,2026-05-19,0.038,
SZ300326,2026-06-24,0.1,
SZ300327,2025-07-09,0.2,
SZ300327,2026-07-10,0.1,
SZ300329,2025-01-17,0.032,
SZ300335,2025-05-16,0.1,
SZ300335,2026-05-21,0.1,
SZ300335,2026-09-08,0.02,
SZ300337,2025-07-14,0.01,
SZ300337,2026-07-10,0.01,
SZ300339,2025-12-31,0.06999999999999999,
SZ300339,2026-05-29,0.06999999999999999,
SZ300341,2025-07-01,0.06999999999999999,
SZ300341,2026-06-26,0.06999999999999999,
SZ300342,2025-05-16,0.065,
SZ300342,2026-05-19,0.02,
SZ300346,2025-05-09,0.1,
SZ300346,2025-09-10,0.18,
SZ300346,2026-05-18,0.27999999999999997,
SZ300346,2026-09-10,0.08,
SZ300347,2025-06-17,0.3,
SZ300347,2026-07-10,0.126,
SZ300348,2025-06-06,0.007000000000000001,
SZ300348,2026-06-03,0.007000000000000001,
SZ300349,2025-05-26,0.5,
SZ300349,2026-05-22,0.25,
SZ300351,2025-06-04,0.06,
SZ300351,2026-05-22,0.040999999999999995,
SZ300354,2025-05-23,0.177,
SZ300354,2026-06-03,0.2,
SZ300355,2025-07-09,0.004,
SZ300357,2025-01-10,0.1,
SZ300357,2025-07-08,0.12,
SZ300357,2026-01-20,0.1,
SZ300357,2026-07-09,0.15,
SZ300358,2026-06-26,0.06999999999999999,
SZ300360,2025-05-26,0.4,
SZ300360,2025-12-19,0.3,
SZ300360,2026-06-03,0.3,
SZ300363,2026-05-12,0.09,
SZ300371,2025-06-13,0.0891887,
SZ300371,2026-06-09,0.1,
SZ300373,2025-04-30,0.4,
SZ300373,2025-09-16,0.42000000000000004,
SZ300373,2026-05-08,0.5,
SZ300375,2025-07-14,0.036,
SZ300376,2025-07-14,0.0210657,
SZ300376,2026-07-29,0.002,
SZ300378,2025-06-06,0.03,
SZ300378,2026-06-04,0.125,
SZ300380,2025-06-20,0.05,
SZ300380,2026-06-03,0.1,
SZ300381,2025-07-01,0.1,
SZ300381,2026-06-18,0.05,
SZ300383,2025-05-21,0.06,
SZ300383,2026-05-28,0.02,
SZ300384,2025-07-14,0.22000000000000003,
SZ300384,2026-07-13,0.18,
SZ300386,2026-05-19,0.01,
SZ300387,2025-05-30,0.06999999999999999,
SZ300387,2026-06-01,0.06,
SZ300388,2025-06-06,0.13,
SZ300388,2026-01-13,0.065,
SZ300388,2026-06-05,0.031,
SZ300389,2025-05-28,0.15,
SZ300389,2025-10-16,0.2,
SZ300390,2025-05-30,0.6,
SZ300394,2025-06-09,0.5,
SZ300394,2025-09-19,0.5,
SZ300394,2026-06-12,0.7,
SZ300394,2026-09-17,0.5,
SZ300395,2025-05-30,0.13,
SZ300395,2026-09-22,0.16999999999999998,
SZ300396,2025-05-20,0.26,
SZ300398,2025-07-08,0.065,
SZ300398,2025-11-11,0.04,
SZ300398,2026-07-09,0.075,
SZ300399,2025-05-28,0.05,
SZ300399,2026-06-05,0.05,
SZ300400,2025-05-27,0.4,
SZ300400,2026-01-26,0.41,
SZ300401,2025-04-30,0.11399999999999999,
SZ300401,2026-05-27,0.11299999999999999,
SZ300402,2025-07-18,0.09,
SZ300402,2026-08-20,0.06999999999999999,
SZ300403,2025-04-29,0.05,
SZ300403,2025-09-16,0.05,
SZ300403,2026-05-19,0.08,
SZ300403,2026-08-27,0.11000000000000001,
SZ300404,2025-07-15,0.012,
SZ300404,2026-06-17,0.013000000000000001,
SZ300406,2025-05-06,0.4,
SZ300406,2025-09-05,0.3,
SZ300406,2025-11-27,0.2,
SZ300406,2026-05-29,0.7,
SZ300406,2026-09-03,0.15,
SZ300407,2025-07-08,0.1,
SZ300407,2026-07-08,0.08,
SZ300408,2025-06-25,0.38,
SZ300408,2026-05-11,0.45,
SZ300409,2025-05-23,0.18,
SZ300409,2026-06-04,0.25,
SZ300412,2025-06-05,0.06,
SZ300412,2026-06-01,0.057999999999999996,
SZ300413,2025-07-16,0.22000000000000003,
SZ300413,2026-07-10,0.26,
SZ300414,2025-07-08,0.01,
SZ300414,2026-07-06,0.016,
SZ300415,2025-06-06,0.5,
SZ300415,2026-06-05,0.6,
SZ300416,2025-06-30,0.15,
SZ300416,2026-05-28,0.15,
SZ300417,2026-06-02,0.06999999999999999,
SZ300420,2026-06-24,0.01,
SZ300421,2025-05-28,0.12,
SZ300421,2026-06-05,0.15,
SZ300425,2025-07-25,0.026000000000000002,
SZ300425,2026-06-11,0.004,
SZ300428,2025-06-23,0.337,
SZ300428,2026-06-25,0.39,
SZ300430,2025-07-11,0.045,
SZ300432,2025-06-04,0.1,
SZ300432,2026-06-04,0.1,
SZ300433,2025-06-18,0.4,
SZ300433,2025-10-28,0.1,
SZ300433,2026-07-06,0.45,
SZ300434,2025-06-19,0.06899999999999999,
SZ300434,2026-06-17,0.08199999999999999,
SZ300435,2025-05-20,0.2,
SZ300435,2026-05-21,0.25,
SZ300438,2026-06-02,0.06,
SZ300439,2025-06-23,0.1348703,
SZ300439,2026-06-11,0.033,
SZ300440,2025-05-20,0.057999999999999996,
SZ300440,2026-05-20,0.047,
SZ300441,2025-05-06,0.3,
SZ300441,2026-05-29,0.065,
SZ300442,2025-07-18,0.1288,
SZ300442,2025-09-25,0.3995,
SZ300442,2026-07-07,0.24580000000000002,
SZ300442,2026-09-15,0.4288,
SZ300443,2025-06-05,0.06999999999999999,
SZ300443,2025-11-03,0.1,
SZ300443,2026-05-14,0.1,
SZ300444,2026-05-15,0.06,
SZ300445,2025-05-16,0.09,
SZ300445,2026-05-22,0.1,
SZ300446,2025-06-17,0.27999999999999997,
SZ300446,2026-06-17,0.32,
SZ300447,2025-05-30,0.05,
SZ300447,2026-04-28,0.06,
SZ300448,2025-07-04,0.018,
SZ300448,2025-09-23,0.015,
SZ300448,2026-05-25,0.018,
SZ300448,2026-09-17,0.015,
SZ300450,2025-07-01,0.05600000000000001,
SZ300450,2026-06-30,0.28700000000000003,
SZ300452,2025-06-23,0.3,
SZ300452,2026-06-10,0.3,
SZ300453,2025-05-12,0.2,
SZ300453,2025-09-10,0.1,
SZ300453,2026-05-28,0.2,
SZ300454,2025-06-13,0.063,
SZ300454,2026-06-17,0.11000000000000001,
SZ300455,2025-06-06,0.015,
SZ300456,2026-04-28,0.37,
SZ300457,2025-08-05,0.11699999999999999,
SZ300457,2026-08-19,0.08499999999999999,
SZ300458,2025-04-30,0.25,
SZ300458,2026-04-30,0.2,
SZ300463,2025-05-28,0.10400000000000001,
SZ300468,2025-06-04,0.1,
SZ300468,2026-05-08,0.06,
SZ300470,2025-06-13,0.5,
SZ300470,2025-10-20,0.5,
SZ300470,2026-06-15,0.5,
SZ300474,2025-05-26,0.06,
SZ300475,2025-05-14,0.057999999999999996,
SZ300475,2025-10-29,0.034999999999999996,
SZ300475,2026-07-16,0.082177,
SZ300476,2025-04-30,0.3003304,
SZ300476,2026-04-15,1.9949377,
SZ300480,2025-06-03,0.05,
SZ300481,2025-05-30,0.2,
SZ300481,2025-09-11,0.2,
SZ300481,2026-05-21,0.2,
SZ300481,2026-09-10,0.2,
SZ300482,2025-05-20,0.4,
SZ300482,2026-06-02,0.22000000000000003,
SZ300484,2025-06-13,0.16,
SZ300484,2026-06-09,0.16,
SZ300485,2026-05-27,0.03,
SZ300486,2026-07-17,0.013000000000000001,
SZ300487,2025-07-09,0.6,
SZ300487,2025-10-23,0.18,
SZ300487,2026-07-03,0.173,
SZ300488,2025-06-27,0.2,
SZ300488,2026-06-30,0.2,
SZ300491,2025-07-09,0.068,
SZ300491,2026-04-24,0.08,
SZ300492,2025-01-20,0.2,
SZ300492,2025-06-11,0.05500000000000001,1.4
SZ300492,2025-12-26,0.5,
SZ300492,2026-07-07,0.1,
SZ300493,2025-06-30,0.02,
SZ300493,2025-09-17,0.015,
SZ300493,2026-06-11,0.02,
SZ300494,2026-06-16,0.005,
SZ300496,2025-05-29,0.057999999999999996,
SZ300496,2026-05-21,0.185,
SZ300497,2026-08-24,0.05,
SZ300498,2025-05-26,0.2,
SZ300498,2025-11-03,0.3,
SZ300498,2026-06-24,0.2,
SZ300499,2026-06-04,0.066,
SZ300500,2025-05-23,0.15,
SZ300501,2025-06-23,0.27,
SZ300501,2025-12-12,0.2,
SZ300501,2026-04-28,0.6,
SZ300502,2025-05-28,0.45,
SZ300502,2026-06-11,1.0,
SZ300503,2025-07-15,0.053000000000000005,
SZ300503,2026-05-27,0.1,
SZ300505,2025-05-29,0.3,
SZ300505,2026-05-29,0.4,
SZ300507,2025-06-06,0.059692800000000004,
SZ300507,2026-07-01,0.06,
SZ300508,2025-05-28,0.188,
SZ300508,2026-05-22,0.161,
SZ300509,2025-06-12,0.15,
SZ300509,2026-07-13,0.16,
SZ300512,2025-07-04,0.05,
SZ300512,2025-10-15,0.01,
SZ300512,2026-07-08,0.02,
SZ300514,2025-07-24,0.3,
SZ300514,2026-07-17,0.1,
SZ300515,2025-06-27,0.3,
SZ300515,2026-06-04,0.4,
SZ300516,2025-06-10,0.06899999999999999,
SZ300516,2026-05-13,0.054000000000000006,
SZ300517,2025-05-20,0.0999955,
SZ300517,2026-05-29,0.1,
SZ300519,2025-05-28,0.3,
SZ300519,2026-05-29,0.3,
SZ300521,2025-02-10,0.04,
SZ300522,2025-05-23,0.04,
SZ300522,2026-04-29,0.04,
SZ300525,2025-05-30,0.12,
SZ300525,2026-06-05,0.06,
SZ300527,2025-07-11,0.0026268,
SZ300527,2026-07-10,0.00526,
SZ300529,2025-05-26,0.8,
SZ300529,2026-06-01,0.52,
SZ300531,2025-07-18,0.05,
SZ300531,2026-07-17,0.08,
SZ300532,2025-07-23,0.1,
SZ300532,2025-11-11,0.2,
SZ300532,2026-05-06,0.2,
SZ300533,2025-10-28,1.0,
SZ300533,2026-05-26,1.0,
SZ300534,2025-05-28,0.02,
SZ300534,2025-09-24,0.02,
SZ300534,2026-05-22,0.02,
SZ300535,2026-07-08,0.10500000000000001,
SZ300538,2026-06-01,0.02,
SZ300539,2025-06-12,0.135,
SZ300539,2026-05-18,0.19,
SZ300540,2025-06-16,0.05,
SZ300540,2026-05-06,0.05,
SZ300541,2025-06-23,0.018,
SZ300541,2026-07-03,0.070327,
SZ300543,2025-06-06,0.1,
SZ300543,2026-06-05,0.03,
SZ300545,2025-06-04,0.2,
SZ300545,2026-05-29,0.1,
SZ300546,2025-06-05,0.045,
SZ300546,2026-06-09,0.045,
SZ300547,2025-06-05,0.277,
SZ300547,2026-07-06,0.277,
SZ300548,2025-07-21,0.08,
SZ300548,2026-07-14,0.29,
SZ300549,2025-05-29,0.05,
SZ300549,2026-05-26,0.05,
SZ300550,2025-06-30,0.025,
SZ300550,2026-06-15,0.03,
SZ300553,2025-06-12,,
SZ300553,2026-05-28,0.05,
SZ300557,2025-05-29,0.2,
SZ300557,2026-06-05,0.2,
SZ300558,2025-06-17,0.1989314,
SZ300558,2026-06-09,0.15,
SZ300559,2025-05-30,0.15,
SZ300559,2026-06-12,0.06999999999999999,
SZ300561,2025-06-03,0.034999999999999996,
SZ300561,2026-06-18,0.03,
SZ300562,2025-04-29,0.15,
SZ300562,2025-08-26,0.13,
SZ300562,2026-05-14,0.13,
SZ300563,2025-07-03,0.2,
SZ300563,2025-09-19,0.04,
SZ300563,2026-05-29,0.2,
SZ300564,2025-06-27,0.5,
SZ300564,2026-06-26,0.25,
SZ300566,2025-06-18,0.2,
SZ300566,2026-06-11,0.2,
SZ300566,2026-09-21,0.05,
SZ300567,2026-05-29,0.2,
SZ300568,2025-07-17,0.0507566,
SZ300568,2026-05-19,0.01,
SZ300569,2025-10-14,0.01,
SZ300569,2026-05-29,0.018,
SZ300570,2025-06-10,0.8,
SZ300570,2026-07-10,1.0,
SZ300573,2025-05-22,1.0,
SZ300573,2025-09-24,0.7,
SZ300573,2026-05-22,1.0,
SZ300573,2026-09-23,0.3,
SZ300575,2025-05-16,0.05,
SZ300576,2025-05-27,0.09,
SZ300576,2026-06-10,0.06999999999999999,
SZ300577,2025-05-30,0.191,
SZ300577,2025-10-17,0.15638380000000002,
SZ300577,2026-05-29,0.26,
SZ300579,2025-06-19,0.03,
SZ300580,2025-06-30,0.13999999999999999,
SZ300580,2025-09-25,0.03,
SZ300580,2026-06-10,0.13999999999999999,
SZ300582,2025-05-29,0.038,
SZ300583,2025-06-20,0.01,
SZ300583,2025-09-24,0.01,
SZ300583,2026-07-14,0.0050637,
SZ300584,2025-06-09,0.1,
SZ300584,2026-06-25,0.1,
SZ300587,2025-07-04,0.0269515,
SZ300589,2025-07-03,0.01,
SZ300590,2025-05-29,0.22000000000000003,
SZ300590,2026-05-25,0.12,
SZ300592,2025-07-16,0.05,
SZ300592,2026-07-09,0.25,
SZ300595,2025-05-15,0.22400000000000003,
SZ300595,2025-11-05,0.05600000000000001,
SZ300595,2026-05-20,0.132,
SZ300596,2025-05-28,0.37,
SZ300596,2026-06-18,0.45,
SZ300597,2025-07-10,0.004,
SZ300599,2026-05-27,0.1,
SZ300601,2025-06-06,0.09,
SZ300601,2026-06-11,0.034999999999999996,
SZ300602,2025-05-20,0.038,
SZ300602,2026-05-27,0.06,
SZ300604,2025-07-18,0.1,
SZ300604,2026-06-04,0.1,
SZ300606,2025-06-10,0.12,
SZ300606,2026-05-29,0.2,
SZ300607,2026-06-02,0.032,
SZ300610,2025-06-26,0.2,
SZ300610,2026-07-06,0.15,
SZ300611,2025-05-15,0.11830890000000001,
SZ300611,2026-06-04,0.15,
SZ300613,2025-06-20,0.12,
SZ300613,2026-06-02,0.08,
SZ300615,2025-06-04,0.05,
SZ300615,2026-05-08,0.05,
SZ300616,2025-05-28,0.9,
SZ300616,2026-05-28,0.2,
SZ300617,2025-05-29,0.24,
SZ300618,2025-06-16,0.15,
SZ300618,2026-06-04,0.16999999999999998,
SZ300619,2025-06-06,,
SZ300619,2026-06-30,0.033,
SZ300620,2025-05-12,0.1,
SZ300620,2026-05-12,0.2,
SZ300621,2025-06-06,0.01,
SZ300622,2025-01-16,0.11000000000000001,
SZ300622,2025-06-03,,
SZ300622,2026-05-29,0.27,
SZ300622,2026-09-09,0.16,
SZ300623,2025-06-26,0.15,
SZ300623,2026-06-26,0.15,
SZ300625,2025-07-08,0.3,
SZ300625,2026-06-09,0.25,
SZ300626,2026-06-09,0.017,
SZ300627,2025-06-20,0.5,
SZ300627,2026-05-19,0.45,
SZ300628,2025-05-30,1.3,
SZ300628,2025-09-29,0.5,
SZ300628,2026-05-29,1.3,
SZ300628,2026-09-21,0.5,
SZ300629,2025-05-30,0.1,
SZ300629,2026-05-29,0.1,
SZ300631,2025-07-10,0.18,
SZ300631,2026-06-03,0.25,
SZ300632,2025-06-10,0.1,
SZ300632,2026-06-26,0.1,
SZ300633,2025-05-29,0.1,
SZ300633,2026-06-05,0.18,
SZ300634,2025-05-22,0.125,
SZ300634,2025-09-22,0.034999999999999996,
SZ300634,2026-06-25,0.145,
SZ300636,2025-06-27,0.04,
SZ300636,2026-06-03,0.04,
SZ300637,2026-06-15,0.03,
SZ300638,2025-07-04,0.35,
SZ300638,2026-06-09,0.23399999999999999,
SZ300640,2025-06-17,0.02,
SZ300640,2026-06-10,0.025,
SZ300641,2025-06-05,0.3,
SZ300641,2025-09-25,0.3,
SZ300641,2026-06-18,0.5,
SZ300642,2025-05-20,0.15,
SZ300642,2026-05-26,0.1,
SZ300642,2026-09-03,0.05,
SZ300643,2025-06-09,0.16,
SZ300643,2026-06-01,0.22000000000000003,
SZ300644,2025-07-18,0.25,
SZ300644,2026-07-06,0.25,
SZ300645,2025-05-28,0.02,
SZ300645,2026-06-02,0.02,
SZ300649,2025-05-28,0.05,
SZ300649,2026-06-17,0.05,
SZ300650,2025-06-20,0.03,
SZ300650,2025-11-10,0.02,
SZ300650,2026-06-22,0.02,
SZ300650,2026-09-08,0.014000000000000002,
SZ300651,2025-05-28,0.1499989,
SZ300651,2026-03-11,0.1,
SZ300651,2026-06-16,0.1,
SZ300652,2025-06-05,0.15,
SZ300652,2026-06-09,0.1,
SZ300653,2025-05-27,0.45999999999999996,
SZ300653,2026-05-27,0.27999999999999997,
SZ300654,2025-05-22,0.05500000000000001,
SZ300654,2026-05-27,0.05,
SZ300655,2025-06-04,0.045,
SZ300655,2025-10-20,0.01,
SZ300655,2026-06-05,0.0125,
SZ300658,2025-06-23,0.03,
SZ300658,2025-09-29,0.03,
SZ300658,2026-06-18,0.06,
SZ300660,2025-05-30,0.32,
SZ300660,2025-09-23,0.15,
SZ300660,2026-06-03,0.2,
SZ300661,2025-06-20,0.2,
SZ300661,2026-05-08,0.2,
SZ300662,2025-06-04,0.16,
SZ300662,2026-06-10,0.22999999999999998,
SZ300664,2025-07-03,0.05,
SZ300664,2025-09-08,0.05,
SZ300664,2026-05-28,0.05,
SZ300664,2026-09-04,0.05,
SZ300666,2025-06-18,0.306,
SZ300666,2026-05-22,0.386,
SZ300669,2025-05-28,0.1,
SZ300669,2026-05-28,0.08,
SZ300672,2025-06-16,0.3,
SZ300673,2025-06-04,0.35,
SZ300673,2026-06-02,0.25,
SZ300674,2025-05-13,0.26,
SZ300674,2026-05-20,0.3,
SZ300675,2025-07-11,0.01,
SZ300677,2025-06-13,0.1,
SZ300677,2025-09-30,0.05,
SZ300677,2026-06-11,0.1,
SZ300677,2026-09-04,0.1,
SZ300678,2025-05-28,0.05,
SZ300678,2026-06-03,0.06,
SZ300679,2025-06-03,0.4746608,
SZ300679,2026-06-01,0.23837809999999998,
SZ300680,2025-06-18,0.2,
SZ300680,2026-06-17,0.2,
SZ300681,2025-06-13,0.0291886,
SZ300681,2026-06-10,0.062,
SZ300682,2025-06-06,0.25,
SZ300682,2026-06-17,0.19,
SZ300683,2025-01-09,0.13,
SZ300684,2025-05-28,0.65,
SZ300684,2026-05-29,0.74,
SZ300685,2025-06-03,0.3,
SZ300685,2026-05-18,0.45,
SZ300687,2025-05-27,0.06999999999999999,
SZ300689,2026-06-09,0.045,
SZ300690,2025-06-30,0.21000000000000002,
SZ300690,2026-06-18,0.387,
SZ300691,2025-05-21,0.08,
SZ300692,2025-07-08,0.0299991,
SZ300692,2026-08-10,0.023,
SZ300693,2025-05-07,0.5,
SZ300693,2026-05-19,0.5,
SZ300693,2026-09-07,0.32999999999999996,
SZ300694,2025-05-29,0.08,
SZ300694,2026-05-29,0.08499999999999999,
SZ300695,2025-06-06,0.21000000000000002,
SZ300695,2026-06-12,0.15,
SZ300696,2026-06-10,0.0677467,
SZ300697,2025-06-10,0.18,
SZ300697,2026-06-10,0.16,
SZ300699,2025-05-21,0.5,
SZ300699,2026-06-18,0.5,
SZ300701,2025-05-26,0.1,
SZ300701,2026-05-27,0.16999999999999998,
SZ300702,2025-06-06,0.05,
SZ300702,2026-06-02,0.05,
SZ300703,2025-05-26,0.15,
SZ300703,2026-05-26,0.08,
SZ300705,2025-05-26,0.3129649,
SZ300705,2026-05-28,0.4,
SZ300707,2025-06-09,0.03,
SZ300707,2025-11-07,0.03,
SZ300707,2026-06-04,0.059999899999999995,
SZ300708,2025-03-05,0.16,
SZ300708,2025-08-15,,
SZ300708,2026-04-21,0.03,
SZ300709,2025-06-06,0.11000000000000001,
SZ300709,2026-06-25,0.05,
SZ300711,2025-05-13,0.2,
SZ300711,2026-05-28,0.2,
SZ300712,2025-06-05,0.05,
SZ300712,2026-06-18,0.05,
SZ300717,2025-07-08,0.2,
SZ300717,2026-02-06,0.1,
SZ300717,2026-05-22,0.1,
SZ300718,2025-06-04,0.23500000000000001,
SZ300718,2025-09-30,0.16799999999999998,
SZ300718,2026-05-29,0.26,
SZ300719,2025-06-25,0.04,
SZ300720,2025-06-04,0.15,
SZ300720,2026-06-02,0.05500000000000001,
SZ300721,2025-06-17,0.03,
SZ300722,2025-05-30,0.18,
SZ300722,2026-06-12,0.18,
SZ300724,2025-05-27,1.2,
SZ300724,2026-06-10,1.2,
SZ300725,2025-05-30,0.2799995,
SZ300725,2026-06-10,0.27999999999999997,
SZ300725,2026-08-25,0.1,
SZ300726,2025-06-13,0.6,
SZ300726,2026-06-12,1.0,
SZ300727,2025-05-19,0.3,
SZ300727,2026-06-01,0.3,
SZ300729,2025-05-22,0.3,
SZ300729,2026-05-28,0.3,
SZ300731,2025-06-05,0.08,
SZ300731,2026-06-01,0.04,
SZ300733,2025-07-04,0.05,
SZ300733,2026-06-03,,
SZ300735,2025-05-29,0.25,
SZ300735,2026-06-01,0.25,
SZ300737,2025-06-04,0.3,
SZ300737,2025-09-24,0.05,
SZ300737,2026-05-26,0.06,
SZ300738,2025-07-08,0.013000000000000001,
SZ300738,2026-07-02,0.014000000000000002,
SZ300739,2025-05-30,0.13,
SZ300739,2026-06-08,0.06999999999999999,
SZ300740,2026-07-03,0.1,
SZ300741,2025-05-14,0.05,
SZ300741,2025-11-13,0.05,
SZ300741,2026-04-28,0.03,
SZ300741,2026-05-20,0.05,
SZ300741,2026-09-16,0.08,
SZ300743,2025-05-29,0.5,
SZ300743,2026-06-30,0.65,
SZ300747,2025-03-11,0.032,
SZ300747,2025-07-11,0.018,
SZ300747,2026-03-17,0.032,
SZ300747,2026-05-29,0.038,
SZ300748,2025-06-09,0.12,
SZ300748,2025-11-06,0.18,
SZ300748,2026-05-12,0.22000000000000003,
SZ300750,2025-04-22,4.553,
SZ300750,2025-08-20,1.0070000000000001,
SZ300750,2026-04-22,6.956999999999999,
SZ300750,2026-08-10,1.411,
SZ300751,2025-05-28,0.6,
SZ300751,2025-09-17,0.5,
SZ300751,2026-05-29,0.5,
SZ300751,2026-09-21,0.5,
SZ300752,2026-06-01,0.0990798,
SZ300753,2025-05-29,0.065,
SZ300755,2025-05-28,0.093,
SZ300756,2025-05-27,0.05,
SZ300756,2026-05-28,0.12,
SZ300757,2025-08-27,0.045,
SZ300758,2026-05-26,0.075,
SZ300759,2025-07-04,0.2,
SZ300759,2026-07-07,0.2,
SZ300760,2025-05-29,0.5599999999999999,
SZ300760,2025-05-29,1.41,
SZ300760,2025-09-05,1.31,
SZ300760,2025-11-12,1.35,
SZ300760,2026-05-28,0.31,
SZ300760,2026-05-28,1.25,
SZ300760,2026-09-08,1.33,
SZ300761,2025-05-22,0.5,
SZ300761,2025-09-10,0.1,
SZ300761,2026-05-26,0.25,
SZ300763,2025-05-28,0.2,
SZ300763,2026-05-28,0.2,
SZ300765,2025-05-29,0.02,
SZ300768,2025-06-06,0.08,
SZ300768,2026-06-05,0.08,
SZ300770,2025-06-06,0.76,
SZ300770,2025-10-24,1.0,
SZ300770,2025-12-31,1.1,
SZ300770,2026-05-22,0.7,
SZ300771,2025-05-14,0.15,
SZ300771,2026-05-19,0.2,
SZ300772,2025-07-08,0.06,
SZ300772,2026-07-09,0.06,
SZ300773,2025-06-06,0.2,
SZ300773,2025-10-24,0.2,
SZ300773,2026-06-22,0.4,
SZ300773,2026-09-02,0.2,
SZ300774,2025-05-29,0.2,
SZ300774,2026-06-02,0.025,
SZ300775,2025-07-21,0.2,
SZ300775,2026-06-16,0.1,
SZ300776,2025-06-12,0.39,
SZ300776,2026-06-18,0.39,
SZ300777,2025-05-21,0.22068910000000003,
SZ300777,2026-06-17,0.22799999999999998,
SZ300779,2025-07-22,0.1,
SZ300779,2026-06-12,0.15,
SZ300781,2025-07-16,,
SZ300782,2025-05-06,0.10200000000000001,
SZ300783,2025-01-24,0.125,
SZ300783,2025-04-30,0.125,
SZ300783,2026-06-04,0.11699999999999999,
SZ300784,2025-05-20,0.2,
SZ300784,2025-09-19,0.2,
SZ300784,2026-05-26,0.2,
SZ300784,2026-09-08,0.2,
SZ300785,2025-06-06,0.15,
SZ300785,2026-05-28,0.188,
SZ300787,2025-05-28,0.2,
SZ300787,2026-05-25,0.2,
SZ300788,2025-07-17,0.318,
SZ300788,2025-12-29,0.16,
SZ300788,2026-07-30,0.19,
SZ300789,2025-06-27,0.152,
SZ300789,2026-07-29,0.13,
SZ300790,2025-06-20,0.1,
SZ300790,2025-11-07,0.05,
SZ300790,2026-06-02,0.1,
SZ300791,2025-05-27,0.65,
SZ300791,2026-06-05,0.13,
SZ300792,2025-06-06,0.1,
SZ300792,2026-05-07,0.13999999999999999,
SZ300793,2025-06-03,0.12,
SZ300795,2025-05-28,0.35,
SZ300795,2025-09-24,0.067,
SZ300795,2026-04-30,0.2,
SZ300796,2026-06-24,0.02,
SZ300797,2025-07-11,0.12,
SZ300797,2026-07-17,0.129,
SZ300798,2025-07-11,0.01,
SZ300800,2025-05-22,0.16,
SZ300800,2026-05-26,0.1,
SZ300801,2025-04-29,0.1,
SZ300801,2026-05-20,0.1,
SZ300802,2025-06-11,0.16,
SZ300802,2026-07-15,0.18,
SZ300803,2025-03-17,,
SZ300803,2026-03-06,0.08,
SZ300803,2026-09-22,,
SZ300804,2026-06-25,0.15,
SZ300805,2025-06-17,0.02,
SZ300805,2026-07-09,0.03,
SZ300806,2025-06-26,0.01,
SZ300806,2026-07-27,0.015,
SZ300809,2025-07-10,0.1,
SZ300809,2025-12-16,0.02,
SZ300809,2026-07-07,0.1,
SZ300810,2025-07-07,0.02,
SZ300810,2026-06-15,0.02,
SZ300811,2025-06-27,0.2,
SZ300811,2026-05-27,0.2,
SZ300812,2026-06-04,0.05,
SZ300813,2025-05-28,0.1,
SZ300813,2025-09-25,0.1,
SZ300813,2026-05-06,0.03,
SZ300813,2026-09-22,0.1,
SZ300814,2025-07-14,0.1,
SZ300814,2026-07-15,0.05,
SZ300815,2025-06-06,0.375,
SZ300815,2026-06-09,0.346,
SZ300815,2026-09-24,0.2,
SZ300816,2025-01-10,0.064,
SZ300816,2025-06-12,0.052000000000000005,
SZ300816,2025-10-21,0.025,
SZ300816,2026-06-15,0.0952382,
SZ300817,2025-06-06,0.2,
SZ300817,2025-09-25,0.08,
SZ300817,2026-06-09,0.128,
SZ300818,2025-05-30,0.06999999999999999,
SZ300818,2026-05-19,0.09,
SZ300818,2026-09-08,0.08,
SZ300819,2025-05-27,0.3,
SZ300819,2025-10-10,0.1,
SZ300819,2026-06-11,0.135,
SZ300820,2025-06-04,0.4,
SZ300820,2026-06-04,0.4,
SZ300821,2025-06-06,0.015,
SZ300821,2026-05-21,0.02,
SZ300822,2025-06-06,0.1,
SZ300822,2026-05-12,0.03,
SZ300823,2025-05-22,0.32599999999999996,
SZ300823,2026-06-03,0.246,
SZ300824,2025-04-29,0.12,
SZ300824,2025-08-18,0.08499999999999999,
SZ300824,2026-04-28,0.11499999999999999,
SZ300824,2026-08-24,0.08499999999999999,
SZ300826,2025-06-17,0.03,
SZ300826,2026-06-10,0.03,
SZ300827,2025-07-04,0.12,
SZ300827,2026-05-27,0.12,
SZ300828,2025-01-20,0.3,
SZ300828,2026-06-17,0.06,
SZ300829,2025-06-03,0.05,
SZ300829,2026-06-08,0.1,
SZ300830,2025-06-09,0.023999799999999998,
SZ300831,2025-08-04,0.037219999999999996,
SZ300831,2025-10-20,0.0084375,
SZ300831,2026-08-19,0.041010000000000005,
SZ300832,2025-05-28,1.3,
SZ300832,2026-05-27,1.2,
SZ300833,2025-06-11,1.3,
SZ300833,2026-06-09,0.7,
SZ300834,2025-07-25,0.26,
SZ300834,2025-10-17,0.05,
SZ300834,2026-06-24,0.1,
SZ300835,2025-06-19,0.2,
SZ300835,2026-05-13,0.2,
SZ300836,2025-05-28,0.3,
SZ300836,2026-06-26,0.2,
SZ300837,2025-05-28,0.3,
SZ300837,2026-06-03,0.3,
SZ300838,2025-06-11,0.15,
SZ300840,2025-06-17,0.1,
SZ300840,2026-06-16,0.1,
SZ300841,2025-05-20,1.0,
SZ300841,2026-05-29,0.5,
SZ300842,2025-04-09,0.3,
SZ300843,2025-06-13,0.13,
SZ300843,2025-09-22,0.1,
SZ300843,2026-05-29,0.1,
SZ300844,2025-05-21,,
SZ300845,2025-05-28,0.35,
SZ300845,2026-05-26,0.2,
SZ300847,2025-05-30,0.136,
SZ300847,2026-05-26,0.11599999999999999,
SZ300848,2025-05-29,0.06999999999999999,
SZ300848,2026-05-19,0.05,
SZ300850,2025-05-23,0.092,
SZ300850,2026-04-28,0.29500000000000004,
SZ300851,2025-05-26,0.43,
SZ300851,2026-05-29,0.6799999999999999,
SZ300852,2025-05-08,0.13999999999999999,
SZ300852,2026-04-30,0.13999999999999999,
SZ300854,2025-06-05,0.12,
SZ300854,2026-05-29,,
SZ300855,2025-06-06,0.15,
SZ300855,2025-09-12,0.1,
SZ300855,2026-06-24,0.15,
SZ300856,2025-06-04,0.3,
SZ300856,2026-06-18,0.06999999999999999,
SZ300857,2025-05-12,0.29300000000000004,
SZ300857,2026-04-22,0.33999999999999997,
SZ300858,2025-07-16,0.15,
SZ300858,2026-07-10,0.1,
SZ300859,2025-05-27,0.3,
SZ300859,2026-04-21,0.3,
SZ300860,2025-05-23,0.21000000000000002,
SZ300860,2026-05-26,0.21000000000000002,
SZ300861,2025-07-08,0.5,
SZ300861,2026-07-07,0.18,
SZ300861,2026-09-15,0.1,
SZ300862,2025-06-13,0.01,
SZ300862,2025-12-12,0.005,
SZ300862,2026-07-10,0.005,
SZ300863,2025-05-22,0.3,
SZ300863,2026-05-29,0.2,
SZ300864,2025-05-09,0.85,
SZ300864,2026-05-27,0.85,
SZ300865,2026-06-10,0.03,
SZ300866,2025-06-04,1.5,
SZ300866,2025-09-10,0.7,
SZ300866,2026-05-26,1.7,
SZ300867,2025-06-27,0.068,
SZ300867,2026-05-26,0.092,
SZ300868,2025-07-01,0.045,
SZ300869,2025-05-30,0.25,
SZ300870,2025-05-28,0.593,
SZ300870,2025-10-17,0.434,
SZ300870,2026-05-28,0.309,
SZ300871,2025-06-04,0.1064176,
SZ300871,2025-08-26,0.1,
SZ300871,2026-07-06,0.2,
SZ300871,2026-09-08,0.3,
SZ300872,2025-05-27,0.05,
SZ300873,2025-08-26,0.4,
SZ300873,2026-07-01,0.32999999999999996,
SZ300876,2026-06-02,,
SZ300877,2025-05-29,0.1,
SZ300877,2026-05-28,0.255,
SZ300878,2025-05-29,0.13999999999999999,
SZ300879,2025-05-30,0.020999999999999998,
SZ300880,2025-06-11,0.45,
SZ300880,2026-05-29,0.15,
SZ300881,2025-06-04,1.0,
SZ300882,2025-05-27,0.05,
SZ300882,2026-06-12,0.2,
SZ300884,2026-05-28,0.1,
SZ300885,2025-06-10,0.12090000000000001,
SZ300885,2026-05-29,0.0806,
SZ300886,2025-06-20,0.0996751,
SZ300886,2025-10-09,0.05,
SZ300886,2026-07-06,0.049787,
SZ300888,2025-05-30,0.25,
SZ300888,2025-09-03,0.45,
SZ300888,2026-05-25,0.3,
SZ300888,2026-09-02,0.5,
SZ300889,2025-06-09,,
SZ300890,2026-06-11,0.0996375,
SZ300891,2025-05-29,0.01,
SZ300892,2025-06-05,0.1,
SZ300892,2026-06-04,0.1,
SZ300893,2025-06-06,0.2,
SZ300893,2025-10-24,,
SZ300893,2026-06-12,0.078,
SZ300896,2025-04-30,3.8,
SZ300896,2025-09-26,1.2,
SZ300896,2026-04-29,0.8,
SZ300896,2026-09-03,1.0,
SZ300897,2025-06-17,0.3,
SZ300897,2026-05-27,0.05,
SZ300898,2025-05-28,0.6,
SZ300898,2026-05-29,0.6,
SZ300899,2025-11-25,0.39,
SZ300899,2026-06-09,0.2,
SZ300905,2025-05-22,0.3,
SZ300905,2025-11-19,0.2,
SZ300905,2026-06-10,0.3,
SZ300906,2025-06-05,0.5,
SZ300906,2026-06-05,0.15,
SZ300907,2026-07-08,0.25,
SZ300908,2025-05-16,0.8,
SZ300908,2026-05-15,1.0,
SZ300908,2026-09-14,,
SZ300909,2025-06-20,0.22999999999999998,
SZ300910,2025-05-22,1.2,
SZ300910,2026-05-29,1.5,
SZ300911,2025-06-03,1.0,
SZ300913,2025-06-27,0.12,
SZ300913,2026-06-16,0.16,
SZ300915,2025-05-27,0.4,
SZ300915,2026-06-02,0.4,
SZ300916,2025-05-26,0.4,
SZ300916,2026-06-23,0.3,
SZ300917,2025-05-27,0.25,
SZ300917,2026-06-02,0.3,
SZ300918,2025-04-15,0.15,
SZ300918,2025-10-17,0.04,
SZ300918,2026-06-09,0.037,
SZ300919,2025-05-29,0.36,
SZ300919,2025-10-10,0.27999999999999997,
SZ300919,2026-06-10,0.38,
SZ300920,2025-06-09,0.1,
SZ300920,2026-06-10,0.1,
SZ300921,2025-06-17,0.1,
SZ300921,2026-05-29,0.1,
SZ300922,2025-05-20,0.18,
SZ300922,2026-06-16,0.2,
SZ300923,2025-05-26,0.45,
SZ300923,2026-06-02,0.45,
SZ300925,2025-05-30,0.065,
SZ300925,2026-05-26,0.05,
SZ300926,2025-04-30,0.1499943,
SZ300926,2026-05-20,0.2199999,
SZ300927,2025-06-20,0.09,
SZ300927,2026-06-23,0.075,
SZ300930,2025-05-27,0.1,
SZ300930,2026-06-03,0.1,
SZ300932,2025-06-04,0.21800000000000003,
SZ300932,2026-05-08,0.19,
SZ300933,2025-07-17,0.03,
SZ300936,2025-05-23,0.1,
SZ300937,2025-06-13,0.1,
SZ300938,2025-05-29,0.4,
SZ300938,2026-06-08,0.3,
SZ300939,2025-05-29,0.4,
SZ300939,2026-05-19,0.2,
SZ300941,2025-05-30,0.12,
SZ300941,2025-10-17,0.007000000000000001,
SZ300941,2026-06-05,0.075,
SZ300942,2025-05-28,0.0174399,
SZ300942,2026-06-03,0.0246794,
SZ300943,2025-05-30,0.12,
SZ300943,2026-05-28,0.13,
SZ300945,2025-07-04,0.13999999999999999,
SZ300945,2025-10-21,0.06,
SZ300945,2026-06-09,0.11000000000000001,
SZ300945,2026-09-22,0.06,
SZ300946,2025-06-13,0.15,
SZ300946,2025-10-27,0.12,
SZ300946,2026-06-02,0.12,
SZ300946,2026-09-04,0.12,
SZ300949,2026-05-29,,
SZ300950,2025-05-23,0.2,
SZ300950,2026-05-29,0.2,
SZ300951,2025-05-23,0.6,
SZ300951,2026-05-25,0.6,
SZ300952,2025-05-30,0.1501365,
SZ300952,2025-09-25,0.08,
SZ300952,2026-05-26,0.125,
SZ300953,2025-06-03,0.21000000000000002,
SZ300953,2026-05-28,0.3,
SZ300955,2025-07-07,0.27999999999999997,
SZ300956,2025-04-28,0.1,
SZ300956,2026-04-03,0.1,
SZ300957,2025-05-30,0.6,
SZ300957,2026-03-10,0.3,
SZ300957,2026-05-28,0.35,
SZ300957,2026-09-22,0.15,
SZ300959,2025-06-03,0.32999999999999996,
SZ300960,2025-04-30,0.45,
SZ300960,2026-09-17,0.2,
SZ300962,2025-06-30,0.146,
SZ300962,2026-07-27,0.09,
SZ300963,2025-01-23,0.05500000000000001,
SZ300963,2025-06-09,,
SZ300963,2026-07-21,0.026000000000000002,
SZ300964,2025-08-08,0.1,
SZ300964,2025-10-31,0.1,
SZ300964,2026-06-24,0.1,
SZ300965,2025-05-28,0.35,
SZ300965,2025-10-23,0.22999999999999998,
SZ300965,2026-06-11,0.45999999999999996,
SZ300966,2026-07-16,0.045,
SZ300967,2025-05-27,0.2,
SZ300967,2026-05-26,0.25,
SZ300968,2025-06-06,0.05,
SZ300969,2025-05-07,0.4,
SZ300969,2026-05-28,0.35,
SZ300970,2026-06-09,0.5,
SZ300971,2025-06-09,0.25,
SZ300971,2026-06-11,0.25,
SZ300972,2025-01-21,0.2,
SZ300972,2025-05-20,0.4,
SZ300972,2025-11-17,0.15,
SZ300972,2026-05-06,0.8372088,
SZ300973,2025-06-26,0.5,
SZ300973,2025-12-02,0.2,
SZ300973,2026-06-26,0.5,
SZ300975,2025-05-22,0.012,
SZ300975,2026-06-01,0.066,
SZ300976,2025-03-14,0.8,
SZ300976,2025-06-06,0.3,
SZ300976,2026-06-01,0.7,
SZ300977,2026-05-22,0.15,
SZ300978,2025-05-27,0.3,
SZ300978,2025-09-24,0.05,
SZ300978,2026-01-26,0.05,
SZ300978,2026-06-17,0.3,
SZ300979,2025-05-26,2.3,
SZ300979,2025-09-17,1.0,
SZ300979,2026-05-22,1.1,
SZ300979,2026-09-17,1.0,
SZ300980,2025-06-09,0.18,
SZ300980,2026-07-03,0.2,
SZ300981,2025-06-27,0.25,
SZ300981,2026-05-27,0.35,
SZ300982,2025-06-05,0.5,
SZ300982,2025-09-10,0.1,
SZ300984,2025-05-15,0.15,
SZ300984,2026-07-08,0.3,
SZ300986,2025-05-23,0.1,
SZ300986,2026-07-10,0.1,
SZ300987,2025-07-08,0.125,
SZ300987,2026-06-24,0.11499999999999999,
SZ300988,2025-06-30,0.16699999999999998,
SZ300988,2026-05-29,0.196,
SZ300989,2026-05-29,0.01,
SZ300990,2025-01-13,0.2,
SZ300990,2025-05-20,0.3,
SZ300990,2026-01-07,0.2,
SZ300990,2026-05-08,0.3,
SZ300991,2025-06-13,0.03,
SZ300992,2025-06-27,0.075,
SZ300992,2026-07-10,0.075,
SZ300993,2025-06-06,0.1,
SZ300993,2026-05-27,0.2,
SZ300994,2025-10-22,0.4,
SZ300994,2026-06-11,0.5599999999999999,
SZ300995,2025-06-04,0.15,
SZ300995,2025-11-12,0.075,
SZ300995,2026-04-20,0.12,
SZ300995,2026-09-22,0.08,
SZ300996,2025-05-16,0.15,
SZ300996,2026-04-30,0.1,
SZ300997,2025-04-29,0.3,
SZ300997,2026-04-27,0.2,
SZ300998,2026-05-28,0.2,
SZ300999,2025-04-29,0.11100000000000002,
SZ300999,2026-05-26,0.22999999999999998,
SZ301000,2025-06-19,0.2,
SZ301000,2026-06-10,0.22000000000000003,
SZ301001,2025-06-10,0.375,
SZ301003,2025-05-09,1.5,
SZ301003,2025-09-18,0.3,
SZ301003,2026-05-29,0.3,
SZ301004,2025-05-07,3.0,
SZ301004,2025-10-20,1.0,
SZ301005,2025-07-01,0.05,
SZ301005,2026-06-02,0.05,
SZ301006,2025-07-09,0.2,
SZ301006,2026-07-16,0.2,
SZ301007,2025-05-28,0.15,
SZ301007,2026-06-08,0.06999999999999999,
SZ301008,2025-05-19,0.1,
SZ301008,2026-06-09,0.028000000000000004,
SZ301009,2025-07-04,0.06999999999999999,
SZ301009,2026-06-25,0.12,
SZ301010,2025-07-04,0.2,
SZ301011,2025-06-18,0.2,
SZ301011,2026-06-17,0.15,
SZ301012,2025-05-23,0.142,
SZ301012,2026-06-09,0.04,
SZ301013,2025-06-13,0.05,
SZ301015,2025-05-27,0.7619998,
SZ301015,2026-06-01,0.571,
SZ301016,2025-04-30,0.6,
SZ301016,2026-04-30,0.15,
SZ301017,2026-06-03,0.045,
SZ301018,2025-05-30,0.16,
SZ301018,2026-06-02,0.25,
SZ301019,2025-07-07,0.6,
SZ301019,2026-07-08,0.65,
SZ301020,2025-05-29,0.16,
SZ301020,2025-09-26,0.15,
SZ301020,2026-05-27,0.18,
SZ301021,2025-06-19,0.1,
SZ301021,2026-06-10,0.1,
SZ301022,2025-06-20,0.29997820000000003,
SZ301022,2026-07-16,0.3,
SZ301023,2025-05-23,0.6,
SZ301023,2025-10-24,0.3,
SZ301023,2025-11-26,0.4,
SZ301023,2026-06-05,0.2,
SZ301025,2025-07-23,0.03,
SZ301025,2026-06-15,0.015,
SZ301026,2025-06-04,0.4,
SZ301026,2026-05-29,0.4,
SZ301028,2025-06-05,0.1,
SZ301028,2025-10-17,0.1,
SZ301028,2026-06-05,0.1,
SZ301029,2025-06-18,0.3,
SZ301029,2025-08-26,0.15,
SZ301029,2026-05-29,0.496,
SZ301029,2026-09-02,0.25,
SZ301031,2025-05-30,0.65,
SZ301031,2025-09-18,0.06999999999999999,
SZ301031,2026-06-04,0.45,
SZ301032,2025-06-18,0.1,
SZ301032,2026-06-01,0.13,
SZ301033,2025-05-30,0.6,
SZ301033,2026-06-01,0.7,
SZ301035,2025-05-26,0.41,
SZ301035,2025-09-03,0.35,
SZ301035,2026-06-01,1.2,
SZ301035,2026-09-03,0.55,
SZ301036,2025-05-22,0.2,
SZ301036,2026-06-03,0.3,
SZ301038,2025-05-19,0.092,
SZ301038,2026-07-02,0.08299999999999999,
SZ301039,2025-06-11,0.27999999999999997,
SZ301039,2026-07-06,0.21000000000000002,
SZ301039,2026-07-06,0.13999999999999999,
SZ301041,2025-07-30,0.1,
SZ301041,2026-06-26,0.048,
SZ301042,2026-06-10,0.4,
SZ301043,2025-05-29,0.8800000000000001,
SZ301043,2025-09-23,0.58,
SZ301043,2026-05-29,0.3,
SZ301043,2026-09-22,0.3,
SZ301045,2025-05-29,0.05,
SZ301045,2026-05-25,0.1,
SZ301046,2025-06-19,0.3,
SZ301046,2026-06-08,0.4,
SZ301047,2025-05-20,1.0,
SZ301047,2025-09-22,4.0,
SZ301047,2026-05-15,1.2,
SZ301047,2026-09-21,1.0,
SZ301048,2025-07-07,0.0621171,
SZ301048,2026-07-21,0.1077262,
SZ301050,2025-06-06,0.205,
SZ301050,2025-09-10,0.142,
SZ301050,2026-06-10,0.0498353,
SZ301051,2025-06-17,0.05,
SZ301051,2026-05-29,,
SZ301052,2025-05-29,0.053000000000000005,
SZ301052,2026-04-29,0.018,
SZ301053,2025-06-05,0.2974062,
SZ301053,2026-06-01,0.1,
SZ301055,2025-07-11,0.12,
SZ301055,2026-07-02,0.3,
SZ301055,2026-09-10,0.1,
SZ301056,2025-06-20,0.4,
SZ301056,2025-12-11,0.2,
SZ301056,2026-07-06,0.2,
SZ301057,2025-06-13,0.2,
SZ301057,2026-06-01,0.2,
SZ301058,2025-06-13,0.15,
SZ301058,2026-06-04,0.15,
SZ301059,2025-05-09,0.16999999999999998,
SZ301059,2026-05-28,0.2,
SZ301060,2025-06-09,0.2,
SZ301060,2026-06-08,0.18,
SZ301061,2025-05-26,0.5,
SZ301061,2025-09-24,0.5,
SZ301061,2026-05-26,0.5,
SZ301062,2025-06-20,0.0499998,
SZ301062,2025-12-05,0.04,
SZ301062,2026-06-18,0.0498828,
SZ301063,2025-07-11,0.15,
SZ301063,2026-07-10,0.15,
SZ301065,2025-06-13,0.2,
SZ301065,2026-06-16,0.3,
SZ301066,2025-04-29,0.11000000000000001,
SZ301066,2025-10-10,0.05,
SZ301066,2026-06-30,0.05,
SZ301067,2025-06-18,0.05,
SZ301068,2025-05-28,0.3,
SZ301069,2025-04-30,0.05,
SZ301069,2025-11-18,0.05,
SZ301069,2026-05-19,0.05,
SZ301069,2026-08-26,0.05,
SZ301070,2025-06-10,,
SZ301070,2026-06-15,,
SZ301071,2025-06-11,0.15,
SZ301071,2026-05-28,0.4,
SZ301073,2025-06-13,0.15,
SZ301073,2025-10-17,0.075,
SZ301076,2025-07-10,0.1,
SZ301076,2025-09-26,0.1,
SZ301076,2026-05-18,0.1,
SZ301077,2025-05-19,0.8,
SZ301077,2025-09-23,0.3,
SZ301077,2026-05-18,0.3,
SZ301078,2025-05-28,0.05,
SZ301078,2025-08-29,0.02,
SZ301078,2026-05-28,0.05500000000000001,
SZ301078,2026-09-08,0.02,
SZ301079,2025-06-10,0.02,
SZ301079,2026-06-03,0.02,
SZ301080,2025-01-24,0.3,
SZ301080,2025-07-11,0.4,
SZ301080,2026-06-11,0.6,
SZ301081,2025-06-06,0.3,
SZ301081,2026-06-08,0.05,
SZ301082,2025-07-10,0.1,
SZ301082,2026-04-23,0.08,
SZ301083,2025-06-10,0.12,
SZ301083,2026-06-30,0.052000000000000005,
SZ301085,2025-06-25,0.12,
SZ301086,2025-06-27,0.8,
SZ301086,2026-05-29,0.6,
SZ301087,2025-05-30,1.2,
SZ301087,2025-09-19,0.6,
SZ301087,2026-04-10,1.2,
SZ301088,2025-06-19,0.43899999999999995,
SZ301088,2025-11-18,0.132,
SZ301088,2026-06-01,0.5269999999999999,
SZ301091,2025-06-17,0.051000000000000004,
SZ301091,2026-06-26,0.012,
SZ301092,2025-06-19,0.26,
SZ301092,2026-06-23,0.26,
SZ301093,2025-07-14,0.2,
SZ301093,2026-07-16,0.05,
SZ301095,2025-05-23,0.25,
SZ301095,2026-06-08,0.2,
SZ301097,2025-05-16,0.5,
SZ301097,2026-06-08,0.5004425,
SZ301098,2025-07-09,0.05,
SZ301099,2025-08-12,0.3,
SZ301099,2026-07-14,0.3,
SZ301101,2025-05-23,0.5,
SZ301101,2026-05-27,0.5,
SZ301102,2025-06-18,0.02,
SZ301102,2026-07-14,0.01,
SZ301103,2025-06-03,0.15,
SZ301103,2026-05-29,0.15,
SZ301105,2026-07-10,1.0,
SZ301106,2025-05-29,0.4,
SZ301106,2026-06-01,0.35,
SZ301107,2025-06-06,0.7,
SZ301107,2026-05-29,0.3,
SZ301108,2025-07-10,0.1,
SZ301108,2025-09-26,0.1,
SZ301108,2026-05-20,0.15,
SZ301108,2026-09-11,0.12,
SZ301109,2025-06-17,0.9,
SZ301109,2026-05-11,0.653,
SZ301110,2025-06-09,0.4,
SZ301110,2026-05-29,0.4,
SZ301111,2025-05-27,0.05,
SZ301111,2026-06-11,0.05,
SZ301112,2025-07-23,0.1,
SZ301113,2025-02-24,0.2,
SZ301113,2025-05-06,0.5,
SZ301113,2026-02-10,0.09,
SZ301113,2026-05-26,0.11000000000000001,
SZ301115,2025-07-08,0.35,
SZ301115,2026-06-08,0.12,
SZ301116,2025-05-27,0.06999999999999999,
SZ301117,2025-05-27,0.02,
SZ301117,2026-05-27,,
SZ301118,2025-05-26,0.125,
SZ301119,2025-06-17,0.9199999999999999,
SZ301119,2026-06-18,0.12,
SZ301120,2025-05-27,0.03,
SZ301120,2026-05-26,0.054000000000000006,
SZ301121,2025-05-09,0.2,
SZ301122,2025-05-30,0.25,
SZ301122,2026-06-09,0.04,
SZ301123,2025-12-17,0.1,
SZ301125,2025-06-17,0.03,
SZ301125,2026-05-28,0.02,
SZ301126,2025-07-07,0.0818,
SZ301126,2025-12-15,0.022,
SZ301127,2025-04-21,0.0999985,
SZ301127,2026-07-10,0.037999899999999996,
SZ301128,2025-05-23,0.6,
SZ301128,2026-05-19,0.8,
SZ301129,2025-07-02,0.16999999999999998,
SZ301129,2025-09-25,0.074,
SZ301129,2026-05-25,0.24,
SZ301130,2025-05-29,0.26,
SZ301130,2026-06-01,0.145,
SZ301131,2025-06-13,0.4098955,
SZ301131,2025-09-29,0.2,
SZ301131,2026-06-10,0.18,
SZ301132,2025-06-20,0.41900000000000004,
SZ301132,2026-07-09,0.42000000000000004,
SZ301133,2025-07-03,0.15,
SZ301135,2025-06-10,0.3,
SZ301135,2026-05-29,0.3,
SZ301137,2025-06-30,0.09,
SZ301137,2026-06-16,0.08499999999999999,
SZ301138,2025-05-21,0.1,
SZ301138,2026-01-16,0.5,
SZ301141,2025-06-27,0.1,
SZ301141,2026-05-29,0.2,
SZ301148,2025-05-22,0.39,
SZ301148,2026-05-14,0.39,
SZ301149,2025-07-09,0.08,
SZ301149,2025-11-19,0.06999999999999999,
SZ301149,2026-07-08,0.08,
SZ301150,2025-06-06,,
SZ301150,2026-06-15,0.27999999999999997,
SZ301151,2025-05-30,0.21000000000000002,
SZ301151,2025-11-11,0.1,
SZ301151,2026-05-29,0.2,
SZ301151,2026-09-09,0.2,
SZ301153,2025-05-14,0.178505,
SZ301153,2026-04-29,0.1587341,
SZ301155,2025-06-10,0.09,
SZ301155,2026-06-10,0.16,
SZ301156,2025-06-11,0.32,
SZ301156,2026-01-07,0.1,
SZ301156,2026-05-29,0.2,
SZ301157,2025-05-28,0.2,
SZ301157,2026-05-29,0.15,
SZ301158,2025-05-28,0.19,
SZ301158,2025-11-28,0.13999999999999999,
SZ301158,2026-05-28,0.2,
SZ301160,2025-07-09,1.0,
SZ301160,2026-06-05,0.7,
SZ301161,2025-06-16,0.08399999999999999,
SZ301161,2026-06-10,0.16699999999999998,
SZ301162,2025-05-16,0.47000000000000003,
SZ301162,2025-09-05,0.22999999999999998,
SZ301162,2026-05-19,0.45,
SZ301162,2026-09-07,0.16,
SZ301163,2025-06-27,0.125,
SZ301163,2026-05-26,0.125,
SZ301165,2025-06-04,0.606,
SZ301165,2026-05-25,0.525,
SZ301166,2025-05-22,0.22999999999999998,
SZ301166,2026-06-01,0.6,
SZ301167,2025-05-29,0.06,
SZ301167,2026-06-01,0.09,
SZ301168,2025-06-10,0.062,
SZ301168,2026-06-04,0.022,
SZ301170,2025-06-13,0.3,
SZ301170,2026-06-12,0.25,
SZ301171,2025-08-29,0.11599999999999999,
SZ301171,2026-04-28,0.034999999999999996,
SZ301172,2025-06-17,0.1,
SZ301172,2026-08-05,0.1,
SZ301173,2025-06-09,0.22799999999999998,
SZ301173,2026-05-14,0.366,
SZ301175,2025-05-23,0.135,
SZ301175,2025-11-04,0.06,
SZ301175,2026-05-14,0.1,
SZ301175,2026-09-17,0.06999999999999999,
SZ301177,2025-06-27,0.5,
SZ301177,2026-06-05,0.5,
SZ301178,2026-06-16,0.05,
SZ301179,2025-05-21,0.32999999999999996,
SZ301179,2026-06-09,0.19,
SZ301181,2025-05-26,0.5,
SZ301181,2025-09-12,0.2,
SZ301181,2026-05-21,0.5,
SZ301183,2025-07-01,0.125,
SZ301183,2026-06-02,0.18,
SZ301185,2025-05-21,0.3,
SZ301185,2026-06-10,0.2,
SZ301186,2025-06-25,0.5,
SZ301186,2025-10-24,0.25,
SZ301186,2026-06-18,0.5,
SZ301187,2025-05-23,0.25,
SZ301187,2026-06-01,0.2,
SZ301188,2025-05-29,0.1,
SZ301188,2026-06-09,0.1,
SZ301189,2026-06-10,,
SZ301190,2025-07-09,0.15,
SZ301190,2026-07-14,0.15,
SZ301191,2025-06-12,1.0,
SZ301191,2026-06-08,0.2,
SZ301192,2025-05-09,0.25,
SZ301192,2026-06-22,0.1480117,
SZ301195,2025-06-06,0.65,
SZ301195,2026-06-05,0.6,
SZ301196,2025-07-21,0.6,
SZ301196,2026-02-11,0.6,
SZ301196,2026-06-24,0.7,
SZ301197,2025-07-11,0.1,
SZ301197,2026-07-17,0.05,
SZ301199,2025-06-05,0.1,
SZ301199,2025-11-13,0.06999999999999999,
SZ301199,2026-06-18,0.1,
SZ301200,2025-05-21,0.4,
SZ301200,2026-05-19,0.6,
SZ301201,2025-07-10,0.2,
SZ301201,2026-07-15,0.2,
SZ301202,2025-05-27,0.3,
SZ301202,2025-10-16,0.3,
SZ301202,2026-05-29,0.2,
SZ301203,2025-01-24,0.8,
SZ301203,2025-07-10,0.7,
SZ301203,2026-03-31,0.8,
SZ301205,2025-05-30,0.2,
SZ301205,2026-06-25,0.2,
SZ301206,2025-01-10,0.25,
SZ301206,2025-06-06,1.0,
SZ301206,2025-12-30,0.5,
SZ301206,2026-07-16,0.5,
SZ301207,2025-06-17,0.2,
SZ301207,2025-10-27,0.6,
SZ301207,2026-06-15,0.8,
SZ301208,2025-06-05,0.2,
SZ301208,2026-05-29,0.13,
SZ301209,2025-06-06,0.2,
SZ301209,2026-06-08,0.21000000000000002,
SZ301210,2025-05-28,0.15,
SZ301210,2025-12-08,0.2,
SZ301210,2026-06-03,0.15,
SZ301211,2025-05-26,0.25,
SZ301211,2025-08-27,,
SZ301211,2026-06-12,0.06,
SZ301212,2025-06-12,0.12,
SZ301212,2026-06-26,0.10200000000000001,
SZ301213,2026-06-05,0.1,
SZ301215,2025-06-18,0.051941,
SZ301215,2025-12-02,0.038,
SZ301215,2026-06-01,0.061,
SZ301216,2025-05-30,0.15,
SZ301216,2026-07-10,0.15,
SZ301217,2025-10-28,0.02,
SZ301218,2025-05-29,0.025,
SZ301219,2025-05-28,0.5,
SZ301219,2025-10-16,1.0,
SZ301219,2026-06-04,1.0,
SZ301220,2025-05-26,0.2,
SZ301220,2026-06-04,0.15,
SZ301221,2025-07-03,0.2,
SZ301221,2026-05-26,0.3,
SZ301222,2025-06-09,0.3,
SZ301222,2026-05-27,0.5,
SZ301223,2025-06-05,0.35,
SZ301223,2026-06-08,0.35,
SZ301225,2025-06-30,0.42000000000000004,
SZ301225,2026-07-10,0.3,
SZ301226,2025-06-04,0.1,
SZ301226,2026-06-16,0.06,
SZ301227,2026-06-03,,
SZ301229,2025-05-26,0.178,
SZ301229,2025-12-01,0.05500000000000001,
SZ301230,2025-07-04,0.32999999999999996,
SZ301230,2025-11-14,0.06999999999999999,
SZ301230,2026-01-13,0.1,
SZ301230,2026-07-16,0.2,
SZ301232,2026-05-19,,
SZ301233,2025-05-28,0.516,
SZ301233,2026-06-18,0.606,
SZ301234,2025-05-29,0.3,
SZ301234,2026-06-01,0.2,
SZ301235,2025-05-29,0.05,
SZ301235,2026-05-29,0.2,
SZ301236,2025-06-13,0.1,
SZ301236,2026-06-16,0.0501458,
SZ301237,2025-05-20,0.1,
SZ301237,2026-09-01,,
SZ301238,2025-05-28,0.1,
SZ301238,2025-12-10,0.1,
SZ301238,2026-05-29,0.2,
SZ301239,2026-09-11,0.3,
SZ301246,2025-06-25,0.03,
SZ301246,2026-06-26,0.05,
SZ301248,2025-09-30,0.02,
SZ301251,2025-05-28,0.134,
SZ301251,2026-05-29,0.05,
SZ301252,2025-05-27,0.25,
SZ301252,2026-06-09,0.12,
SZ301255,2025-06-18,0.2,
SZ301255,2026-07-22,0.12,
SZ301256,2025-06-12,0.12,
SZ301256,2025-09-29,0.04,
SZ301256,2026-06-04,0.1,
SZ301257,2025-06-20,0.1,
SZ301257,2025-11-28,0.068,
SZ301257,2026-07-09,0.08,
SZ301258,2025-06-12,0.091,
SZ301258,2026-05-29,0.22000000000000003,
SZ301259,2026-06-05,0.06,
SZ301261,2025-06-27,0.25,
SZ301261,2025-11-11,0.35,
SZ301261,2026-07-20,0.25,
SZ301262,2025-01-16,0.35,
SZ301262,2025-07-24,0.05,
SZ301262,2025-09-22,0.05,
SZ301262,2026-01-13,0.52,
SZ301262,2026-07-08,0.05,
SZ301263,2025-05-27,0.2,
SZ301263,2026-06-01,0.05,
SZ301265,2025-07-25,0.04,
SZ301265,2026-06-16,0.1,
SZ301266,2025-05-30,0.0999998,
SZ301266,2026-05-22,0.19999899999999998,
SZ301266,2026-09-21,0.08,
SZ301267,2025-07-14,0.22000000000000003,
SZ301267,2025-12-22,0.09,
SZ301267,2026-07-03,0.16999999999999998,
SZ301269,2025-05-30,0.15,
SZ301269,2026-06-01,0.15,
SZ301270,2025-05-28,0.10200000000000001,
SZ301270,2026-05-29,0.10200000000000001,
SZ301272,2025-05-30,0.6,
SZ301272,2025-11-14,0.08,
SZ301272,2026-05-29,0.33999999999999997,
SZ301273,2026-06-10,,
SZ301275,2025-07-03,0.152,
SZ301275,2026-05-29,0.1,
SZ301276,2025-05-29,0.72,
SZ301276,2026-05-29,0.5,
SZ301277,2025-04-16,0.4,
SZ301277,2026-04-30,0.2,
SZ301278,2025-06-18,0.510676,
SZ301278,2026-06-26,0.04,
SZ301279,2025-05-29,0.26,
SZ301279,2026-05-06,0.25,
SZ301280,2025-04-30,1.2,
SZ301280,2026-04-30,0.2,
SZ301280,2026-09-22,0.37,
SZ301281,2025-05-20,0.2,
SZ301281,2026-06-16,0.05,
SZ301282,2025-06-18,0.1,
SZ301282,2025-11-28,0.15,
SZ301282,2026-05-08,0.15,
SZ301283,2025-01-10,0.5,
SZ301283,2025-05-29,0.5,
SZ301283,2025-09-10,0.2,
SZ301283,2026-05-21,1.5,
SZ301283,2026-09-08,0.3,
SZ301285,2025-07-11,0.05,
SZ301286,2025-06-09,0.08,
SZ301286,2026-06-24,0.45599999999999996,
SZ301287,2025-05-28,0.5,
SZ301287,2025-09-23,0.18,
SZ301287,2026-06-30,0.24,
SZ301289,2025-06-26,0.41034430000000005,
SZ301289,2026-06-29,0.42000000000000004,
SZ301290,2025-05-15,0.6,
SZ301290,2026-06-10,0.3,
SZ301291,2025-06-19,0.72,
SZ301291,2025-09-15,0.06999999999999999,
SZ301291,2026-07-10,0.45,
SZ301293,2025-07-09,0.148,
SZ301295,2025-05-27,0.24,
SZ301295,2026-05-28,0.21000000000000002,
SZ301296,2025-07-04,0.057999999999999996,
SZ301297,2025-08-04,0.056314699999999995,
SZ301297,2026-01-14,0.1049746,
SZ301297,2026-08-04,0.0642239,
SZ301298,2025-06-18,0.3,
SZ301298,2026-05-18,0.3,
SZ301299,2025-01-15,0.4,
SZ301299,2025-06-12,1.0,
SZ301299,2025-09-10,0.3,
SZ301299,2025-12-09,0.4,
SZ301299,2026-05-12,0.8,
SZ301299,2026-08-27,0.2,
SZ301300,2025-05-29,0.4,
SZ301300,2025-09-11,0.4,
SZ301300,2025-11-07,0.3,
SZ301300,2026-05-29,0.4,
SZ301300,2026-09-10,0.3,
SZ301301,2025-06-10,0.2696458,
SZ301301,2026-04-29,0.173,
SZ301303,2025-06-06,0.25,
SZ301303,2025-09-24,0.1,
SZ301303,2026-05-26,0.27999999999999997,
SZ301305,2025-09-26,0.2,
SZ301305,2026-07-02,0.2,
SZ301308,2026-06-02,0.34676049999999997,
SZ301308,2026-06-02,0.6439836999999999,
SZ301309,2025-06-19,0.3,
SZ301309,2026-06-09,0.3,
SZ301310,2025-06-13,0.3501287,
SZ301310,2025-09-26,0.25,
SZ301310,2026-05-19,0.25,
SZ301310,2026-09-17,0.15,
SZ301311,2025-07-04,0.054000000000000006,
SZ301312,2025-05-29,0.4,
SZ301312,2026-06-03,0.3,
SZ301314,2025-05-28,0.2,
SZ301314,2026-05-27,0.24,
SZ301315,2025-06-11,0.4,
SZ301315,2026-06-10,0.3,
SZ301316,2025-05-30,0.08,
SZ301316,2026-06-02,0.1,
SZ301317,2025-05-23,0.3,
SZ301317,2025-09-22,0.3,
SZ301317,2026-06-30,0.3,
SZ301318,2025-06-03,0.375,
SZ301318,2026-06-11,0.42800000000000005,
SZ301319,2025-05-22,0.7998339,
SZ301319,2026-05-21,0.5,
SZ301320,2025-06-03,0.1,
SZ301320,2026-06-18,0.05,
SZ301322,2025-01-16,0.2,
SZ301322,2025-05-29,0.3,
SZ301322,2026-05-28,0.05,
SZ301323,2025-06-27,0.5,
SZ301323,2025-10-23,0.1,
SZ301323,2026-07-15,0.4,
SZ301327,2025-05-30,1.15,
SZ301328,2025-05-29,0.3,
SZ301328,2025-09-11,0.2,
SZ301328,2026-05-26,0.3,
SZ301328,2026-09-03,0.13,
SZ301329,2025-06-19,0.26,
SZ301329,2025-09-17,0.11499999999999999,
SZ301329,2026-06-23,0.16,
SZ301330,2025-06-04,0.5,
SZ301330,2026-06-05,0.48,
SZ301331,2025-05-28,0.18,
SZ301331,2026-01-08,0.35,
SZ301331,2026-05-28,0.6799999999999999,
SZ301332,2025-06-11,0.15,
SZ301332,2026-06-05,0.15,
SZ301333,2025-07-08,0.16,
SZ301333,2026-07-03,0.1603251,
SZ301335,2025-07-04,0.1,
SZ301335,2025-10-17,0.1,
SZ301335,2026-06-10,0.1,
SZ301336,2025-05-29,0.22599999999999998,
SZ301336,2026-05-29,0.251,
SZ301338,2025-06-06,0.2,
SZ301338,2026-06-11,0.53,
SZ301339,2025-05-27,0.32,
SZ301339,2025-12-08,0.15,
SZ301339,2026-06-10,0.1,
SZ301345,2025-01-08,0.5,
SZ301345,2025-05-29,1.5,
SZ301345,2025-09-22,1.5,
SZ301345,2026-04-30,1.5,
SZ301348,2025-07-04,0.06,
SZ301349,2026-05-13,0.3,
SZ301353,2025-06-06,0.5,
SZ301353,2026-06-02,0.5,
SZ301355,2025-06-27,0.1,
SZ301356,2026-06-29,0.185,
SZ301357,2026-06-02,0.06,
SZ301358,2025-05-21,0.157,
SZ301358,2026-05-28,0.356,
SZ301359,2025-05-21,0.5,
SZ301359,2026-05-21,0.3,
SZ301360,2025-06-06,0.35,
SZ301360,2026-05-25,0.35,
SZ301361,2025-06-27,0.088,
SZ301361,2025-12-08,0.08,
SZ301361,2026-06-09,0.11000000000000001,
SZ301362,2025-04-29,1.895,
SZ301362,2026-05-28,1.45,
SZ301363,2025-06-05,0.1,
SZ301363,2025-12-08,0.08,
SZ301363,2026-06-12,0.2,
SZ301365,2025-01-10,0.16699999999999998,
SZ301365,2025-05-26,0.35,
SZ301365,2025-10-17,0.35,
SZ301365,2026-06-01,0.32999999999999996,
SZ301366,2025-06-06,0.4,
SZ301366,2026-06-30,0.1,
SZ301367,2025-05-28,0.4,
SZ301367,2026-05-28,0.6599999999999999,
SZ301368,2025-06-12,0.067,
SZ301369,2025-05-27,0.26,
SZ301369,2025-10-22,0.15,
SZ301369,2026-05-25,0.27999999999999997,
SZ301370,2025-05-29,0.08399999999999999,
SZ301370,2026-06-17,0.122,
SZ301371,2025-01-15,0.5,
SZ301371,2025-05-27,1.0,
SZ301371,2026-05-25,0.8,
SZ301373,2025-05-29,0.5,
SZ301373,2025-10-17,0.2,
SZ301373,2026-05-28,0.3,
SZ301376,2025-06-12,0.2,
SZ301376,2025-11-19,0.2,
SZ301376,2026-06-02,0.2,
SZ301377,2025-05-27,0.27999999999999997,
SZ301377,2025-11-25,0.4,
SZ301377,2026-04-28,0.5,
SZ301379,2025-06-05,0.4,
SZ301379,2026-06-05,0.2,
SZ301380,2025-06-18,0.35,
SZ301380,2026-05-28,0.2,
SZ301381,2025-09-24,0.25,
SZ301381,2026-05-29,0.25,
SZ301381,2026-09-10,0.25,
SZ301382,2025-07-17,0.1,
SZ301382,2026-07-09,0.05,
SZ301383,2025-06-23,0.3990122,
SZ301386,2025-06-06,0.5,
SZ301386,2026-06-05,0.5,
SZ301387,2025-07-08,0.14961649999999999,
SZ301387,2026-07-13,0.1,
SZ301388,2025-06-23,0.1,
SZ301388,2026-05-28,0.2,
SZ301389,2025-04-22,0.25,
SZ301389,2025-09-17,0.15,
SZ301389,2025-11-12,0.12,
SZ301389,2026-06-08,0.097,
SZ301391,2025-06-13,0.12,
SZ301391,2026-08-25,0.1,
SZ301392,2025-05-23,0.2,
SZ301392,2025-09-18,0.1,
SZ301392,2026-05-22,0.1,
SZ301393,2025-05-22,0.265,
SZ301393,2025-11-11,0.135,
SZ301393,2026-05-21,0.27,
SZ301395,2025-07-04,0.1,
SZ301396,2025-05-23,0.05,
SZ301396,2025-10-20,0.05,
SZ301396,2026-05-29,0.2,
SZ301397,2025-07-10,0.8,
SZ301397,2026-07-17,0.5,
SZ301398,2025-05-22,0.375,
SZ301398,2026-06-30,0.15,
SZ301399,2025-05-29,0.3,
SZ301399,2026-05-21,0.11000000000000001,
SZ301408,2025-06-25,0.1,
SZ301408,2026-05-27,0.1,
SZ301413,2025-05-29,0.3,
SZ301413,2026-05-29,0.3,
SZ301418,2026-06-16,0.1,
SZ301419,2025-05-30,0.5,
SZ301419,2026-05-28,0.4,
SZ301421,2025-06-23,0.1,
SZ301421,2025-09-29,0.05,
SZ301421,2026-06-03,0.1,
SZ301421,2026-09-23,0.1,
SZ301428,2025-06-06,0.1,
SZ301429,2025-01-22,0.174,
SZ301429,2025-06-13,0.174,
SZ301429,2026-02-11,0.13,
SZ301429,2026-06-16,0.174,
SZ301439,2025-05-29,0.2,
SZ301439,2026-05-29,0.2,
SZ301446,2025-05-26,0.1,
SZ301446,2025-09-24,0.1,
SZ301446,2026-05-25,0.1,
SZ301448,2025-05-29,0.21000000000000002,
SZ301449,2026-06-08,0.6,
SZ301456,2025-06-17,0.2,
SZ301456,2026-06-09,0.2,
SZ301458,2025-05-30,0.198,
SZ301458,2026-05-27,0.35,
SZ301459,2025-05-29,0.5,
SZ301459,2026-06-11,0.2,
SZ301468,2025-06-24,0.26,
SZ301468,2026-05-29,0.2,
SZ301469,2025-05-26,0.35,
SZ301469,2026-06-16,0.4,
SZ301479,2025-05-28,1.5,
SZ301479,2026-05-26,0.5,
SZ301486,2025-05-28,0.4,
SZ301487,2026-07-08,0.00601,
SZ301488,2025-06-06,0.5,
SZ301488,2026-05-07,0.4,
SZ301489,2025-06-04,0.25,
SZ301489,2026-06-01,0.15,
SZ301489,2026-09-10,0.05,
SZ301491,2026-07-16,0.174,
SZ301498,2025-06-06,0.25,
SZ301498,2025-09-10,0.25,
SZ301498,2026-06-02,0.25,
SZ301498,2026-09-15,0.25,
SZ301499,2025-06-09,0.072,
SZ301499,2025-09-22,0.05,
SZ301499,2026-06-04,0.06999999999999999,
SZ301500,2025-07-10,0.13,
SZ301500,2026-07-10,0.05500000000000001,
SZ301501,2025-06-06,0.5,
SZ301501,2026-06-05,0.35,
SZ301502,2025-06-18,0.35,
SZ301502,2026-06-05,0.26,
SZ301503,2025-06-05,0.65,
SZ301503,2025-09-23,0.3,
SZ301503,2026-07-28,0.35,
SZ301505,2025-05-27,0.2213836,
SZ301505,2025-10-15,0.03,
SZ301505,2026-05-18,0.13999999999999999,
SZ301507,2025-06-20,0.1,
SZ301507,2026-06-09,0.15,
SZ301508,2025-06-11,0.211,
SZ301508,2026-05-28,0.242,
SZ301509,2025-05-28,0.4,
SZ301509,2026-06-02,0.9,
SZ301510,2025-07-11,0.039,
SZ301510,2026-06-18,0.05,
SZ301511,2026-05-26,0.1,
SZ301511,2026-09-04,0.1,
SZ301512,2025-05-30,0.375,
SZ301512,2026-07-28,0.375,
SZ301513,2026-06-08,0.47000000000000003,
SZ301515,2025-07-18,0.12,
SZ301517,2025-01-10,0.02,
SZ301517,2025-06-18,0.05600000000000001,
SZ301518,2025-06-26,0.16699999999999998,
SZ301518,2026-07-09,0.269,
SZ301519,2025-07-23,0.1,
SZ301519,2026-06-17,0.1,
SZ301520,2025-01-24,0.35,
SZ301520,2026-06-12,0.3,
SZ301522,2025-04-24,0.11699999999999999,
SZ301522,2026-06-02,0.073,
SZ301525,2025-06-24,0.35,
SZ301525,2025-09-30,0.1,
SZ301525,2026-06-11,0.3,
SZ301525,2026-09-18,0.05,
SZ301526,2026-07-02,0.02,
SZ301528,2025-06-04,0.162,
SZ301528,2026-06-25,0.10800000000000001,
SZ301529,2025-05-30,0.3,
SZ301529,2025-10-20,0.12,
SZ301529,2026-05-27,0.1,
SZ301533,2025-05-30,0.4,
SZ301533,2026-06-05,0.3,
SZ301535,2025-05-27,0.118,
SZ301535,2026-01-08,0.1,
SZ301536,2025-05-21,0.2,
SZ301536,2026-05-26,0.3,
SZ301538,2025-05-27,0.6,
SZ301538,2026-06-15,0.3,
SZ301539,2025-06-10,0.1,
SZ301539,2026-07-10,0.1,
SZ301548,2025-05-30,0.22999999999999998,
SZ301548,2025-09-30,0.2,
SZ301548,2026-05-27,0.4,
SZ301548,2026-09-16,0.22000000000000003,
SZ301550,2025-05-23,0.4,
SZ301550,2025-11-18,0.2,
SZ301550,2026-05-29,0.3,
SZ301551,2025-05-29,0.3,
SZ301551,2025-11-24,0.375,
SZ301551,2026-06-26,0.625,
SZ301552,2025-05-27,1.0,
SZ301552,2025-09-12,0.5,
SZ301552,2026-05-11,1.0,
SZ301555,2026-01-08,0.22000000000000003,
SZ301556,2025-05-22,0.5865,
SZ301556,2025-11-18,0.23500000000000001,
SZ301556,2026-06-09,0.23500000000000001,
SZ301557,2025-05-30,1.1,
SZ301557,2026-05-29,0.9,
SZ301559,2025-05-19,0.44000000000000006,
SZ301559,2026-05-08,0.16499999999999998,
SZ301559,2026-07-28,0.034,
SZ301560,2025-10-20,0.08,
SZ301560,2026-06-11,0.08,
SZ301563,2026-05-29,0.5,
SZ301563,2026-09-02,0.41,
SZ301566,2025-05-30,0.06,
SZ301566,2025-09-24,0.03,
SZ301566,2026-06-01,0.03,
SZ301567,2025-05-26,0.18,
SZ301568,2025-05-28,0.5599999999999999,
SZ301568,2026-05-15,0.6,
SZ301571,2025-06-13,0.097,
SZ301571,2026-07-14,0.11399999999999999,
SZ301575,2026-06-18,0.4,
SZ301577,2025-05-26,0.3,
SZ301578,2025-06-17,0.5,
SZ301578,2026-06-04,0.25,
SZ301580,2025-06-10,0.65,
SZ301580,2026-06-10,0.45999999999999996,
SZ301581,2025-05-28,0.7,
SZ301581,2026-06-10,0.35,
SZ301584,2026-06-01,0.2,
SZ301584,2026-09-22,0.1,
SZ301585,2025-05-28,0.4,
SZ301585,2026-06-15,0.21000000000000002,
SZ301586,2025-01-10,0.27999999999999997,
SZ301586,2025-06-26,0.2,
SZ301586,2026-07-20,0.1,
SZ301587,2025-06-11,0.35,
SZ301587,2025-11-12,0.135,
SZ301588,2025-06-27,0.13999999999999999,
SZ301588,2026-07-16,0.052000000000000005,
SZ301589,2025-05-23,0.65,
SZ301589,2025-09-01,0.5599999999999999,
SZ301589,2026-05-29,0.9,
SZ301589,2026-09-16,0.6799999999999999,
SZ301590,2025-07-18,1.2,
SZ301590,2026-07-28,0.8,
SZ301591,2025-05-23,0.32,
SZ301591,2025-09-09,0.13,
SZ301591,2026-05-27,0.06,
SZ301591,2026-09-08,0.08,
SZ301592,2025-06-23,0.7,
SZ301592,2026-05-29,0.077,
SZ301595,2025-10-14,0.25,
SZ301595,2026-05-14,0.25,
SZ301596,2025-06-20,0.5599999999999999,
SZ301596,2025-09-23,0.4,
SZ301596,2026-06-11,0.2,
SZ301598,2025-05-22,1.3,
SZ301598,2025-09-24,0.7,
SZ301598,2026-05-21,1.0,
SZ301599,2026-09-22,0.15,
SZ301600,2025-05-21,2.5,
SZ301600,2025-11-07,0.5,
SZ301600,2026-06-04,0.5,
SZ301601,2025-07-03,0.18,
SZ301601,2026-06-11,0.11000000000000001,
SZ301602,2025-06-19,0.10200000000000001,
SZ301602,2026-06-24,0.15,
SZ301603,2025-05-29,0.1,
SZ301603,2026-01-09,0.1,
SZ301603,2026-06-24,0.2,
SZ301606,2025-05-27,0.6,
SZ301606,2026-05-15,0.6,
SZ301607,2025-06-06,0.018,
SZ301607,2026-06-04,0.155,
SZ301608,2025-05-23,0.33712,
SZ301608,2025-09-05,0.50568,
SZ301608,2026-05-20,0.44949000000000006,
SZ301608,2026-09-04,0.33938,
SZ301609,2026-06-04,0.4,
SZ301609,2026-09-17,0.15,
SZ301611,2025-05-27,0.1,
SZ301611,2026-06-03,0.1,
SZ301613,2025-05-20,1.0,
SZ301613,2026-06-03,0.7,
SZ301616,2025-09-25,0.4,
SZ301616,2026-06-18,0.4,
SZ301617,2025-01-24,0.3,
SZ301617,2025-05-26,0.3,
SZ301617,2025-08-29,0.2,
SZ301617,2026-05-26,0.2,
SZ301617,2026-08-28,0.1,
SZ301618,2025-05-30,0.32999999999999996,
SZ301618,2025-10-17,0.1,
SZ301618,2026-05-28,0.1,
SZ301622,2025-02-17,0.27999999999999997,
SZ301622,2025-05-23,0.12,
SZ301622,2026-05-25,0.15,
SZ301626,2025-06-05,0.5599999999999999,
SZ301626,2026-05-29,0.2,
SZ301628,2025-05-29,0.4,
SZ301628,2026-05-20,0.5,
SZ301629,2025-05-30,0.958,
SZ301629,2026-05-29,0.254,
SZ301630,2026-06-25,2.2,
SZ301631,2025-06-10,1.2,
SZ301631,2026-06-01,1.0,
SZ301632,2026-06-15,0.12,
SZ301633,2025-06-19,1.0,
SZ301633,2026-06-03,0.5,
SZ301636,2025-09-30,0.5,
SZ301638,2026-06-26,0.06,
SZ301656,2026-06-04,0.043,
SZ301658,2025-06-19,0.126,
SZ301658,2026-06-17,0.073,
SZ301662,2025-06-10,1.0,
SZ301662,2026-06-03,0.6,
SZ301665,2025-06-09,0.4,
SZ301665,2025-09-08,0.2,
SZ301665,2026-06-09,0.4,
SZ301665,2026-09-08,0.16,
SZ301667,2026-07-06,0.1,
SZ301668,2026-01-09,0.5,
SZ301678,2025-09-24,0.5,
SZ301678,2026-05-27,0.5,
SZ301680,2026-06-01,0.45,
SZ301682,2026-07-13,0.85,
SZ301683,2026-06-08,1.1,
SZ301687,2026-06-08,0.3,
SZ301696,2026-06-03,0.5,
SZ301696,2026-08-25,0.375,
SZ302132,2025-06-17,0.014000000000000002,
SZ302132,2025-06-24,0.623,
SZ302132,2026-06-16,0.386,
SH600000,2025-07-16,0.41,
SH600000,2026-07-16,0.42000000000000004,
SH600004,2025-06-27,0.157,
SH600004,2026-07-24,0.28500000000000003,
SH600006,2025-07-17,0.005,
SH600007,2025-06-26,1.1,
SH600007,2026-06-26,1.0699999999999998,
SH600008,2025-06-13,0.16999999999999998,
SH600008,2026-01-09,0.04,
SH600008,2026-06-18,0.08,
SH600009,2025-08-08,0.3,
SH600009,2025-10-16,0.21000000000000002,
SH600009,2026-07-01,0.26,
SH600009,2026-09-17,0.27,
SH600010,2025-06-27,0.002,
SH600011,2025-07-10,0.27,
SH600011,2026-07-03,0.4,
SH600012,2025-07-30,0.604,
SH600012,2026-07-31,0.6599999999999999,
SH600015,2025-01-22,0.1,
SH600015,2025-06-26,0.305,
SH600015,2026-01-23,0.1,
SH600015,2026-07-30,0.32,
SH600016,2025-07-14,0.062,
SH600016,2025-09-16,0.136,
SH600016,2026-07-02,0.053000000000000005,
SH600016,2026-09-15,0.118,
SH600017,2025-06-13,0.086,
SH600017,2025-10-31,0.033,
SH600017,2026-06-12,0.0395,
SH600018,2025-07-17,0.145,
SH600018,2026-01-13,0.05,
SH600018,2026-07-23,0.145,
SH600019,2025-06-11,0.1,
SH600019,2025-09-24,0.12,
SH600019,2026-06-25,0.18,
SH600019,2026-09-16,0.13,
SH600020,2025-07-15,0.16999999999999998,
SH600020,2026-07-13,0.12,
SH600021,2025-05-30,0.27999999999999997,
SH600021,2026-06-26,0.37,
SH600023,2025-07-09,0.29,
SH600023,2025-10-17,0.05,
SH600023,2026-07-30,0.27999999999999997,
SH600025,2025-06-19,0.2,
SH600025,2026-06-29,0.205,
SH600026,2025-07-17,0.21000000000000002,
SH600026,2026-07-17,0.38,
SH600027,2025-07-14,0.13,
SH600027,2025-11-12,0.09,
SH600027,2026-06-26,0.13999999999999999,
SH600028,2025-06-18,0.13999999999999999,
SH600028,2025-09-12,0.088,
SH600028,2026-06-17,0.11200000000000002,
SH600030,2025-08-25,0.27999999999999997,
SH600030,2026-02-09,0.29,
SH600030,2026-06-10,0.41,
SH600031,2025-06-11,0.36,
SH600031,2025-10-15,0.31,
SH600031,2026-07-17,0.18,
SH600032,2025-06-12,0.015,
SH600032,2025-09-22,0.037,
SH600032,2026-06-11,0.027000000000000003,
SH600032,2026-09-21,0.02,
SH600033,2025-07-11,0.05,
SH600033,2025-12-31,0.05,
SH600033,2026-07-23,0.071,
SH600035,2025-06-27,0.16999999999999998,
SH600035,2026-06-26,0.16,
SH600036,2025-07-11,2.0,
SH600036,2026-01-16,1.0130000000000001,
SH600036,2026-07-10,1.003,
SH600037,2025-06-20,0.027000000000000003,
SH600037,2026-06-18,0.05,
SH600038,2025-05-28,0.20400000000000001,
SH600038,2026-06-04,0.23900000000000002,
SH600039,2025-07-11,0.377,
SH600039,2025-10-23,0.032,
SH600039,2026-07-24,0.45999999999999996,
SH600048,2025-08-20,0.16999999999999998,
SH600048,2026-06-30,0.034999999999999996,
SH600050,2025-06-27,0.0621,
SH600050,2025-10-24,0.11120000000000001,
SH600050,2026-06-26,0.0523,
SH600051,2025-06-17,0.12,
SH600051,2026-06-16,0.06,
SH600052,2025-11-13,0.02,
SH600054,2025-06-25,0.172,
SH600054,2026-01-21,0.06999999999999999,
SH600054,2026-07-01,0.071,
SH600055,2025-05-16,0.13,
SH600056,2025-07-10,0.08565,
SH600056,2025-09-26,0.01966,
SH600056,2026-06-26,0.07525,
SH600057,2025-06-17,0.25,
SH600057,2025-11-25,0.1,
SH600057,2026-06-17,0.12,
SH600058,2026-05-21,0.033600000000000005,
SH600059,2025-06-05,0.08,
SH600059,2026-06-24,0.09,
SH600060,2025-08-08,0.8800000000000001,
SH600060,2026-08-07,0.9403,
SH600061,2025-07-17,0.127,
SH600061,2026-07-01,0.155,
SH600062,2025-07-11,0.371,
SH600062,2025-10-28,0.1,
SH600062,2026-07-28,0.379,
SH600063,2025-05-21,0.06,
SH600063,2025-12-12,0.08,
SH600063,2026-05-21,0.02,
SH600064,2025-07-23,0.3,
SH600064,2026-07-17,0.32,
SH600066,2025-05-14,1.0,
SH600066,2025-09-11,0.5,
SH600066,2026-05-15,2.0,
SH600067,2025-08-26,0.22000000000000003,
SH600067,2026-06-05,0.03,
SH600072,2025-07-23,0.03,
SH600073,2025-07-08,0.06999999999999999,
SH600075,2025-06-19,0.02,
SH600079,2025-08-19,0.32,
SH600079,2026-08-03,0.48,
SH600080,2025-06-20,0.03,
SH600081,2025-08-22,0.05,
SH600081,2026-08-19,0.011,
SH600085,2025-06-30,0.5,
SH600085,2026-07-01,0.5,
SH600088,2025-07-31,0.034,
SH600088,2026-07-31,0.022,
SH600089,2025-07-10,0.25,
SH600089,2026-07-06,0.36,
SH600096,2025-05-22,1.4,
SH600096,2025-09-19,0.2,
SH600096,2026-05-14,1.2,
SH600096,2026-09-21,0.2,
SH600097,2025-05-30,0.08,
SH600097,2026-05-28,0.1,
SH600098,2025-06-27,0.27,
SH600098,2025-12-12,0.1,
SH600098,2026-06-26,0.25,
SH600099,2025-07-25,0.03,
SH600099,2026-06-30,0.045,
SH600100,2026-06-25,0.045,
SH600101,2025-07-08,0.12,
SH600101,2026-02-12,0.04,
SH600101,2026-07-30,0.06999999999999999,
SH600103,2025-05-26,0.012,
SH600103,2026-05-25,0.0086,
SH600104,2025-07-31,0.088,
SH600104,2026-08-07,0.266,
SH600105,2025-06-04,0.05,
SH600105,2025-10-14,0.034999999999999996,
SH600105,2026-06-17,0.015,
SH600106,2025-06-25,0.036,
SH600106,2026-07-10,0.026000000000000002,
SH600108,2025-07-18,0.0055,
SH600108,2026-07-17,0.003,
SH600109,2025-07-09,0.12,
SH600109,2026-07-22,0.08,
SH600111,2025-06-20,0.034999999999999996,
SH600111,2026-06-11,0.13,
SH600113,2025-04-14,0.12,
SH600113,2026-04-17,0.13,
SH600113,2026-09-16,0.03,
SH600114,2025-05-15,0.3,
SH600114,2026-05-25,0.3,
SH600114,2026-09-09,0.1,
SH600116,2025-01-08,0.05,
SH600116,2025-08-01,0.04,
SH600116,2026-02-09,0.05,
SH600116,2026-07-30,0.075,
SH600118,2025-06-27,0.01,
SH600118,2026-07-24,0.012,
SH600120,2025-06-20,0.08399999999999999,
SH600120,2026-01-09,0.034999999999999996,
SH600120,2026-06-05,0.049,
SH600123,2025-07-14,0.15,
SH600125,2025-07-18,0.09,
SH600125,2025-11-14,0.05,
SH600125,2026-06-12,0.071,
SH600126,2026-06-29,0.005,
SH600128,2025-06-27,0.1,
SH600128,2026-06-26,0.145,
SH600131,2025-07-29,0.17123,
SH600131,2026-01-13,0.05,
SH600131,2026-08-18,0.11499999999999999,
SH600132,2025-06-20,0.9,
SH600132,2025-12-18,1.3,
SH600132,2026-06-18,1.2,
SH600133,2025-06-30,0.16499999999999998,
SH600133,2026-07-22,0.16599999999999998,
SH600137,2025-07-16,0.186,
SH600137,2026-06-29,0.2,
SH600138,2025-05-22,0.06999999999999999,
SH600138,2026-06-10,0.036,
SH600141,2025-06-20,1.0,
SH600141,2026-06-22,0.5,
SH600143,2025-06-18,0.1,
SH600143,2026-06-29,0.2,
SH600148,2026-06-18,0.04,
SH600150,2025-06-23,0.25,
SH600150,2026-07-20,0.365,
SH600153,2025-01-20,0.4,
SH600153,2025-05-21,0.3,
SH600153,2026-02-11,0.2,
SH600153,2026-06-24,0.5,
SH600156,2025-06-05,0.01,
SH600156,2026-05-08,0.01,
SH600158,2025-06-17,0.019700000000000002,
SH600160,2025-06-06,0.22999999999999998,
SH600160,2026-01-29,0.18,
SH600160,2026-06-11,0.38,
SH600161,2025-06-20,0.1,
SH600161,2025-09-25,0.15,
SH600161,2026-07-24,0.05,
SH600162,2025-07-18,0.011,
SH600162,2026-07-28,0.005,
SH600163,2025-07-10,0.08299999999999999,
SH600163,2026-07-08,0.03,
SH600167,2025-06-17,0.2,
SH600167,2026-07-21,0.15,
SH600168,2025-06-16,0.027000000000000003,
SH600168,2026-06-26,0.028100000000000003,
SH600170,2025-07-31,0.06,
SH600170,2026-07-01,0.034999999999999996,
SH600171,2025-06-20,0.16999999999999998,
SH600171,2026-06-17,0.12,
SH600176,2025-05-21,0.24,
SH600176,2025-10-15,0.16999999999999998,
SH600176,2026-05-27,0.19,
SH600177,2025-03-03,0.1,
SH600177,2025-06-06,0.2,
SH600177,2025-09-12,0.08,
SH600177,2025-12-04,0.08,
SH600177,2026-03-27,0.08,
SH600177,2026-06-05,0.2,
SH600177,2026-09-18,0.2,
SH600178,2025-07-16,0.005,
SH600178,2026-07-17,0.011,
SH600180,2025-07-07,0.025,
SH600180,2025-10-23,0.01,
SH600182,2025-01-24,0.32,
SH600182,2025-07-25,0.5900000000000001,
SH600182,2026-01-28,0.27999999999999997,
SH600182,2026-07-22,0.29,
SH600183,2025-05-23,0.6,
SH600183,2025-09-25,0.4,
SH600183,2026-06-05,0.8,
SH600184,2026-06-17,0.033,
SH600188,2025-06-18,0.54,
SH600188,2025-09-16,0.18,
SH600188,2026-07-24,0.32,
SH600191,2026-06-10,0.0225,
SH600195,2025-07-08,0.023,
SH600195,2026-07-07,0.051000000000000004,
SH600196,2025-08-04,0.32,
SH600196,2026-07-27,0.39,
SH600197,2025-07-03,0.45,
SH600197,2026-08-21,0.43,
SH600201,2025-06-26,0.03,
SH600201,2026-06-23,0.037,
SH600202,2025-07-22,0.01,
SH600203,2025-07-31,0.02,
SH600206,2025-06-27,0.10900000000000001,
SH600206,2026-06-09,0.096,
SH600206,2026-08-21,0.043,
SH600210,2025-07-18,0.3,
SH600210,2026-07-22,0.35,
SH600211,2025-01-21,0.262,
SH600211,2025-04-22,0.728,
SH600211,2025-09-01,0.881,
SH600211,2026-05-22,0.876,
SH600211,2026-09-15,1.1460000000000001,
SH600215,2025-06-09,0.015,
SH600216,2025-07-21,0.37,
SH600216,2026-07-09,0.27999999999999997,
SH600218,2025-06-20,0.06,
SH600218,2026-02-11,0.02,
SH600218,2026-06-18,0.03,
SH600219,2025-05-12,0.09,
SH600219,2025-09-25,0.04,
SH600219,2026-05-20,0.136,
SH600222,2026-01-09,0.014000000000000002,
SH600223,2025-07-24,0.06,
SH600223,2026-07-15,0.056999999999999995,
SH600229,2025-07-15,0.06999999999999999,
SH600230,2025-07-18,0.020999999999999998,
SH600230,2026-07-16,0.023,
SH600232,2025-06-16,0.1,
SH600233,2025-06-17,0.36,
SH600233,2026-06-09,0.25,
SH600233,2026-09-16,0.12,
SH600235,2025-05-09,0.017,
SH600235,2026-05-13,0.015,
SH600236,2025-07-11,0.12,
SH600236,2025-10-17,0.05,
SH600236,2026-06-16,0.24300000000000002,
SH600236,2026-09-21,0.12,
SH600237,2026-06-02,0.08,
SH600248,2025-07-17,0.09,
SH600248,2026-07-16,0.02,
SH600249,2025-08-18,0.03,
SH600249,2026-08-26,0.03,
SH600251,2025-06-18,0.08,
SH600251,2025-09-25,0.1,
SH600251,2026-07-06,0.06,
SH600256,2025-07-18,0.622,
SH600256,2026-07-17,0.063,
SH600258,2025-06-24,0.36,
SH600258,2026-06-18,0.45,
SH600259,2026-04-24,0.15,
SH600261,2025-06-13,0.13999999999999999,
SH600261,2026-06-10,0.13,
SH600262,2025-07-11,0.316,
SH600262,2026-07-17,0.381,
SH600266,2025-08-22,0.05,
SH600266,2026-08-05,0.05,
SH600267,2025-05-16,0.21000000000000002,
SH600267,2026-06-16,0.21000000000000002,
SH600268,2025-06-26,0.13999999999999999,
SH600268,2026-06-30,0.2,
SH600269,2025-05-30,0.16999999999999998,
SH600269,2026-07-08,0.16999999999999998,
SH600271,2025-06-19,0.004,
SH600272,2025-06-11,0.044,
SH600272,2026-07-07,0.015,
SH600273,2025-05-29,0.2,
SH600273,2025-09-15,0.2,
SH600273,2026-05-25,0.25,
SH600276,2025-05-23,0.2,
SH600276,2026-05-27,0.2,
SH600278,2025-07-14,0.074,
SH600278,2025-12-10,0.028999999999999998,
SH600278,2026-08-13,0.06999999999999999,
SH600279,2025-07-23,0.04,
SH600279,2026-07-14,0.017,
SH600282,2025-05-09,0.08499999999999999,
SH600282,2025-09-11,0.1186,
SH600282,2026-05-11,0.13720000000000002,
SH600282,2026-09-16,0.1072,
SH600283,2025-07-10,0.25,
SH600283,2026-07-10,0.25,
SH600284,2025-05-23,0.1,
SH600284,2025-11-27,0.08,
SH600284,2026-05-22,0.06999999999999999,
SH600285,2025-06-20,0.9,
SH600285,2026-06-11,1.1,
SH600288,2026-08-21,0.0243,
SH600292,2026-05-29,0.061,
SH600295,2025-06-23,0.6,
SH600295,2026-06-17,0.7,
SH600298,2025-06-13,0.55,
SH600298,2026-06-08,0.55,
SH600299,2025-03-28,0.06,
SH600299,2025-05-20,0.12,
SH600299,2026-02-27,0.051000000000000004,
SH600299,2026-07-10,0.1,
SH600300,2025-05-29,0.128,
SH600300,2026-05-28,0.10400000000000001,
SH600305,2025-07-01,0.1,
SH600305,2026-06-30,0.12,
SH600308,2025-06-27,0.008,
SH600309,2025-05-30,0.73,
SH600309,2026-05-27,1.25,
SH600309,2026-09-11,0.8099999999999999,
SH600310,2025-06-12,0.03,
SH600310,2026-06-09,0.03,
SH600312,2025-01-21,0.08399999999999999,
SH600312,2025-06-26,0.067,
SH600312,2025-10-17,0.188,
SH600312,2026-06-25,0.143,
SH600313,2026-06-18,0.009,
SH600315,2025-10-23,0.039,
SH600315,2026-07-24,0.2,
SH600316,2025-06-18,0.017,
SH600316,2026-06-26,0.017,
SH600318,2025-08-08,0.02,
SH600318,2026-06-15,0.02,
SH600320,2025-06-25,0.05500000000000001,
SH600320,2026-01-07,0.02,
SH600320,2026-07-17,0.05500000000000001,
SH600323,2025-07-04,0.8,
SH600323,2025-10-31,0.25,
SH600323,2026-07-17,0.8,
SH600325,2025-05-26,0.10400000000000001,
SH600325,2025-09-11,0.02,
SH600327,2025-06-27,0.03,
SH600328,2025-05-13,0.1234,
SH600328,2026-06-24,0.0254,
SH600329,2025-07-04,1.28,
SH600329,2026-02-12,2.45,
SH600329,2026-07-10,2.34,
SH600330,2025-05-30,0.022,
SH600332,2025-06-19,0.4,
SH600332,2025-09-12,0.4,
SH600332,2026-06-16,0.45,
SH600332,2026-09-10,0.3,
SH600335,2025-07-03,0.08,
SH600335,2025-09-23,0.03,
SH600335,2026-07-22,0.08199999999999999,
SH600336,2025-11-13,0.01,
SH600337,2025-01-15,0.012,
SH600338,2025-07-23,0.05500000000000001,
SH600338,2026-07-16,0.02,
SH600339,2025-08-15,0.034999999999999996,
SH600339,2025-09-30,0.013000000000000001,
SH600339,2026-06-23,0.013000000000000001,
SH600345,2025-07-18,0.05500000000000001,
SH600345,2026-07-17,0.11000000000000001,
SH600346,2025-06-19,0.45,
SH600346,2025-09-24,0.08,
SH600346,2026-06-02,0.29,
SH600348,2025-07-15,0.309,
SH600348,2026-07-15,0.23700000000000002,
SH600350,2025-08-05,0.42000000000000004,
SH600350,2026-06-18,0.42000000000000004,
SH600351,2025-05-30,0.3,
SH600351,2026-02-06,0.2,
SH600351,2026-06-15,0.15,
SH600351,2026-09-01,0.2,
SH600352,2025-07-16,0.25,
SH600352,2025-09-24,0.2,
SH600352,2026-06-18,0.1,
SH600352,2026-07-03,0.35,
SH600353,2025-05-27,0.06,
SH600353,2026-05-29,0.06999999999999999,
SH600356,2025-07-09,0.12,
SH600356,2026-06-26,0.19,
SH600360,2025-07-14,0.04,
SH600360,2025-10-27,0.034,
SH600360,2026-06-08,0.020999999999999998,
SH600361,2025-06-13,0.08080000000000001,
SH600361,2026-06-29,0.088,
SH600362,2025-07-22,0.7,
SH600362,2025-11-28,0.4,
SH600362,2026-07-17,0.6,
SH600363,2025-06-25,0.054000000000000006,
SH600366,2025-07-14,0.05,
SH600366,2026-06-29,0.1,
SH600367,2025-06-13,0.02,
SH600367,2025-09-11,0.03,
SH600367,2026-06-04,0.01,
SH600367,2026-09-07,0.03,
SH600368,2025-06-20,0.131,
SH600368,2026-06-30,0.13899999999999998,
SH600369,2025-08-14,0.065,
SH600369,2025-10-13,0.01,
SH600369,2025-12-30,0.01,
SH600369,2026-07-17,0.076,
SH600371,2025-06-19,0.15,
SH600371,2026-05-26,0.1,
SH600372,2025-06-11,0.06999999999999999,
SH600372,2025-12-04,0.022,
SH600372,2026-06-10,0.046,
SH600373,2025-06-13,0.4,
SH600373,2026-06-12,0.2,
SH600377,2025-07-30,0.49000000000000005,
SH600377,2026-07-13,0.49000000000000005,
SH600378,2025-06-30,0.28601,
SH600378,2026-06-12,0.392,
SH600379,2025-01-21,0.02101,
SH600379,2025-06-12,0.046450000000000005,
SH600379,2025-10-16,0.03381,
SH600379,2026-06-12,0.028399999999999998,
SH600379,2026-09-22,0.035199999999999995,
SH600380,2025-07-18,0.2,
SH600380,2026-06-26,0.22000000000000003,
SH600382,2025-07-11,0.1,
SH600382,2026-01-15,0.2,
SH600382,2026-05-25,0.213,
SH600386,2025-08-26,0.01,
SH600388,2025-05-15,0.27999999999999997,
SH600388,2026-05-19,0.38,
SH600389,2025-06-06,0.1,
SH600389,2025-10-17,0.45,
SH600389,2026-06-05,0.1,
SH600390,2025-10-16,0.006,
SH600390,2026-06-26,0.014000000000000002,
SH600392,2025-07-11,0.1,
SH600392,2025-11-13,0.05,
SH600392,2026-07-17,0.3,
SH600395,2025-08-13,0.04,
SH600395,2026-08-12,0.06,
SH600398,2025-07-10,0.18,
SH600398,2026-05-11,0.41,
SH600399,2025-06-12,0.018,
SH600406,2025-06-27,0.43499999999999994,
SH600406,2025-09-30,0.147,
SH600406,2026-06-30,0.475,
SH600409,2025-06-25,0.073,
SH600409,2026-06-26,0.03,
SH600410,2025-07-18,0.0066,
SH600410,2026-07-17,0.007580000000000001,
SH600415,2025-06-12,0.32999999999999996,
SH600415,2026-06-18,0.5,
SH600419,2025-06-27,0.02099,
SH600419,2026-05-26,0.02,
SH600420,2025-07-18,0.2,
SH600420,2025-09-16,0.1,
SH600420,2026-06-03,0.2,
SH600420,2026-09-18,0.05,
SH600422,2025-07-30,0.3,
SH600422,2026-07-30,0.18,
SH600425,2025-05-28,0.1,
SH600425,2026-06-12,0.1,
SH600426,2025-06-30,0.3,
SH600426,2025-11-04,0.25,
SH600426,2026-07-10,0.25,
SH600428,2025-08-19,0.279,
SH600428,2026-07-30,0.325,
SH600429,2025-07-15,0.012,
SH600429,2026-09-22,0.037,
SH600433,2025-05-26,0.06,
SH600435,2025-06-17,0.02,
SH600435,2026-05-20,0.025,
SH600436,2025-07-31,1.8199999999999998,
SH600436,2025-09-30,1.4,
SH600436,2026-07-31,1.5699999999999998,
SH600444,2025-07-23,0.11000000000000001,
SH600444,2026-07-29,0.16,
SH600449,2025-06-04,0.21000000000000002,
SH600449,2026-06-04,0.16,
SH600452,2025-06-20,0.05500000000000001,
SH600452,2025-09-26,0.034999999999999996,
SH600452,2026-06-25,0.068,
SH600452,2026-09-10,0.034999999999999996,
SH600456,2025-07-23,0.39,
SH600456,2026-06-03,0.3,
SH600458,2025-06-05,0.21600000000000003,
SH600458,2025-10-17,0.06999999999999999,
SH600458,2026-07-22,0.162,
SH600459,2025-07-07,0.24014000000000002,
SH600459,2026-06-26,0.24918,
SH600460,2025-06-30,0.04,
SH600460,2026-07-20,0.08,
SH600461,2025-07-04,0.46399999999999997,
SH600461,2026-07-03,0.46699999999999997,
SH600467,2025-07-17,0.00892,
SH600467,2026-07-17,0.0061400000000000005,
SH600468,2026-07-09,0.025,
SH600469,2025-05-23,0.04,
SH600469,2026-06-04,0.1,
SH600475,2025-07-16,0.35,
SH600475,2025-11-21,0.1,
SH600475,2026-06-17,0.25,
SH600477,2025-07-17,0.034999999999999996,
SH600477,2025-10-24,0.026000000000000002,
SH600477,2026-06-16,0.016,
SH600479,2025-07-25,0.36,
SH600479,2026-06-30,0.38,
SH600480,2025-06-23,0.3,
SH600480,2025-09-26,0.1,
SH600480,2026-06-04,0.3,
SH600482,2025-06-13,0.186,
SH600482,2025-11-26,0.08161,
SH600482,2026-07-29,0.20281,
SH600483,2025-07-11,0.31,
SH600483,2025-09-04,0.073,
SH600483,2026-07-16,0.353,
SH600486,2025-07-25,0.6799999999999999,
SH600486,2025-09-30,0.24,
SH600486,2026-06-25,0.714,
SH600487,2025-06-27,0.22999999999999998,
SH600487,2026-06-29,0.275,
SH600488,2025-06-12,0.098,
SH600488,2026-07-14,0.052000000000000005,
SH600489,2025-07-03,0.388,
SH600489,2026-08-13,0.458,
SH600490,2026-07-03,0.031,
SH600493,2025-06-26,0.058699999999999995,
SH600493,2026-07-10,0.018,
SH600495,2025-07-11,0.014000000000000002,
SH600495,2026-07-10,0.018,
SH600496,2025-06-23,0.08,
SH600496,2026-06-15,0.22000000000000003,
SH600497,2025-06-19,0.13,
SH600497,2025-11-11,0.03,
SH600497,2026-05-26,0.06999999999999999,
SH600498,2025-06-20,0.179,
SH600498,2026-07-10,0.097,
SH600499,2025-05-26,0.2,
SH600499,2026-06-17,0.3,
SH600502,2025-04-18,0.08,
SH600502,2025-06-30,0.19,
SH600502,2026-02-09,0.1,
SH600502,2026-06-18,0.16999999999999998,
SH600505,2025-06-27,0.02,
SH600505,2026-07-13,0.025,
SH600506,2026-05-06,0.034999999999999996,
SH600507,2025-06-06,0.033,
SH600507,2026-05-29,0.2,
SH600508,2025-07-18,0.2,
SH600508,2025-09-25,0.09,
SH600508,2026-06-17,0.21000000000000002,1.4
SH600508,2026-09-24,0.08499999999999999,
SH600509,2025-06-27,0.05500000000000001,
SH600509,2026-06-25,0.08399999999999999,
SH600510,2025-07-07,0.040999999999999995,
SH600510,2026-07-06,0.023,
SH600511,2025-06-18,0.8,
SH600511,2026-06-18,0.8,
SH600512,2025-06-30,0.02,
SH600512,2026-06-29,0.01,
SH600513,2025-06-23,0.089,
SH600513,2026-07-08,0.06999999999999999,
SH600515,2025-07-17,0.005,
SH600515,2026-07-21,0.005,
SH600516,2025-07-16,0.02,
SH600516,2026-06-26,0.00732,
SH600517,2025-06-27,0.051000000000000004,
SH600517,2025-09-25,0.041999999999999996,
SH600517,2026-06-29,0.092,
SH600517,2026-09-17,0.045,
SH600519,2025-06-26,27.673000000000002,
SH600519,2025-12-19,23.957,
SH600519,2026-06-26,28.02423,
SH600521,2025-07-10,0.25,
SH600521,2026-06-18,0.1,
SH600522,2025-07-25,0.3,
SH600522,2026-07-15,0.26,
SH600523,2025-06-16,0.132,
SH600523,2026-05-29,0.144,
SH600526,2025-06-09,0.1,
SH600526,2026-06-08,0.05,
SH600526,2026-09-23,0.05500000000000001,
SH600527,2025-06-10,0.05,
SH600527,2026-06-25,0.03,
SH600528,2025-08-22,0.1036,
SH600528,2026-08-14,0.0903,
SH600529,2025-06-27,0.32,
SH600529,2025-09-25,0.27999999999999997,
SH600529,2026-05-20,0.18,
SH600529,2026-09-23,0.3,
SH600530,2025-06-09,0.0118,
SH600531,2025-07-11,0.225,
SH600531,2026-07-09,0.215,
SH600535,2025-03-26,0.2,
SH600535,2025-10-17,0.21000000000000002,
SH600535,2026-05-29,0.1,
SH600546,2025-06-04,0.6900000000000001,
SH600546,2026-07-16,0.355,
SH600547,2025-07-24,0.148,
SH600547,2025-10-23,0.17467,
SH600547,2026-07-09,0.18,
SH600547,2026-08-21,0.1,
SH600548,2025-07-15,0.244,
SH600548,2026-07-14,0.244,
SH600549,2025-06-27,0.42000000000000004,
SH600549,2025-09-26,0.184,
SH600549,2026-06-11,0.4,
SH600551,2025-06-04,0.3,
SH600551,2025-11-06,0.1,
SH600551,2026-06-29,0.2,
SH600552,2025-06-13,0.05,
SH600552,2026-06-15,0.05,
SH600556,2025-07-03,0.0086,
SH600556,2026-07-03,0.0052,
SH600558,2025-08-08,0.1,
SH600558,2025-09-30,0.05,
SH600558,2026-08-06,0.12,
SH600559,2025-06-20,0.55,
SH600559,2026-06-26,0.2,
SH600560,2025-08-22,0.071,
SH600560,2026-07-17,0.0712,
SH600562,2025-07-04,0.157,
SH600562,2025-12-19,0.097,
SH600562,2026-07-09,0.152,
SH600563,2025-06-13,2.0,
SH600563,2026-06-12,2.3,
SH600566,2025-06-30,2.09,
SH600566,2026-06-30,1.7399999999999998,
SH600570,2025-06-06,0.1,
SH600570,2026-06-09,0.2,
SH600571,2025-07-24,0.047,
SH600571,2026-07-24,0.043,
SH600572,2025-06-25,0.15,
SH600572,2026-06-24,0.15,
SH600573,2025-07-25,0.08,
SH600573,2026-06-26,0.1,
SH600575,2026-06-09,0.19,
SH600577,2025-05-14,0.05,
SH600577,2025-10-13,0.03,
SH600577,2026-05-11,0.06,
SH600578,2025-07-09,0.12,
SH600578,2026-07-17,0.16999999999999998,
SH600580,2025-06-27,0.15,
SH600580,2026-04-30,0.18,
SH600582,2025-05-30,0.317,
SH600582,2026-06-12,0.3,
SH600583,2025-05-08,0.20099999999999998,
SH600583,2026-07-21,0.196,
SH600584,2025-06-20,0.12,
SH600584,2025-09-26,0.03,
SH600584,2026-06-23,0.1,
SH600585,2025-06-27,0.71,
SH600585,2025-09-30,0.24,
SH600585,2026-07-02,0.61,
SH600586,2025-06-18,0.015,
SH600587,2025-07-07,0.25,
SH600587,2025-10-24,0.25,
SH600587,2026-07-01,0.1,
SH600590,2026-06-25,0.023,
SH600592,2025-01-22,0.06,
SH600592,2025-06-20,0.04,
SH600592,2025-09-26,0.045,
SH600592,2026-06-18,0.08499999999999999,
SH600595,2026-05-28,0.175,
SH600596,2025-06-11,0.1,
SH600596,2026-06-11,0.1,
SH600597,2025-07-31,0.16,
SH600598,2025-05-23,0.55,
SH600598,2026-05-26,0.55,
SH600600,2025-06-27,2.2,
SH600600,2026-07-16,2.35,
SH600602,2025-07-25,0.045,
SH600602,2026-07-28,0.043,
SH600604,2025-07-01,0.01,
SH600605,2025-04-16,0.13999999999999999,
SH600605,2026-04-30,0.04,
SH600609,2026-05-28,0.023,
SH600611,2025-07-08,0.03,
SH600611,2025-09-25,0.02,
SH600611,2026-07-13,0.02,
SH600612,2025-07-15,1.72,
SH600612,2025-09-26,0.32999999999999996,
SH600612,2026-07-15,1.3199999999999998,
SH600613,2025-06-05,0.15,
SH600613,2026-06-17,0.06999999999999999,
SH600615,2025-05-16,,
SH600616,2025-07-11,0.05,
SH600616,2026-07-09,0.05,
SH600618,2025-07-23,0.21000000000000002,
SH600618,2026-07-24,0.24,
SH600619,2025-06-18,0.013000000000000001,
SH600619,2026-06-23,0.028000000000000004,
SH600620,2025-07-24,0.015,
SH600620,2026-08-25,0.01,
SH600621,2025-07-25,0.078,
SH600621,2025-10-21,0.039,
SH600621,2026-07-31,0.141,
SH600623,2025-07-15,0.18,
SH600623,2026-08-07,0.11000000000000001,
SH600626,2026-07-16,0.01,
SH600628,2025-08-15,0.04,
SH600628,2026-08-14,0.04,
SH600629,2025-06-20,0.122,
SH600629,2026-06-24,0.023,
SH600630,2025-08-08,0.038,
SH600630,2026-08-11,0.0388,
SH600633,2025-06-06,0.16,
SH600633,2025-09-26,0.08,
SH600633,2026-06-12,0.16999999999999998,
SH600635,2025-08-01,0.036,
SH600635,2026-08-05,0.05,
SH600637,2025-07-16,0.18,
SH600637,2025-09-23,0.05,
SH600637,2026-07-22,0.13,
SH600637,2026-09-23,0.05,
SH600638,2025-08-05,0.037,
SH600638,2026-07-10,0.031,
SH600639,2025-08-06,0.3227,
SH600639,2026-07-17,0.4,
SH600640,2025-08-08,0.009,
SH600640,2026-08-03,0.018,
SH600641,2025-07-11,0.04325,
SH600642,2025-07-11,0.45,
SH600642,2026-07-14,0.45999999999999996,
SH600644,2026-06-26,0.015,
SH600648,2025-06-12,0.35,
SH600648,2026-07-13,0.35,
SH600649,2025-07-23,0.04,
SH600649,2026-07-08,0.04,
SH600650,2025-08-06,0.11000000000000001,
SH600650,2026-07-24,0.11000000000000001,
SH600655,2025-06-18,0.19,
SH600660,2025-05-09,1.8,
SH600660,2025-10-13,0.9,
SH600660,2026-05-13,1.2,
SH600662,2025-08-15,0.24,
SH600662,2026-08-14,0.15,
SH600663,2025-06-18,0.08696000000000001,
SH600663,2025-12-10,0.0633,
SH600663,2026-06-16,0.06,
SH600667,2025-06-20,0.095,
SH600667,2026-06-30,0.065,
SH600668,2025-07-15,0.1,
SH600668,2026-07-09,0.1,
SH600674,2025-07-18,0.4,
SH600674,2026-07-31,0.5,
SH600675,2026-08-04,0.0059,
SH600679,2026-07-17,0.063,
SH600681,2025-05-27,0.145,
SH600681,2025-09-12,0.09,
SH600681,2026-06-04,0.06,
SH600682,2025-07-16,0.016,
SH600685,2025-07-18,0.06999999999999999,
SH600685,2025-10-23,0.08,
SH600685,2026-07-16,0.135,
SH600686,2025-03-06,0.02,
SH600686,2025-06-12,0.06,
SH600686,2025-10-22,0.03,
SH600686,2026-07-15,0.2,
SH600688,2025-07-24,0.02,
SH600689,2025-07-15,0.015,
SH600689,2026-06-30,0.018,
SH600690,2025-07-25,0.9650399999999999,
SH600690,2025-11-07,0.2692,
SH600690,2026-08-21,0.89151,
SH600693,2025-07-04,0.03,
SH600693,2025-09-25,0.05,
SH600693,2026-07-17,0.04,
SH600694,2025-06-10,1.0,
SH600694,2026-05-29,1.0,
SH600697,2025-07-08,0.1,
SH600697,2026-07-08,0.1,
SH600699,2025-05-28,0.26,
SH600699,2026-06-02,0.18,
SH600702,2025-05-23,0.43,
SH600702,2026-05-27,0.31,
SH600703,2025-07-01,0.02,
SH600704,2025-07-17,0.21000000000000002,
SH600704,2026-01-30,0.1,
SH600704,2026-07-10,0.12,
SH600707,2026-06-25,0.06999999999999999,
SH600710,2025-06-11,0.369,
SH600710,2026-06-18,0.41500000000000004,
SH600711,2025-04-28,0.1,
SH600711,2025-12-04,0.05,
SH600711,2026-05-26,0.05,
SH600713,2025-06-30,0.16999999999999998,
SH600713,2026-06-30,0.16999999999999998,
SH600713,2026-09-17,0.09,
SH600714,2025-07-04,0.025,
SH600714,2025-10-24,0.045,
SH600717,2025-06-19,0.10400000000000001,
SH600717,2026-06-18,0.10200000000000001,
SH600718,2025-07-03,0.15,
SH600720,2025-08-18,0.229,
SH600720,2026-07-21,0.1268,
SH600721,2026-05-08,0.04,
SH600724,2025-06-25,0.13999999999999999,
SH600724,2026-02-13,0.06999999999999999,
SH600724,2026-06-12,0.05,
SH600727,2025-01-09,0.05,
SH600727,2025-06-19,0.05,
SH600727,2026-06-25,0.05,
SH600728,2026-06-30,0.00818,
SH600729,2025-07-03,1.36216,
SH600729,2026-01-16,0.15889999999999999,
SH600729,2026-08-13,0.791,
SH600730,2025-05-21,0.01,
SH600731,2025-07-04,0.2,
SH600736,2025-07-11,0.018,
SH600736,2026-07-10,0.018,
SH600737,2025-08-13,0.41,
SH600737,2026-08-03,0.33999999999999997,
SH600738,2025-06-27,0.015,
SH600738,2026-06-12,0.1,
SH600738,2026-09-16,0.01,
SH600739,2025-07-30,0.02,
SH600739,2026-08-13,0.15,
SH600740,2025-06-19,0.02,
SH600740,2026-06-17,0.025,
SH600741,2025-07-25,0.8,
SH600741,2026-07-28,1.0,
SH600742,2025-01-17,0.1,
SH600742,2025-06-27,0.25,
SH600742,2025-10-14,0.27999999999999997,
SH600742,2026-01-23,0.13999999999999999,
SH600742,2026-05-29,0.1,
SH600746,2025-07-16,0.05,
SH600746,2026-08-19,0.04,
SH600750,2025-06-20,0.7,
SH600750,2025-10-13,0.5,
SH600750,2026-06-22,0.8800000000000001,
SH600750,2026-09-11,0.5,
SH600751,2026-06-22,0.018,
SH600754,2025-08-01,0.38,
SH600754,2026-05-21,0.51,
SH600755,2025-01-24,0.16,
SH600755,2025-06-27,0.16999999999999998,
SH600755,2026-02-04,0.1,
SH600755,2026-06-18,0.12,
SH600757,2025-06-13,0.41,
SH600757,2026-06-17,0.41,
SH600758,2025-08-07,0.032,
SH600760,2025-01-20,0.13999999999999999,
SH600760,2025-05-21,0.26,
SH600760,2026-02-11,0.13999999999999999,
SH600760,2026-05-27,0.265,
SH600761,2025-05-28,0.6,
SH600761,2025-10-28,0.1,
SH600761,2026-06-02,0.5,
SH600763,2025-06-18,0.45,
SH600764,2025-08-08,0.059,
SH600764,2026-01-15,0.06999999999999999,
SH600765,2025-06-17,0.12179999999999999,
SH600765,2026-05-22,0.00843,
SH600768,2025-01-09,0.1,
SH600768,2025-08-11,0.05,
SH600768,2026-07-31,0.05,
SH600773,2025-07-02,0.01,
SH600775,2026-06-18,0.01,
SH600776,2025-08-04,0.061,
SH600776,2026-07-30,0.05500000000000001,
SH600779,2025-08-12,0.97,
SH600779,2026-08-13,0.255,
SH600780,2026-07-27,0.18,
SH600782,2025-07-18,0.01,
SH600782,2026-06-05,0.135,
SH600783,2025-07-10,0.06999999999999999,
SH600783,2026-06-26,0.065,
SH600784,2025-07-03,0.066,
SH600784,2026-07-03,0.05,
SH600785,2025-06-20,0.25,
SH600785,2025-11-21,0.1,
SH600785,2026-06-25,0.1,
SH600787,2025-06-05,0.06999999999999999,
SH600787,2026-06-24,0.11299999999999999,
SH600789,2025-06-27,0.11200000000000002,
SH600789,2026-07-15,0.05,
SH600790,2025-06-19,0.12,
SH600790,2026-07-07,0.12,
SH600794,2025-05-16,0.03,
SH600794,2026-06-03,0.02,
SH600795,2025-07-10,0.11000000000000001,
SH600795,2025-10-29,0.1,
SH600795,2026-07-13,0.141,
SH600796,2025-07-04,0.031,
SH600796,2026-07-09,0.031,
SH600797,2026-07-10,0.03,
SH600798,2025-07-10,0.02,
SH600798,2026-07-09,0.02,
SH600801,2025-06-20,0.45999999999999996,
SH600801,2025-12-04,0.33999999999999997,
SH600801,2026-06-16,0.21000000000000002,
SH600803,2025-07-22,0.8099999999999999,
SH600803,2025-10-16,0.18,
SH600803,2026-07-09,0.96,
SH600805,2025-06-06,0.05,
SH600805,2025-11-13,0.03,
SH600805,2026-07-16,0.02,
SH600805,2026-09-10,0.03,
SH600809,2025-01-24,2.46,
SH600809,2025-07-07,3.6,
SH600809,2026-07-31,6.56,
SH600810,2025-07-17,0.05,
SH600812,2025-07-25,0.03,
SH600812,2026-06-11,0.034999999999999996,
SH600814,2025-07-04,0.137,
SH600814,2025-11-14,0.040999999999999995,
SH600814,2026-07-16,0.08399999999999999,
SH600817,2025-08-19,0.27999999999999997,
SH600817,2025-10-17,0.1,
SH600817,2026-06-15,0.4,
SH600817,2026-08-28,0.1,
SH600818,2025-07-29,0.01,
SH600819,2025-07-01,0.007000000000000001,
SH600819,2025-09-30,0.028000000000000004,
SH600819,2026-07-07,0.015,
SH600820,2025-08-15,0.22000000000000003,
SH600820,2025-10-24,0.08,
SH600820,2026-07-31,0.12,
SH600820,2026-09-18,0.05,
SH600821,2025-07-08,0.1,
SH600821,2025-11-14,0.1,
SH600824,2025-08-15,0.018,
SH600824,2026-08-14,0.034999999999999996,
SH600826,2025-06-24,0.22000000000000003,
SH600826,2025-10-14,0.06,
SH600826,2026-06-18,0.24,
SH600826,2026-09-15,0.02,
SH600827,2025-08-07,0.265,
SH600827,2026-07-09,0.15,
SH600830,2025-05-29,0.015,
SH600830,2026-05-22,0.018,
SH600833,2025-08-19,0.22000000000000003,
SH600833,2026-06-26,0.078,
SH600834,2025-05-22,0.019,
SH600834,2026-01-12,0.018,
SH600834,2026-07-08,0.022,
SH600835,2025-06-11,0.22000000000000003,
SH600835,2025-09-30,0.2,
SH600835,2026-07-02,0.16,
SH600838,2025-08-08,0.032,
SH600838,2026-08-11,0.034,
SH600839,2025-07-18,0.05,
SH600839,2026-08-07,0.06,
SH600845,2025-06-06,0.6,
SH600845,2026-05-15,0.22999999999999998,
SH600846,2025-08-15,0.2,
SH600846,2026-08-20,0.132,
SH600848,2025-07-30,0.2,
SH600848,2026-07-08,0.2,
SH600850,2025-06-26,0.35,
SH600850,2025-10-31,0.06,
SH600850,2026-06-26,0.16,
SH600851,2025-07-29,0.04,
SH600851,2026-07-24,0.05,
SH600853,2025-07-03,0.04,
SH600853,2026-07-21,0.039,
SH600854,2025-06-10,0.12,
SH600854,2026-06-10,0.12,
SH600857,2026-06-01,0.045,
SH600858,2025-05-19,0.023,
SH600858,2025-10-15,0.015,
SH600858,2026-05-19,0.02,
SH600859,2025-07-10,0.08,
SH600861,2025-06-27,0.6990000000000001,
SH600861,2026-06-17,1.0333,
SH600862,2025-06-27,0.24900000000000003,
SH600862,2026-06-17,0.223,
SH600863,2025-07-28,0.22000000000000003,
SH600863,2026-07-28,0.22000000000000003,
SH600864,2025-07-09,0.05,
SH600864,2026-07-28,0.051000000000000004,
SH600865,2025-06-06,0.18,
SH600866,2025-06-23,0.38,
SH600866,2026-07-23,0.38,
SH600867,2025-06-25,0.25,
SH600867,2026-06-05,0.3,
SH600869,2026-07-10,0.01,
SH600872,2025-07-07,0.42000000000000004,
SH600872,2026-07-10,0.45,
SH600873,2025-05-23,0.42596999999999996,
SH600873,2026-07-22,0.4285,
SH600874,2025-07-11,0.16999999999999998,
SH600874,2026-07-13,0.209,
SH600875,2025-08-22,0.403,
SH600875,2026-07-24,0.53,
SH600879,2025-06-13,0.05,
SH600879,2026-07-10,0.020999999999999998,
SH600880,2025-06-27,0.01,
SH600883,2025-06-30,0.06,
SH600883,2026-06-26,0.034999999999999996,
SH600885,2025-06-19,0.515,
SH600885,2026-05-14,0.34700000000000003,
SH600886,2025-08-08,0.4565,
SH600886,2026-08-07,0.5081,
SH600887,2025-06-06,1.22,
SH600887,2025-12-17,0.48,
SH600887,2026-06-05,0.9,
SH600888,2025-06-12,0.27,
SH600888,2026-06-12,0.13,
SH600893,2025-06-27,0.097,
SH600893,2026-06-24,0.072,
SH600894,2025-07-11,0.6,
SH600894,2025-11-07,0.1,
SH600894,2026-06-26,0.4,
SH600895,2025-08-08,0.148,
SH600895,2025-10-17,0.072,
SH600895,2026-07-15,0.128,
SH600897,2025-07-18,0.32,
SH600897,2026-07-17,0.38,
SH600900,2025-01-24,0.21000000000000002,
SH600900,2025-07-18,0.733,
SH600900,2026-02-12,0.21000000000000002,
SH600900,2026-07-17,0.79,
SH600901,2025-06-13,0.27,
SH600901,2025-12-12,0.13,
SH600901,2026-06-15,0.16999999999999998,
SH600903,2025-01-13,0.015,
SH600903,2025-06-16,0.021060000000000002,
SH600903,2025-09-17,0.014230000000000001,
SH600903,2026-06-15,0.014280000000000001,
SH600905,2025-08-19,0.067,
SH600905,2026-07-22,0.040999999999999995,
SH600906,2025-08-15,0.1,
SH600906,2025-10-24,0.03,
SH600906,2026-07-31,0.08,
SH600908,2025-07-04,0.22000000000000003,
SH600908,2025-11-25,0.11000000000000001,
SH600908,2026-07-07,0.13,
SH600909,2025-06-30,0.1,
SH600909,2025-11-06,0.04,
SH600909,2026-07-14,0.12,
SH600916,2025-06-10,0.35,
SH600916,2026-06-25,0.148,
SH600916,2026-09-16,0.092,
SH600917,2025-07-07,0.071,
SH600917,2025-10-17,0.011,
SH600917,2026-06-26,0.043,
SH600918,2025-06-12,0.025,
SH600918,2026-07-13,0.05,
SH600919,2025-01-10,0.30619999999999997,
SH600919,2025-07-10,0.2144,
SH600919,2026-01-14,0.3309,
SH600919,2026-07-10,0.2332,
SH600925,2025-07-01,0.122,
SH600925,2026-06-30,0.02,
SH600926,2025-07-21,0.27999999999999997,
SH600926,2025-11-18,0.38,
SH600926,2026-06-15,0.27999999999999997,
SH600927,2025-06-19,0.06999999999999999,
SH600927,2025-12-04,0.02,
SH600927,2026-06-29,0.12,
SH600928,2025-07-11,0.1,
SH600928,2026-07-10,0.1,
SH600929,2025-05-28,0.087,
SH600929,2026-06-11,0.015,
SH600930,2026-07-03,0.03,
SH600933,2025-06-25,0.3,
SH600933,2026-06-16,0.4,
SH600938,2025-07-11,0.60506,
SH600938,2025-10-17,0.66612,
SH600938,2026-07-10,0.47881,
SH600941,2025-06-06,2.2916,
SH600941,2025-09-01,2.5025,
SH600941,2026-06-05,2.2012,
SH600955,2025-06-03,0.03,
SH600955,2026-06-05,0.05,
SH600956,2025-08-18,0.21000000000000002,
SH600956,2026-08-20,0.2,
SH600958,2025-06-27,0.1,
SH600958,2025-10-28,0.12,
SH600958,2026-07-20,0.2,
SH600959,2025-08-01,0.022,
SH600959,2026-08-21,0.016,
SH600963,2025-05-27,0.03014,
SH600965,2025-04-25,0.038,
SH600966,2025-07-10,0.02844,
SH600966,2026-07-09,0.02327,
SH600967,2025-07-11,0.06999999999999999,
SH600967,2026-07-09,0.099,
SH600968,2025-06-26,0.135,
SH600968,2026-06-25,0.147,
SH600969,2026-06-09,0.126,
SH600970,2025-06-12,0.45,
SH600970,2026-06-11,0.48,
SH600971,2025-05-23,0.27,
SH600971,2026-05-29,0.25,
SH600976,2025-04-30,0.9,
SH600976,2026-04-28,0.9,
SH600977,2025-01-24,0.034999999999999996,
SH600977,2025-07-07,0.011,
SH600977,2026-07-16,0.032,
SH600979,2025-06-20,0.056999999999999995,
SH600980,2025-05-29,0.1,
SH600980,2025-09-18,0.045,
SH600980,2026-06-18,0.13999999999999999,
SH600981,2025-07-11,0.01,
SH600981,2026-07-15,0.01,
SH600982,2025-05-27,0.15,
SH600982,2026-05-26,0.16999999999999998,
SH600983,2025-06-27,0.29,
SH600983,2026-06-18,0.67,
SH600985,2025-06-13,0.75,
SH600985,2026-06-10,0.25,
SH600987,2025-05-23,0.3,
SH600987,2025-09-25,0.1,
SH600987,2026-05-22,0.25,
SH600988,2025-06-27,0.16,
SH600988,2026-05-27,0.32,
SH600989,2025-05-13,0.4099932,
SH600989,2025-09-08,0.27999999999999997,
SH600989,2026-04-28,0.42000000000000004,
SH600989,2026-09-01,0.42000000000000004,
SH600993,2025-08-08,0.62,
SH600993,2026-08-05,0.7,
SH600995,2025-05-22,0.06655,
SH600995,2025-09-25,0.052000000000000005,
SH600995,2026-05-28,0.11707000000000001,
SH600997,2025-05-15,0.26,
SH600997,2026-05-21,0.02,
SH600998,2025-06-17,0.2,
SH600998,2026-06-08,0.2,
SH600999,2025-07-16,0.377,
SH600999,2025-09-18,0.119,
SH600999,2026-07-16,0.449,
SH600999,2026-09-15,0.16699999999999998,
SH601000,2025-05-30,0.2,
SH601000,2026-05-27,0.2,
SH601001,2025-07-31,0.755,
SH601001,2026-07-22,0.5469999999999999,
SH601002,2025-06-05,0.1,
SH601002,2026-05-12,0.08,
SH601003,2026-06-05,0.1,
SH601006,2025-07-11,0.13999999999999999,
SH601006,2025-10-24,0.08,
SH601006,2026-07-10,0.14169,
SH601007,2025-07-08,0.06999999999999999,
SH601007,2026-07-03,0.135,
SH601008,2025-05-09,0.06,
SH601008,2026-05-11,0.06,
SH601008,2026-09-17,0.03,
SH601009,2025-06-23,0.19931000000000001,
SH601009,2025-11-20,0.30619999999999997,
SH601009,2026-06-15,0.22294999999999998,
SH601010,2025-06-10,0.08499999999999999,
SH601010,2025-09-12,0.02,
SH601016,2025-06-18,0.074,
SH601016,2025-10-23,0.03518,
SH601016,2026-06-12,0.00295,
SH601016,2026-09-11,0.011,
SH601018,2025-05-16,0.10800000000000001,
SH601018,2025-10-24,0.03,
SH601018,2026-05-25,0.09,
SH601018,2026-09-17,0.031,
SH601019,2025-05-22,0.31,
SH601019,2025-10-13,0.06,
SH601019,2026-06-26,0.22999999999999998,
SH601020,2025-06-05,0.04,
SH601020,2026-07-10,0.079,
SH601021,2025-07-17,0.82,
SH601021,2025-10-17,0.43,
SH601021,2026-08-03,0.53,
SH601022,2025-06-20,0.127,
SH601022,2025-09-26,0.087,
SH601022,2026-06-16,0.063,
SH601022,2026-09-23,0.071,
SH601026,2025-12-05,0.15,
SH601026,2026-06-18,0.22999999999999998,
SH601033,2025-05-08,0.6,
SH601033,2026-05-11,0.63,
SH601038,2025-06-25,0.2995,
SH601038,2025-09-16,0.06844,
SH601038,2026-06-17,0.19746,
SH601038,2026-09-16,0.06962,
SH601058,2025-06-11,0.22999999999999998,
SH601058,2025-09-10,0.15,
SH601058,2026-06-05,0.18,
SH601058,2026-09-11,0.15,
SH601061,2025-06-25,0.16799999999999998,
SH601061,2026-01-30,0.119,
SH601061,2026-07-16,0.101,
SH601065,2025-06-23,0.22000000000000003,
SH601065,2026-07-07,0.12,
SH601066,2025-08-21,0.16499999999999998,
SH601066,2026-01-08,0.16499999999999998,
SH601066,2026-08-20,0.175,
SH601069,2025-05-27,0.05,
SH601069,2026-06-17,0.156,
SH601077,2025-01-23,0.1944,
SH601077,2025-06-27,0.1102,
SH601077,2026-01-23,0.20335999999999999,
SH601077,2026-06-16,0.11755,
SH601083,2025-06-17,0.288,
SH601083,2025-11-18,0.2,
SH601083,2026-06-25,0.612,
SH601086,2025-06-12,0.08,
SH601086,2026-06-10,0.1,
SH601088,2025-07-07,2.2600000000000002,
SH601088,2025-11-10,0.9800000000000001,
SH601088,2026-07-13,1.03,
SH601089,2025-06-06,0.5,
SH601089,2026-06-02,0.5,
SH601096,2025-06-06,0.0162,
SH601096,2025-09-24,0.023799999999999998,
SH601096,2026-06-09,0.0222,
SH601096,2026-09-18,0.0228,
SH601098,2025-06-30,0.45,
SH601098,2025-10-20,0.1,
SH601098,2026-07-10,0.45,
SH601100,2025-06-27,0.7,
SH601100,2025-11-14,0.3,
SH601100,2026-07-10,0.5599999999999999,
SH601101,2025-07-11,0.458,
SH601101,2026-06-11,0.25,
SH601107,2025-06-13,0.29,
SH601107,2026-06-15,0.29700000000000004,
SH601108,2025-07-25,0.11000000000000001,
SH601108,2025-12-24,0.06,
SH601108,2026-07-06,0.05,
SH601112,2026-06-17,0.172,
SH601116,2025-06-10,0.2,
SH601116,2026-06-09,0.1,
SH601117,2025-08-22,0.186,
SH601117,2026-01-30,0.1,
SH601117,2026-08-11,0.11100000000000002,
SH601118,2025-07-15,0.0109,
SH601121,2025-06-09,0.0375,
SH601121,2026-06-15,0.0717,
SH601126,2025-05-22,0.72,
SH601126,2026-05-27,0.72,
SH601127,2025-05-13,0.97,
SH601127,2025-10-30,0.31,
SH601127,2026-06-03,0.8,
SH601128,2025-06-05,0.25,
SH601128,2025-09-08,0.15,
SH601128,2026-06-09,0.12,
SH601133,2025-06-06,0.16,
SH601133,2025-09-10,0.05,
SH601133,2026-07-06,0.06999999999999999,
SH601133,2026-09-21,0.05,
SH601136,2025-08-22,0.095,
SH601136,2025-12-19,0.1,
SH601136,2026-07-24,0.068,
SH601137,2025-06-03,0.5009699999999999,
SH601137,2026-06-02,0.040999999999999995,
SH601138,2025-07-31,0.64,
SH601138,2026-01-16,0.32999999999999996,
SH601138,2026-08-03,0.65,
SH601139,2025-06-19,0.16,
SH601139,2026-06-18,0.16,
SH601156,2025-06-20,0.288,
SH601156,2026-07-16,0.6769999999999999,
SH601158,2025-05-30,0.131,
SH601158,2025-11-05,0.026000000000000002,
SH601158,2026-06-12,0.101,
SH601163,2025-07-24,0.53,
SH601163,2026-07-10,0.4,
SH601166,2025-06-20,1.06,
SH601166,2026-02-06,0.5650000000000001,
SH601166,2026-06-12,0.501,
SH601168,2025-06-20,1.0,
SH601168,2026-02-11,0.04,
SH601168,2026-06-10,0.06,
SH601169,2025-01-20,0.12,
SH601169,2025-07-10,0.2,
SH601169,2026-07-10,0.27799999999999997,
SH601177,2025-07-10,0.06,
SH601177,2026-06-30,0.06999999999999999,
SH601179,2025-01-23,0.026000000000000002,
SH601179,2025-07-11,0.022,
SH601179,2025-09-23,0.047,
SH601179,2026-06-25,0.054000000000000006,
SH601186,2025-07-22,0.3,
SH601186,2026-07-28,0.3,
SH601187,2025-06-26,0.16,
SH601187,2025-12-05,0.13999999999999999,
SH601187,2026-06-26,0.11000000000000001,
SH601188,2025-07-24,0.071,
SH601188,2026-07-17,0.052000000000000005,
SH601199,2025-06-23,0.11000000000000001,
SH601199,2025-10-22,0.03,
SH601199,2026-06-24,0.09,
SH601200,2025-06-13,0.1,
SH601200,2026-07-30,0.135,
SH601208,2025-06-17,0.1,
SH601208,2026-01-08,0.1,
SH601208,2026-07-28,0.05,
SH601211,2025-07-28,0.27999999999999997,
SH601211,2025-10-28,0.15,
SH601211,2026-06-26,0.35,
SH601212,2025-07-24,0.004,
SH601216,2025-06-06,0.15,
SH601216,2026-07-08,0.38,
SH601218,2025-09-30,0.01,
SH601218,2026-05-08,0.034999999999999996,
SH601222,2025-01-22,0.268,
SH601222,2025-12-12,0.088,
SH601225,2025-01-17,0.10300000000000001,
SH601225,2025-06-25,1.136,
SH601225,2025-09-26,0.039,
SH601225,2026-06-26,0.909,
SH601226,2025-07-07,0.03403,
SH601226,2026-06-29,0.048,
SH601228,2025-08-08,0.039,
SH601228,2026-07-16,0.033,
SH601229,2025-06-12,0.22000000000000003,
SH601229,2025-10-16,0.3,
SH601229,2026-06-08,0.22000000000000003,
SH601231,2025-06-06,0.22999999999999998,
SH601231,2026-06-15,0.43,
SH601233,2025-07-10,0.1,
SH601233,2026-07-09,0.12,
SH601236,2025-05-12,0.10300000000000001,
SH601236,2025-10-16,0.05,
SH601236,2026-05-28,0.16,
SH601236,2026-09-17,0.05,
SH601279,2025-06-17,0.01,
SH601288,2025-01-08,0.11639999999999999,
SH601288,2025-07-17,0.1255,
SH601288,2025-12-15,0.11950000000000001,
SH601288,2026-05-13,0.13,
SH601298,2025-08-25,0.20070000000000002,
SH601298,2025-12-24,0.1466,
SH601298,2026-08-10,0.1988,
SH601311,2025-07-04,0.29,
SH601311,2026-07-06,0.36,
SH601318,2025-06-30,1.6199999999999999,
SH601318,2025-10-24,0.95,
SH601318,2026-06-10,1.75,
SH601318,2026-09-10,0.9800000000000001,
SH601319,2025-01-10,0.063,
SH601319,2025-08-08,0.11699999999999999,
SH601319,2025-12-12,0.075,
SH601319,2026-07-31,0.145,
SH601326,2025-07-18,0.08499999999999999,
SH601326,2026-07-22,0.11499999999999999,
SH601328,2025-01-24,0.182,
SH601328,2025-04-18,0.197,
SH601328,2025-12-25,0.1563,
SH601328,2026-07-10,0.1684,
SH601330,2025-07-30,0.2,
SH601330,2025-11-11,0.1,
SH601330,2026-07-08,0.22000000000000003,
SH601333,2025-08-15,0.06999999999999999,
SH601333,2026-06-26,0.09,
SH601336,2025-08-08,1.9899999999999998,
SH601336,2025-12-12,0.67,
SH601336,2026-08-07,2.06,
SH601339,2025-05-30,0.26,
SH601339,2025-08-28,0.15,
SH601339,2026-06-18,0.25,
SH601339,2026-08-27,0.18,
SH601360,2025-05-30,0.1,
SH601360,2025-09-30,0.1,
SH601360,2026-06-05,0.1,
SH601360,2026-09-22,0.05,
SH601366,2025-06-19,0.02,
SH601366,2026-07-09,0.1,
SH601368,2025-06-06,0.03,
SH601368,2026-06-05,0.034999999999999996,
SH601369,2025-07-11,0.27,
SH601369,2025-09-19,0.16,
SH601369,2026-06-03,0.15,
SH601375,2025-08-14,0.017,
SH601375,2025-10-24,0.008,
SH601375,2026-08-14,0.022,
SH601377,2025-08-14,0.1,
SH601377,2025-12-18,0.05,
SH601377,2026-07-31,0.1,
SH601388,2026-05-28,0.025,
SH601390,2025-07-18,0.178,
SH601390,2025-12-23,0.08199999999999999,
SH601390,2026-07-31,0.086,
SH601390,2026-10-08,0.06373999999999999,
SH601398,2025-01-07,0.1434,
SH601398,2025-07-14,0.1646,
SH601398,2025-12-15,0.1414,
SH601398,2026-05-13,0.1689,
SH601456,2025-08-05,0.05600000000000001,
SH601456,2026-07-28,0.06,
SH601512,2025-07-08,0.128,
SH601512,2026-07-08,0.21200000000000002,
SH601518,2025-07-03,0.086,
SH601518,2026-07-06,0.13,
SH601528,2025-05-09,0.2,
SH601528,2026-05-12,0.21000000000000002,
SH601528,2026-09-10,0.1,
SH601555,2025-06-11,0.23700000000000002,
SH601555,2025-10-15,0.13799999999999998,
SH601555,2026-08-07,0.22000000000000003,
SH601566,2025-06-09,0.3,
SH601566,2026-06-04,0.5,
SH601567,2025-06-11,0.89,
SH601567,2025-10-20,0.485,
SH601567,2026-06-10,0.145,
SH601568,2025-07-07,0.1,
SH601568,2026-06-22,0.05,
SH601577,2025-06-13,0.42000000000000004,
SH601577,2025-09-26,0.2,
SH601577,2026-07-20,0.22999999999999998,
SH601579,2025-05-30,0.4,
SH601579,2026-06-04,0.3,
SH601595,2025-10-30,0.048,
SH601595,2026-08-26,0.053000000000000005,
SH601598,2025-07-21,0.145,
SH601598,2025-10-20,0.145,
SH601598,2026-06-29,0.155,
SH601600,2025-08-08,0.135,
SH601600,2025-10-17,0.123,
SH601600,2026-08-14,0.147,
SH601601,2025-07-18,1.08,
SH601601,2026-07-17,1.15,
SH601606,2026-07-16,0.004,
SH601607,2025-07-18,0.29,
SH601607,2026-01-05,0.12,
SH601607,2026-07-17,0.35,
SH601607,2026-09-18,0.1,
SH601608,2025-07-28,0.028599999999999997,
SH601608,2026-07-28,0.0328,
SH601609,2025-06-13,0.11000000000000001,
SH601609,2026-06-08,0.13999999999999999,
SH601611,2025-08-07,0.094,
SH601611,2025-11-20,0.01,
SH601611,2026-07-02,0.05,
SH601615,2025-07-04,0.3041,
SH601615,2026-07-08,0.185,
SH601616,2025-07-11,0.06999999999999999,
SH601618,2025-07-21,0.05600000000000001,
SH601619,2025-05-29,0.1,
SH601619,2025-12-11,0.06,
SH601619,2026-06-16,0.02,
SH601628,2025-07-10,0.45,
SH601628,2025-10-17,0.238,
SH601628,2026-07-09,0.618,
SH601633,2025-07-16,0.45,
SH601633,2026-07-13,0.35,
SH601636,2025-06-26,0.045,
SH601636,2026-06-10,0.11000000000000001,
SH601658,2025-01-08,0.1477,
SH601658,2025-04-30,0.1139,
SH601658,2026-01-12,0.123,
SH601658,2026-07-13,0.0953,
SH601665,2025-01-23,0.127,
SH601665,2025-06-12,0.13899999999999998,
SH601665,2026-02-11,0.121,
SH601665,2026-07-09,0.1282,
SH601666,2025-06-09,0.6,
SH601666,2026-06-30,0.06,
SH601668,2025-07-17,0.27149999999999996,
SH601668,2026-07-16,0.2718,
SH601669,2025-07-18,0.12695,
SH601669,2026-07-10,0.10551999999999999,
SH601677,2025-01-08,0.05,
SH601677,2025-06-25,0.119,
SH601677,2025-11-19,0.1,
SH601677,2026-06-12,0.215,
SH601678,2025-01-24,0.01,
SH601678,2025-06-17,0.03,
SH601678,2025-09-24,0.01,
SH601678,2026-06-01,0.04,
SH601686,2025-01-23,0.15,
SH601686,2025-06-13,0.15,
SH601686,2026-01-21,0.3,
SH601688,2025-08-15,0.37,
SH601688,2025-12-12,0.15,
SH601688,2026-08-21,0.4,
SH601688,2026-10-23,0.18,
SH601689,2025-06-13,0.519,
SH601689,2026-05-22,0.49000000000000005,
SH601696,2025-08-19,0.018,
SH601696,2025-11-07,0.020399999999999998,
SH601696,2026-08-19,0.0173,
SH601698,2025-06-27,0.0323,
SH601698,2026-06-25,0.0314,
SH601699,2025-06-25,0.41,
SH601699,2026-06-30,0.187,
SH601700,2025-07-09,0.02,
SH601702,2025-06-06,0.3,
SH601702,2026-06-08,0.3,
SH601717,2025-07-25,1.1199999999999999,
SH601717,2026-06-18,1.25,
SH601727,2026-07-31,0.014249999999999999,
SH601728,2025-06-11,0.0927,
SH601728,2025-09-04,0.1812,
SH601728,2026-06-10,0.0908,
SH601728,2026-09-10,0.16060000000000002,
SH601766,2025-08-14,0.21000000000000002,
SH601766,2025-11-20,0.11000000000000001,
SH601766,2026-08-13,0.12,
SH601778,2025-07-03,0.0279,
SH601778,2026-07-01,0.0283,
SH601788,2025-08-13,0.1086,
SH601788,2025-11-26,0.1095,
SH601788,2026-08-28,0.174,
SH601789,2025-07-11,0.1,
SH601789,2026-07-10,0.05,
SH601799,2025-05-28,1.3,
SH601799,2025-11-14,0.2,
SH601799,2026-05-18,1.8,
SH601800,2025-01-22,0.14005,
SH601800,2025-07-01,0.16161,
SH601800,2026-01-09,0.11779999999999999,
SH601800,2026-07-23,0.07793,
SH601801,2025-07-04,0.1,
SH601801,2026-01-09,0.1,
SH601801,2026-07-06,0.2,
SH601808,2025-06-11,0.2306,
SH601808,2026-06-11,0.28250000000000003,
SH601811,2025-06-06,0.41,
SH601811,2025-11-07,0.19,
SH601811,2026-06-12,0.42000000000000004,
SH601816,2025-07-15,0.1182,
SH601816,2025-10-27,0.0385,
SH601816,2026-08-11,0.0954,
SH601818,2025-01-22,0.10400000000000001,
SH601818,2025-07-24,0.08499999999999999,
SH601818,2026-02-05,0.10500000000000001,
SH601818,2026-07-30,0.06999999999999999,
SH601825,2025-06-27,0.193,
SH601825,2025-09-26,0.24100000000000002,
SH601825,2026-06-29,0.194,
SH601827,2025-08-11,0.24500000000000002,
SH601827,2026-06-09,0.266,
SH601838,2025-07-28,0.891,
SH601838,2026-07-13,0.921,
SH601838,2026-09-18,0.489,
SH601857,2025-06-25,0.25,
SH601857,2025-09-17,0.22000000000000003,
SH601857,2026-06-26,0.25,
SH601857,2026-09-16,0.26,
SH601858,2025-07-17,0.274,
SH601858,2026-07-17,0.3063,
SH601860,2025-01-22,0.05,
SH601860,2025-06-06,0.05,
SH601860,2026-02-05,0.05,
SH601860,2026-06-09,0.05,
SH601865,2026-06-18,0.15,
SH601866,2025-07-31,0.019,
SH601866,2025-09-26,0.022,
SH601866,2026-07-31,0.015,
SH601868,2025-01-20,0.0125,
SH601868,2025-08-15,0.0262,
SH601868,2026-08-24,0.0312,
SH601869,2025-08-26,0.268,
SH601869,2026-08-21,0.29500000000000004,
SH601872,2025-06-19,0.156,
SH601872,2025-10-24,0.06999999999999999,
SH601872,2026-07-10,0.25,
SH601877,2025-06-12,0.6,
SH601877,2026-06-05,0.6,
SH601878,2025-01-21,0.05,
SH601878,2025-08-19,0.1,
SH601878,2026-02-04,0.06999999999999999,
SH601878,2026-07-30,0.1,
SH601880,2025-07-22,0.023899999999999998,
SH601880,2026-07-15,0.028599999999999997,
SH601881,2025-07-14,0.196,
SH601881,2025-11-17,0.125,
SH601881,2026-07-14,0.225,
SH601882,2025-04-30,0.36,
SH601882,2026-04-30,0.3,
SH601886,2025-04-28,0.4,
SH601886,2025-10-13,0.15,
SH601886,2026-04-30,0.35,
SH601886,2026-09-21,0.25,
SH601888,2025-06-20,1.05,
SH601888,2025-12-16,0.25,
SH601888,2026-07-14,0.45,
SH601890,2025-06-20,0.1,
SH601890,2025-09-12,0.04,
SH601890,2026-06-22,0.06,
SH601890,2026-09-23,0.05,
SH601898,2025-08-27,0.258,
SH601898,2025-10-22,0.16599999999999998,
SH601898,2026-08-26,0.217,
SH601899,2025-06-13,0.27999999999999997,
SH601899,2025-09-30,0.22000000000000003,
SH601899,2026-06-26,0.38,
SH601899,2026-08-21,0.42000000000000004,
SH601900,2025-07-28,0.55,
SH601900,2026-07-22,0.5599999999999999,
SH601901,2025-07-25,0.0593,
SH601901,2025-10-24,0.061,
SH601901,2026-02-06,0.01,
SH601901,2026-08-20,0.074,
SH601916,2025-06-27,0.156,
SH601916,2026-06-26,0.131,
SH601918,2025-08-22,0.16,
SH601918,2026-08-07,0.12,
SH601919,2025-06-25,1.03,
SH601919,2025-10-24,0.5599999999999999,
SH601919,2026-06-26,0.44000000000000006,
SH601921,2025-06-20,0.3,
SH601921,2025-09-08,0.1,
SH601921,2026-06-24,0.22000000000000003,
SH601921,2026-09-07,0.1,
SH601928,2025-07-09,0.5,
SH601928,2025-10-24,0.1,
SH601928,2026-08-21,0.4,
SH601939,2025-01-10,0.197,
SH601939,2025-05-09,0.20600000000000002,
SH601939,2025-12-11,0.18580000000000002,
SH601939,2026-07-13,0.2029,
SH601949,2025-07-14,0.10200000000000001,
SH601949,2026-07-23,0.10200000000000001,
SH601952,2025-06-27,0.21000000000000002,
SH601952,2025-10-17,0.06,
SH601952,2026-06-29,0.15,
SH601956,2025-06-03,0.1,
SH601956,2026-06-30,0.1,
SH601958,2025-08-08,0.4,
SH601958,2026-08-06,0.4,
SH601963,2025-01-24,0.16599999999999998,
SH601963,2025-06-10,0.248,
SH601963,2026-01-07,0.1684,
SH601963,2026-07-07,0.2797,
SH601965,2025-01-20,0.1,
SH601965,2025-07-09,0.24,
SH601965,2025-12-17,0.1,
SH601965,2026-07-08,0.24,
SH601966,2025-07-10,0.06999999999999999,
SH601966,2025-12-19,0.065,
SH601968,2025-06-12,0.032,
SH601968,2025-12-12,0.045,
SH601968,2026-06-11,0.03,
SH601968,2026-09-23,0.06,
SH601969,2025-05-20,0.08,
SH601969,2025-09-24,0.03,
SH601969,2026-05-11,0.08,
SH601975,2026-05-27,0.027000000000000003,
SH601985,2025-07-18,0.16,
SH601985,2026-01-13,0.02,
SH601985,2026-07-17,0.16,
SH601988,2025-01-23,0.12079999999999999,
SH601988,2025-04-25,0.1216,
SH601988,2025-12-11,0.10940000000000001,
SH601988,2026-07-10,0.1169,
SH601990,2025-08-06,0.08,
SH601990,2025-09-19,0.05,
SH601990,2026-07-31,0.08,
SH601991,2025-08-22,0.0621,
SH601991,2025-12-12,0.05500000000000001,
SH601991,2026-08-26,0.093,
SH601992,2025-07-09,0.05,
SH601992,2026-07-22,0.05,
SH601997,2025-06-06,0.29,
SH601997,2026-06-10,0.3,
SH601998,2025-07-10,0.1722,
SH601998,2025-11-21,0.188,
SH601998,2026-06-10,0.193,
SH601999,2025-08-21,0.06,
SH601999,2026-08-20,0.06,
SH603000,2025-07-18,0.132,
SH603000,2026-07-17,0.133,
SH603001,2025-05-26,0.15,
SH603002,2025-06-13,0.02,
SH603002,2026-06-12,0.015,
SH603004,2025-06-17,0.21000000000000002,
SH603004,2026-06-01,0.2,
SH603005,2025-07-04,0.08399999999999999,
SH603005,2026-05-18,0.12,
SH603006,2025-06-06,0.38,
SH603006,2025-09-30,0.38,
SH603006,2026-06-02,0.32,
SH603008,2025-06-18,0.52,
SH603008,2025-11-26,0.27999999999999997,
SH603009,2025-05-12,0.08499999999999999,
SH603009,2026-05-29,0.13899999999999998,
SH603010,2025-05-09,0.08,
SH603010,2026-06-03,0.01,
SH603012,2025-05-30,0.1,
SH603012,2026-06-04,0.1,
SH603013,2025-06-05,0.35,
SH603013,2025-10-14,0.05,
SH603013,2026-05-22,0.35,
SH603013,2026-09-16,0.05,
SH603014,2025-10-24,0.15755999999999998,
SH603014,2026-06-01,0.3608,
SH603014,2026-09-14,0.21000000000000002,
SH603015,2025-06-04,0.05,
SH603015,2026-06-12,0.08,
SH603016,2025-06-18,0.47300000000000003,
SH603016,2026-06-17,0.33999999999999997,
SH603017,2025-10-13,0.2,
SH603017,2026-06-11,0.15,
SH603018,2025-06-18,0.1,
SH603018,2026-06-29,0.125,
SH603018,2026-09-21,0.04,
SH603019,2025-05-23,0.27,
SH603019,2026-02-05,0.06999999999999999,
SH603019,2026-06-01,0.38,
SH603020,2025-07-09,0.18,
SH603020,2026-07-01,0.1,
SH603022,2025-06-03,0.078,
SH603022,2026-07-02,0.1,
SH603025,2025-05-23,0.35,
SH603025,2026-05-15,0.45,
SH603026,2026-05-22,0.04,
SH603027,2025-07-30,0.5,
SH603027,2025-10-23,0.1,
SH603027,2026-07-23,0.18,
SH603029,2025-06-04,0.172,
SH603029,2026-06-16,0.185,
SH603031,2025-04-25,0.24,
SH603031,2026-02-06,0.12,
SH603031,2026-04-29,0.12,
SH603032,2025-07-08,0.05600000000000001,
SH603032,2026-06-04,0.043,
SH603035,2025-06-20,0.34604,
SH603035,2026-06-09,0.16377999999999998,
SH603036,2025-05-23,0.2,
SH603036,2026-05-27,0.22000000000000003,
SH603036,2026-09-10,0.08,
SH603037,2025-06-23,0.35,
SH603037,2026-06-12,0.2,
SH603038,2025-06-19,0.05,
SH603038,2026-06-18,0.05,
SH603039,2025-06-06,0.075,
SH603039,2025-10-22,0.075,
SH603039,2026-05-21,0.075,
SH603039,2026-09-18,0.075,
SH603040,2025-01-21,0.1,
SH603040,2025-06-12,0.6,
SH603040,2025-09-25,0.3,
SH603040,2025-11-26,0.25,
SH603040,2026-06-25,0.75,
SH603040,2026-09-17,0.13,
SH603041,2025-06-09,0.12,
SH603041,2026-06-22,0.12,
SH603042,2026-06-23,0.015,
SH603043,2025-05-27,0.48,
SH603043,2025-12-31,0.1,
SH603043,2026-05-29,0.4,
SH603045,2025-06-11,0.061,
SH603045,2026-06-11,0.148,
SH603048,2025-07-31,0.27999999999999997,
SH603048,2026-03-05,0.06999999999999999,
SH603048,2026-06-02,0.27999999999999997,
SH603049,2025-07-16,1.3,
SH603049,2026-06-18,1.4300000000000002,
SH603050,2025-03-31,0.2,
SH603050,2026-05-12,0.19835,
SH603051,2025-08-08,0.4,
SH603052,2025-06-23,0.25,
SH603053,2025-07-07,0.3,
SH603053,2026-07-09,0.3,
SH603055,2025-06-12,0.25,
SH603055,2026-06-04,0.18,
SH603057,2025-05-22,0.52,
SH603057,2026-07-09,0.18,
SH603058,2025-06-03,0.11499999999999999,
SH603059,2025-09-29,0.08,
SH603059,2026-07-15,0.26955,
SH603060,2025-06-13,0.11399999999999999,
SH603060,2026-06-29,0.067,
SH603061,2025-06-03,0.16999999999999998,
SH603061,2026-04-16,0.38,
SH603062,2025-05-26,1.08,
SH603062,2025-09-24,0.6799999999999999,
SH603062,2026-05-15,1.03,
SH603063,2025-05-19,0.12,
SH603063,2026-05-14,0.13,
SH603065,2025-06-18,0.1,
SH603065,2026-01-14,0.015,
SH603065,2026-06-11,0.2,
SH603066,2025-06-04,0.052000000000000005,
SH603066,2026-06-15,0.034,
SH603067,2025-06-24,0.19,
SH603067,2026-07-15,0.16,
SH603068,2026-07-10,0.01,
SH603070,2025-06-05,0.08,
SH603070,2026-06-04,0.08,
SH603071,2025-06-06,0.6,
SH603071,2026-01-30,0.1,
SH603071,2026-05-28,0.37,
SH603072,2025-03-11,0.15,
SH603072,2026-06-10,0.25,
SH603073,2025-06-17,0.3,
SH603073,2026-06-25,0.1,
SH603075,2025-05-16,0.7,
SH603075,2026-05-20,0.7,
SH603076,2025-05-29,0.4,
SH603076,2026-06-10,0.2,
SH603078,2025-05-19,0.06,
SH603078,2025-09-17,0.03,
SH603078,2026-06-17,0.06,
SH603079,2026-07-01,0.1,
SH603080,2025-05-29,0.5599999999999999,
SH603080,2026-05-29,0.52,
SH603081,2025-07-17,0.13,
SH603081,2026-06-25,0.06,
SH603082,2025-05-30,0.58,
SH603082,2026-06-26,0.5900000000000001,
SH603083,2025-06-24,0.22000000000000003,
SH603083,2025-09-17,0.045200000000000004,
SH603083,2026-05-19,0.27999999999999997,
SH603083,2026-09-08,0.09,
SH603086,2026-06-08,0.1,
SH603087,2025-06-11,1.0,
SH603087,2026-05-29,1.0,
SH603088,2025-05-12,0.29,
SH603088,2026-06-22,0.16999999999999998,
SH603089,2025-06-05,0.1,
SH603089,2026-06-03,0.1,
SH603090,2025-05-16,0.3,
SH603090,2026-05-19,0.3,
SH603091,2025-07-02,0.96,
SH603091,2026-06-25,0.96,
SH603092,2026-06-25,0.621,
SH603093,2025-05-23,0.076,
SH603093,2026-08-10,0.06899999999999999,
SH603095,2025-06-06,0.8,
SH603095,2025-09-25,0.3,
SH603096,2025-06-05,0.8,
SH603096,2026-06-05,0.6,
SH603097,2025-06-06,0.2,
SH603097,2026-07-03,0.15,
SH603098,2025-07-18,0.05,
SH603098,2026-06-18,0.1,
SH603099,2025-06-20,0.08149999999999999,
SH603099,2026-07-10,0.145,
SH603100,2025-01-23,0.3,
SH603100,2025-06-24,0.275,
SH603100,2026-01-26,0.3,
SH603100,2026-05-25,0.21000000000000002,
SH603101,2025-06-25,0.05,
SH603101,2026-03-27,0.1,
SH603102,2025-08-05,0.75,
SH603102,2026-08-27,0.75,
SH603103,2025-11-24,0.13999999999999999,
SH603105,2025-05-30,0.2,
SH603105,2026-06-01,0.2,
SH603106,2025-06-03,0.03,
SH603106,2026-06-10,0.02,
SH603107,2025-06-04,0.3,
SH603107,2026-06-08,0.3,
SH603108,2025-07-18,0.03,
SH603109,2025-06-25,0.3,
SH603109,2026-06-11,0.25,
SH603110,2025-07-18,0.05,
SH603111,2025-07-24,0.25,
SH603111,2026-06-18,0.3,
SH603111,2026-09-18,0.15,
SH603112,2025-06-30,0.11699999999999999,
SH603112,2025-10-30,0.21600000000000003,
SH603112,2026-05-20,0.20600000000000002,
SH603113,2025-06-25,0.12,
SH603113,2025-09-17,0.23500000000000001,
SH603113,2026-06-15,0.048,
SH603115,2025-06-25,0.6,
SH603115,2026-07-01,0.6,
SH603116,2025-06-12,0.25,
SH603116,2026-06-11,0.22000000000000003,
SH603118,2026-06-29,0.03,
SH603119,2025-06-17,0.195,
SH603119,2026-05-15,0.22999999999999998,
SH603120,2025-11-03,0.4,
SH603121,2025-06-27,0.2,
SH603122,2025-07-14,0.13,
SH603124,2025-06-17,0.37,
SH603124,2026-06-03,0.45999999999999996,
SH603125,2025-05-22,0.15,
SH603125,2026-05-28,0.04,
SH603126,2025-06-20,0.005,
SH603126,2026-06-17,0.01,
SH603127,2025-08-14,0.03,
SH603127,2026-06-30,0.12,
SH603128,2025-07-15,0.174,
SH603128,2026-07-29,0.22400000000000003,
SH603129,2025-05-27,3.85,
SH603129,2026-05-22,4.2,
SH603130,2025-05-27,0.1,
SH603130,2026-04-23,0.22999999999999998,
SH603131,2025-06-10,0.012,
SH603132,2025-05-09,0.22000000000000003,
SH603132,2025-09-16,0.2,
SH603132,2026-05-06,0.22999999999999998,
SH603132,2026-08-21,0.32999999999999996,
SH603135,2025-07-17,0.066,
SH603136,2025-05-30,0.23500000000000001,
SH603136,2026-06-01,0.2,
SH603137,2025-07-15,0.08,
SH603150,2025-07-04,0.16999999999999998,
SH603150,2025-11-11,0.15,
SH603150,2026-07-08,0.18,
SH603151,2025-07-09,0.15,
SH603151,2025-12-19,0.05,
SH603151,2026-07-08,0.15,
SH603153,2025-07-23,0.255,
SH603153,2026-07-29,0.27,
SH603155,2025-06-06,0.4,
SH603155,2025-09-30,0.15,
SH603155,2026-07-16,0.35,
SH603156,2025-06-06,1.3599999999999999,
SH603156,2025-09-15,0.5,
SH603156,2026-06-03,1.0,
SH603156,2026-09-23,0.5,
SH603158,2025-06-20,0.16,
SH603158,2026-07-24,0.06,
SH603160,2025-05-30,0.394,
SH603160,2025-10-30,0.15,
SH603160,2026-05-18,0.3926,
SH603161,2025-07-14,0.16699999999999998,
SH603161,2026-06-25,0.16999999999999998,
SH603162,2025-01-23,0.05,
SH603162,2025-04-28,0.05,
SH603162,2026-02-09,0.05,
SH603162,2026-05-20,0.05,
SH603163,2025-06-12,0.75,
SH603163,2025-09-05,0.15,
SH603163,2026-06-12,0.65,
SH603163,2026-09-18,0.2,
SH603165,2025-05-15,0.5,
SH603165,2025-10-16,0.6,
SH603165,2026-02-09,0.38,
SH603165,2026-06-09,1.1,
SH603165,2026-09-08,0.6,
SH603166,2025-05-12,0.1,
SH603166,2026-05-13,0.2,
SH603167,2025-07-25,0.4,
SH603167,2025-09-25,0.4,
SH603167,2026-07-10,0.5,
SH603170,2025-06-03,0.25,
SH603170,2025-09-10,0.13999999999999999,
SH603170,2026-06-02,0.3,
SH603170,2026-09-14,0.15,
SH603171,2025-05-29,0.2,
SH603171,2026-06-18,0.2,
SH603172,2025-06-16,0.09,
SH603172,2026-06-15,0.06999999999999999,
SH603173,2025-06-17,0.5,
SH603173,2026-06-17,0.82,
SH603175,2026-07-08,0.16,
SH603176,2025-07-07,0.023,
SH603176,2026-06-15,0.015,
SH603177,2025-07-10,0.04,
SH603178,2025-06-18,0.04,
SH603179,2025-06-19,0.3,
SH603179,2026-05-20,0.3,
SH603180,2025-07-09,0.392,
SH603180,2026-06-26,0.1,
SH603181,2025-06-11,0.21000000000000002,
SH603181,2026-06-05,0.225,
SH603182,2025-05-30,0.1,
SH603182,2025-09-24,0.3,
SH603182,2026-07-08,0.2,
SH603182,2026-09-04,0.2,
SH603183,2025-05-27,0.025,
SH603183,2026-05-29,0.005,
SH603185,2026-06-17,0.15,
SH603186,2026-05-15,0.13,
SH603187,2025-06-24,0.5,
SH603187,2026-01-23,0.3,
SH603187,2026-06-11,0.25,
SH603189,2025-06-17,0.15,
SH603189,2026-06-24,0.1,
SH603190,2025-07-15,0.2,
SH603190,2025-11-12,0.06,
SH603190,2026-07-15,0.3,
SH603191,2025-06-24,0.05,
SH603191,2026-06-11,0.05,
SH603192,2025-06-05,0.375,
SH603192,2026-06-08,0.25,
SH603192,2026-09-14,0.125,
SH603193,2025-05-30,0.22999999999999998,
SH603193,2025-09-18,0.2,
SH603193,2026-05-29,0.26,
SH603193,2026-09-21,0.27999999999999997,
SH603194,2025-06-16,0.63,
SH603194,2025-12-18,0.25,
SH603194,2026-06-04,0.4,
SH603195,2025-06-09,2.4,
SH603195,2026-06-04,1.9,
SH603197,2025-06-11,0.51,
SH603197,2025-10-20,0.32,
SH603197,2026-06-17,0.19,
SH603197,2026-09-23,0.38,
SH603198,2025-06-23,1.5,
SH603198,2026-06-12,1.5,
SH603199,2025-04-24,0.6799999999999999,
SH603199,2026-05-21,0.77,
SH603200,2025-06-13,0.09,
SH603200,2026-06-25,0.03,
SH603201,2025-07-11,0.41,
SH603201,2025-11-10,0.056999999999999995,
SH603201,2026-07-01,0.29,
SH603202,2025-07-09,2.4899999999999998,
SH603202,2025-10-16,1.0,
SH603202,2026-06-17,1.5,
SH603203,2025-06-24,0.65,
SH603203,2026-06-08,0.5,
SH603205,2025-07-09,0.351,
SH603205,2026-07-09,0.25,
SH603206,2026-06-03,0.06,
SH603207,2025-06-10,1.5,
SH603207,2025-10-20,0.7,
SH603207,2026-07-03,0.37,
SH603208,2025-06-13,0.19,
SH603209,2025-05-09,0.2,
SH603209,2026-06-23,0.2,
SH603210,2026-06-10,0.11750000000000001,
SH603211,2025-06-19,0.06,
SH603211,2026-07-13,0.077,
SH603213,2025-05-28,0.265,
SH603213,2026-05-25,0.25,
SH603214,2025-05-23,0.253,
SH603214,2025-09-26,0.13,
SH603214,2026-05-21,0.253,
SH603215,2025-06-05,0.3,
SH603215,2026-07-17,0.22999999999999998,
SH603216,2025-06-03,0.2,
SH603216,2026-06-23,0.2,
SH603217,2025-07-01,0.35,
SH603217,2026-07-01,0.3,
SH603218,2025-07-16,0.35,
SH603218,2026-07-23,0.38,
SH603219,2025-07-21,0.2,
SH603219,2026-06-02,0.05,
SH603220,2025-06-24,0.11000000000000001,
SH603220,2026-07-20,0.06999999999999999,
SH603221,2025-06-13,0.18,
SH603221,2026-08-12,0.03,
SH603223,2025-04-29,0.05,
SH603223,2025-10-16,0.045,
SH603223,2026-06-10,0.06999999999999999,
SH603225,2025-07-11,0.225,
SH603225,2026-06-24,0.2,
SH603227,2025-06-05,0.2,
SH603227,2026-05-22,0.15,
SH603228,2025-06-11,0.8,
SH603228,2026-05-18,0.55,
SH603229,2025-07-17,0.1,
SH603229,2026-07-17,0.064,
SH603230,2025-06-19,0.48,
SH603230,2026-06-18,0.15,
SH603231,2025-06-30,0.3,
SH603231,2026-02-12,0.06999999999999999,
SH603231,2026-06-26,0.3,
SH603232,2025-06-25,0.05,
SH603233,2025-06-19,0.31,
SH603233,2025-11-06,0.33999999999999997,
SH603233,2026-06-26,0.49000000000000005,
SH603235,2025-06-17,0.6799999999999999,
SH603235,2026-07-01,0.55,
SH603236,2025-06-04,0.42000000000000004,
SH603236,2025-08-28,0.55,
SH603236,2026-06-01,0.38,
SH603236,2026-08-27,0.47000000000000003,
SH603237,2025-06-06,0.5,
SH603237,2026-06-09,0.5,
SH603238,2025-06-03,0.3,
SH603238,2026-06-01,0.3,
SH603239,2025-05-23,0.21000000000000002,
SH603239,2026-06-01,0.3,
SH603248,2026-07-10,0.16,
SH603255,2026-07-02,0.034999999999999996,
SH603256,2026-06-09,0.068,
SH603257,2025-06-19,0.5,
SH603257,2026-06-18,0.5,
SH603259,2025-05-21,0.9816900000000001,
SH603259,2025-09-26,0.35,
SH603259,2026-05-29,1.57927,
SH603259,2026-09-04,0.51,
SH603260,2025-08-19,0.45,
SH603262,2026-07-17,0.088,
SH603266,2025-07-15,0.16999999999999998,
SH603266,2026-06-18,0.12,
SH603267,2025-05-16,0.16999999999999998,
SH603267,2025-10-29,0.1,
SH603267,2026-05-19,0.25,
SH603269,2025-06-04,0.3,
SH603269,2026-06-30,0.18,
SH603270,2025-01-10,0.1,
SH603270,2025-07-10,0.05,
SH603270,2025-10-24,0.05,
SH603270,2025-12-05,0.15,
SH603270,2026-06-04,0.12,
SH603271,2025-06-20,0.325,
SH603271,2025-09-29,0.18,
SH603271,2026-06-17,0.45499999999999996,
SH603272,2025-07-14,0.1,
SH603273,2025-06-23,0.034999999999999996,
SH603273,2025-09-22,0.02,
SH603273,2026-01-30,0.02,
SH603273,2026-06-10,0.01,
SH603275,2025-07-11,0.1695,
SH603275,2026-07-13,0.121,
SH603276,2025-06-25,0.125,
SH603276,2026-06-10,0.15,
SH603277,2025-06-06,0.5,
SH603277,2025-10-20,0.35,
SH603277,2026-06-05,0.35,
SH603279,2025-05-28,0.4,
SH603279,2025-12-08,0.5,
SH603279,2026-06-01,0.3,
SH603280,2025-06-17,0.26,
SH603280,2026-06-30,0.27999999999999997,
SH603281,2025-07-16,1.0,
SH603281,2026-07-03,1.0,
SH603282,2025-06-25,0.23500000000000001,
SH603282,2026-06-25,0.22999999999999998,
SH603283,2025-06-12,0.5599999999999999,
SH603283,2026-06-01,0.54,
SH603284,2026-06-26,0.62,
SH603285,2025-06-05,0.2,
SH603285,2026-07-15,0.26,
SH603286,2025-05-09,0.03,
SH603288,2025-06-05,0.86,
SH603288,2025-09-24,0.26,
SH603288,2026-06-15,0.8,
SH603289,2025-06-05,0.15,
SH603289,2026-06-04,0.15,
SH603290,2025-06-17,0.6359899999999999,
SH603290,2026-06-16,0.508,
SH603291,2025-06-06,0.15,
SH603291,2026-06-04,0.2,
SH603296,2025-06-06,0.9,
SH603296,2026-06-17,1.2,
SH603297,2025-06-16,0.85,
SH603297,2026-06-17,0.9,
SH603298,2025-05-28,0.5,
SH603298,2025-11-26,0.2,
SH603298,2026-05-29,0.4,
SH603299,2025-06-24,0.44299999999999995,
SH603299,2026-06-18,0.252,
SH603300,2025-07-11,0.02529,
SH603301,2025-06-11,0.65,
SH603301,2026-06-18,0.3,
SH603303,2025-05-27,0.74,
SH603303,2025-09-23,0.641,
SH603303,2026-06-12,0.31,
SH603305,2025-06-18,0.38,
SH603305,2026-06-18,0.16,
SH603306,2025-06-23,0.095,
SH603306,2026-06-16,0.08,
SH603307,2025-06-27,0.6,
SH603307,2025-09-17,0.4,
SH603307,2026-06-10,1.0,
SH603308,2025-06-06,0.06999999999999999,
SH603308,2026-07-10,0.16,
SH603309,2025-05-29,0.5,
SH603309,2026-01-08,0.2,
SH603309,2026-05-28,0.3,
SH603310,2025-06-26,0.3,
SH603310,2026-06-18,0.2,
SH603311,2025-06-18,0.12,
SH603311,2026-07-28,0.12,
SH603312,2025-06-05,0.77,
SH603312,2025-10-10,0.4,
SH603312,2026-06-04,0.4,
SH603313,2025-01-09,0.05,
SH603315,2025-07-22,0.08299999999999999,
SH603315,2026-07-17,0.045,
SH603317,2025-05-16,0.55,
SH603317,2026-05-11,0.55,
SH603318,2025-07-15,0.068,
SH603319,2025-07-09,0.21000000000000002,
SH603319,2026-01-26,0.037,
SH603319,2026-06-09,0.06,
SH603319,2026-09-18,0.05,
SH603320,2025-05-26,0.13999999999999999,
SH603320,2026-05-28,0.16999999999999998,
SH603321,2025-06-23,0.2,
SH603321,2026-06-18,0.05,
SH603323,2025-06-12,0.18,
SH603323,2025-09-19,0.09,
SH603323,2026-06-18,0.12,
SH603324,2025-07-04,0.125,
SH603325,2025-01-23,0.6,
SH603325,2025-07-23,0.75,
SH603325,2025-12-25,0.6,
SH603325,2026-07-14,1.0,
SH603326,2025-02-27,0.2,
SH603326,2025-06-25,0.3,
SH603326,2025-09-26,0.15,
SH603326,2026-05-22,0.25,
SH603327,2025-06-20,0.25,
SH603327,2026-06-09,0.11000000000000001,
SH603328,2025-07-11,0.198,
SH603328,2026-06-26,0.16799999999999998,
SH603329,2025-06-06,0.03,
SH603329,2026-07-01,0.046,
SH603331,2025-07-11,0.08,
SH603332,2025-06-12,0.22000000000000003,
SH603332,2026-06-25,0.27999999999999997,
SH603333,2025-08-26,0.01,
SH603334,2026-06-08,0.35,
SH603336,2025-11-25,0.005,
SH603336,2026-07-06,0.006,
SH603337,2025-06-06,0.5,
SH603337,2026-06-11,0.45,
SH603338,2025-06-18,1.0,
SH603338,2026-06-26,1.15,
SH603339,2025-06-27,0.236,
SH603339,2026-07-22,0.155,
SH603341,2025-06-10,0.5,
SH603341,2026-06-04,0.5,
SH603344,2025-05-28,0.31,
SH603345,2025-01-23,0.95,
SH603345,2025-06-17,1.0150000000000001,
SH603345,2025-09-23,1.425,
SH603345,2026-06-23,1.44,
SH603345,2026-09-24,1.7329999999999999,
SH603348,2025-06-12,0.15,
SH603350,2025-01-23,0.55,
SH603350,2025-06-09,0.4,
SH603350,2025-09-29,0.3,
SH603350,2026-05-20,0.3,
SH603351,2025-06-13,0.4,
SH603351,2026-06-05,0.6,
SH603352,2026-07-28,0.11000000000000001,
SH603353,2025-02-28,0.1,
SH603353,2025-06-06,0.1,
SH603353,2025-12-30,0.1,
SH603353,2026-06-02,0.1,
SH603357,2025-07-07,0.27999999999999997,
SH603357,2025-10-27,0.06999999999999999,
SH603357,2026-07-08,0.13,
SH603358,2025-02-11,0.15,
SH603358,2025-06-30,0.35,
SH603358,2026-01-16,0.15,
SH603358,2026-06-25,0.26,
SH603360,2025-05-29,0.6,
SH603365,2025-06-25,0.9,
SH603365,2026-01-12,0.2,
SH603365,2026-06-18,0.8,
SH603366,2025-06-12,0.054000000000000006,
SH603366,2026-06-23,0.045,
SH603367,2025-06-19,0.22000000000000003,
SH603367,2025-10-13,0.188,
SH603367,2026-06-03,0.16,
SH603367,2026-09-16,0.21600000000000003,
SH603368,2025-05-29,0.751,
SH603368,2026-06-16,0.6799999999999999,
SH603369,2025-06-06,1.2,
SH603369,2026-06-04,1.2,
SH603370,2026-06-03,0.28500000000000003,
SH603373,2025-06-16,0.5,
SH603373,2025-10-13,0.2,
SH603373,2026-06-08,0.35,
SH603375,2025-08-07,0.1001,
SH603375,2026-07-10,0.1,
SH603376,2026-06-30,0.15,
SH603379,2025-06-11,0.45,
SH603379,2025-10-20,0.32,
SH603379,2026-06-04,1.2,
SH603379,2026-09-07,0.52,
SH603380,2025-06-06,1.0,
SH603380,2026-06-09,0.6,
SH603381,2025-06-20,0.5599999999999999,
SH603382,2025-09-29,0.2,
SH603382,2026-06-05,0.1,
SH603383,2025-05-28,0.6,
SH603383,2025-12-10,0.2,
SH603383,2026-05-28,0.6,
SH603385,2025-06-09,0.11000000000000001,
SH603387,2025-06-17,0.09,
SH603387,2025-09-15,0.09,
SH603387,2026-06-18,0.15,
SH603387,2026-09-18,0.15,
SH603390,2025-06-04,0.04,
SH603390,2025-09-29,0.05,
SH603390,2026-06-02,0.06,
SH603391,2025-05-19,1.25,
SH603391,2026-05-19,1.5,
SH603393,2026-09-15,0.8,
SH603395,2025-06-12,0.15,
SH603395,2026-06-10,0.064,
SH603396,2025-06-24,0.15,
SH603396,2026-06-12,0.15,
SH603402,2026-06-12,2.0,
SH603406,2025-12-04,0.5,
SH603406,2026-08-26,0.25,
SH603406,2026-09-16,0.5,
SH603408,2025-06-17,0.5,
SH603408,2026-01-05,0.19,
SH603408,2026-06-03,0.45,
SH603409,2025-06-30,0.5,
SH603409,2026-06-18,0.3,
SH603416,2025-06-23,0.8699999999999999,
SH603416,2025-10-22,0.5900000000000001,
SH603416,2026-07-20,0.953,
SH603418,2026-06-04,0.8300000000000001,
SH603439,2025-06-26,0.33999999999999997,
SH603439,2026-06-30,0.06,
SH603444,2025-05-26,3.5,
SH603444,2025-09-19,6.6,
SH603444,2025-11-28,6.0,
SH603444,2026-05-21,7.0,
SH603444,2026-09-17,10.0,
SH603456,2025-06-19,0.3,
SH603456,2025-09-08,0.2,
SH603456,2026-06-11,0.1,
SH603456,2026-09-11,0.1,
SH603466,2025-05-27,0.2,
SH603466,2026-06-04,0.02,
SH603477,2025-06-17,0.17370000000000002,
SH603477,2026-07-02,0.01865,
SH603486,2025-06-06,0.45,
SH603486,2026-07-08,0.9199999999999999,
SH603488,2025-07-07,0.03,
SH603489,2025-06-18,0.1,
SH603489,2026-06-09,0.15,
SH603496,2025-05-28,0.02,
SH603496,2025-10-22,0.005,
SH603496,2026-06-18,0.02,
SH603496,2026-09-17,0.006,
SH603499,2025-06-11,0.2,
SH603499,2026-06-22,0.08,
SH603500,2025-07-18,0.13,
SH603500,2026-06-22,0.22000000000000003,
SH603501,2025-08-01,0.22000000000000003,
SH603501,2025-11-24,0.4,
SH603501,2026-06-04,0.1,
SH603505,2025-07-15,0.05,
SH603505,2025-11-28,0.06999999999999999,
SH603505,2026-07-16,0.05,
SH603506,2026-06-16,0.2141,
SH603507,2025-06-19,0.3,
SH603507,2026-07-15,0.3,
SH603508,2025-06-12,1.18828,
SH603508,2025-09-09,2.1,
SH603508,2026-05-21,0.5245,
SH603511,2025-06-09,0.4,
SH603511,2026-06-05,0.37,
SH603515,2025-07-04,0.9,
SH603515,2026-06-26,0.85,
SH603516,2025-06-30,0.25,
SH603516,2026-06-18,0.1,
SH603517,2025-06-25,0.32999999999999996,
SH603518,2025-05-20,0.31,
SH603518,2026-07-17,0.2,
SH603519,2025-06-13,1.0,
SH603519,2026-07-09,1.0,
SH603520,2025-06-06,0.1,
SH603520,2025-09-12,0.05,
SH603520,2026-06-04,0.25,
SH603520,2026-09-11,0.05,
SH603527,2025-06-13,0.16,
SH603527,2026-06-22,0.1,
SH603528,2025-06-24,0.05,
SH603529,2025-06-06,0.592,
SH603529,2025-09-11,0.628,
SH603529,2026-05-28,0.544,
SH603530,2025-06-04,0.45999999999999996,
SH603530,2026-06-11,0.35,
SH603533,2025-06-10,0.1,
SH603535,2025-04-03,0.09,
SH603535,2026-08-18,0.02,
SH603538,2025-06-25,0.05,
SH603538,2026-07-09,0.155,
SH603551,2025-06-09,0.55,
SH603551,2025-10-16,0.3,
SH603551,2026-06-09,0.55,
SH603556,2025-06-24,0.7,
SH603556,2026-07-07,0.8,
SH603558,2025-05-09,0.3,
SH603558,2025-09-01,0.25,
SH603558,2026-04-30,0.35,
SH603558,2026-08-25,0.3,
SH603565,2025-05-08,0.79,
SH603565,2025-09-29,0.43,
SH603565,2026-05-28,0.24,
SH603566,2025-06-11,0.4,
SH603566,2025-10-17,0.2,
SH603566,2026-06-16,0.4,
SH603567,2025-08-20,0.15,
SH603568,2025-06-06,0.48,
SH603568,2026-05-26,0.6,
SH603569,2025-06-11,0.05,
SH603569,2025-10-22,0.31,
SH603569,2026-06-15,0.33999999999999997,
SH603577,2025-05-23,0.0868,
SH603577,2026-05-22,0.0608,
SH603579,2025-06-12,0.35,
SH603579,2026-06-10,0.5,
SH603580,2025-08-08,0.08199999999999999,
SH603580,2026-08-14,0.08199999999999999,
SH603583,2025-06-06,0.3,
SH603583,2026-06-05,0.31,
SH603585,2026-07-09,0.35553,
SH603586,2025-06-06,0.4,
SH603586,2025-11-28,0.1,
SH603586,2026-05-14,0.45,
SH603587,2025-06-24,0.5,
SH603587,2026-07-30,0.4,
SH603588,2025-05-26,0.06999999999999999,
SH603588,2026-04-27,0.1,
SH603589,2025-07-07,1.3,
SH603589,2026-07-03,0.5,
SH603590,2025-06-09,0.6,
SH603590,2026-07-08,0.35,
SH603595,2025-07-02,0.015,
SH603596,2025-06-17,0.35,
SH603596,2026-05-11,0.38,
SH603599,2025-06-19,0.27,
SH603599,2026-07-13,0.22000000000000003,
SH603600,2025-05-30,0.3,
SH603600,2025-09-10,0.16,
SH603600,2026-06-03,0.3,
SH603600,2026-09-11,0.2,
SH603601,2025-06-11,0.01,
SH603601,2025-10-28,0.02,
SH603601,2026-06-09,0.01,
SH603602,2025-06-25,0.05,
SH603602,2025-11-11,0.02,
SH603605,2025-06-17,1.19,
SH603605,2025-10-17,0.8,
SH603605,2026-07-22,1.2,
SH603606,2025-05-29,0.45,
SH603606,2026-05-26,0.5599999999999999,
SH603607,2025-06-10,0.5,
SH603607,2026-06-16,0.5,
SH603609,2025-06-10,0.057999999999999996,
SH603610,2025-05-30,0.1,
SH603610,2026-05-26,0.13999999999999999,
SH603611,2025-06-03,0.897,
SH603611,2026-05-08,0.833,
SH603612,2025-09-26,0.21000000000000002,
SH603612,2026-06-18,0.12,
SH603613,2025-07-18,0.066,
SH603615,2026-06-10,0.02,
SH603617,2025-06-20,0.08,
SH603617,2026-06-05,0.05,
SH603618,2025-05-28,0.06,
SH603619,2025-07-30,0.3,
SH603619,2025-10-24,0.2,
SH603619,2026-06-03,0.13999999999999999,
SH603628,2025-06-27,0.066,
SH603628,2026-06-26,0.043,
SH603629,2025-06-20,0.05,
SH603629,2025-09-30,0.08,
SH603629,2026-07-07,0.37,
SH603630,2025-06-27,0.09,
SH603633,2025-08-25,0.027000000000000003,
SH603637,2025-05-23,0.2,
SH603637,2026-06-25,0.1,
SH603638,2025-06-06,0.05,
SH603638,2025-12-08,0.1,
SH603638,2026-06-15,0.1,
SH603639,2025-07-18,0.5,
SH603639,2026-07-23,0.3,
SH603648,2025-08-18,0.3,
SH603648,2026-08-14,0.32,
SH603650,2025-06-03,0.5,
SH603650,2026-06-01,0.5,
SH603655,2025-06-11,0.1,
SH603655,2025-09-09,0.09,
SH603655,2026-06-17,0.25,
SH603655,2026-09-22,0.1,
SH603656,2025-06-04,0.05,
SH603656,2026-06-09,0.05,
SH603657,2025-06-06,0.034999999999999996,
SH603658,2025-05-26,1.26,
SH603658,2026-06-01,1.31,
SH603659,2025-06-13,0.16999999999999998,
SH603659,2026-04-17,0.22999999999999998,
SH603661,2025-06-16,0.72,
SH603661,2025-10-10,0.55,
SH603662,2025-07-18,0.27799999999999997,
SH603662,2026-07-16,0.364,
SH603663,2025-07-10,0.075,
SH603663,2026-07-17,0.1,
SH603665,2026-06-02,0.16,
SH603667,2025-06-13,0.12,
SH603667,2026-06-12,0.12,
SH603676,2025-06-11,0.18,
SH603676,2025-11-26,0.147,
SH603676,2026-06-29,0.18,
SH603677,2025-04-28,0.25,
SH603677,2026-04-30,0.2,
SH603678,2025-05-29,0.06,
SH603678,2025-10-10,0.16,
SH603678,2026-06-05,0.08,
SH603680,2025-06-19,0.15,
SH603680,2025-10-17,0.15,
SH603680,2026-06-22,0.15,
SH603681,2025-07-08,0.15,
SH603681,2026-07-10,0.1,
SH603682,2025-05-07,0.22000000000000003,
SH603682,2025-09-26,0.11000000000000001,
SH603682,2026-04-08,0.22000000000000003,
SH603683,2025-07-01,0.09,
SH603683,2026-07-07,0.1,
SH603685,2025-06-04,0.008,
SH603685,2026-07-09,0.03,
SH603686,2025-06-20,0.158,
SH603686,2026-06-26,0.11299999999999999,
SH603687,2025-06-19,0.05847,
SH603687,2026-06-22,0.04244,
SH603688,2025-06-12,0.19,
SH603688,2026-06-16,0.086,
SH603689,2025-05-28,0.35,
SH603689,2025-10-29,0.05,
SH603689,2026-05-29,0.3,
SH603690,2025-07-15,0.0501,
SH603693,2025-06-20,0.15,
SH603693,2026-06-17,0.15,
SH603696,2025-06-05,0.09,
SH603696,2026-06-05,0.06999999999999999,
SH603697,2025-04-24,0.21000000000000002,
SH603697,2025-09-24,0.22999999999999998,
SH603697,2026-05-15,0.19,
SH603697,2026-09-11,0.27,
SH603698,2025-05-29,0.10800000000000001,
SH603698,2025-09-18,0.05500000000000001,
SH603698,2026-05-29,0.075,
SH603698,2026-09-18,0.06,
SH603699,2025-06-25,1.1400000000000001,
SH603699,2025-10-16,0.58,
SH603699,2026-06-29,1.03,
SH603700,2025-06-11,0.2,
SH603700,2026-06-25,0.3,
SH603701,2025-06-18,0.04,
SH603701,2026-05-29,0.04,
SH603706,2025-06-19,0.9,
SH603706,2026-06-11,0.9,
SH603707,2025-06-05,0.1,
SH603707,2026-06-09,0.1,
SH603708,2025-07-15,0.08,
SH603708,2025-10-21,0.16,
SH603708,2026-07-03,0.15,
SH603709,2026-07-23,0.08,
SH603711,2025-07-09,0.25,
SH603711,2026-06-24,0.06999999999999999,
SH603713,2025-06-05,0.71,
SH603713,2026-05-27,1.0,
SH603718,2025-07-15,0.0784,
SH603719,2025-06-04,0.24900000000000003,
SH603719,2026-06-04,0.24900000000000003,
SH603721,2026-05-26,0.08,
SH603722,2025-06-04,0.1,
SH603725,2025-05-28,0.1,
SH603725,2026-07-10,0.12,
SH603726,2025-06-27,0.4,
SH603726,2026-06-18,0.55,
SH603727,2025-05-23,0.25,
SH603727,2026-05-08,0.15,
SH603728,2025-06-18,0.024,
SH603728,2026-06-18,0.025,
SH603729,2025-07-11,0.01,
SH603730,2025-06-04,0.35,
SH603730,2026-06-08,0.25,
SH603733,2025-07-10,0.5,
SH603733,2026-07-02,0.7,
SH603737,2025-05-30,0.32,
SH603737,2025-11-19,0.5,
SH603737,2026-06-01,0.068,
SH603738,2025-06-20,0.08002000000000001,
SH603738,2026-06-22,0.040999999999999995,
SH603739,2025-05-30,0.1,
SH603739,2026-05-29,0.1,
SH603755,2025-02-14,0.25,
SH603755,2025-09-26,0.2,
SH603755,2026-01-29,0.3,
SH603757,2025-06-16,0.2,
SH603757,2025-10-15,0.5,
SH603757,2026-06-08,0.2,
SH603757,2026-09-18,0.1,
SH603758,2025-01-22,0.3,
SH603759,2026-07-02,0.11499999999999999,
SH603766,2025-06-05,0.4,
SH603766,2026-01-20,0.2,
SH603766,2026-05-28,0.5,
SH603767,2025-05-16,0.2,
SH603768,2025-07-04,0.057999999999999996,
SH603773,2025-07-16,0.05,
SH603776,2025-06-20,0.25,
SH603779,2025-06-25,0.009,
SH603786,2025-06-06,0.65,
SH603786,2026-06-01,0.62,
SH603787,2025-06-06,0.1,
SH603787,2025-09-26,0.1,
SH603787,2026-06-02,0.1,
SH603788,2025-06-19,0.7,
SH603788,2026-06-03,0.8,
SH603790,2025-06-09,0.12,
SH603790,2026-06-05,0.13,
SH603797,2025-08-20,0.09,
SH603798,2025-03-07,0.06999999999999999,
SH603798,2025-06-20,0.04,
SH603798,2026-06-26,0.1,
SH603799,2025-06-11,0.5,
SH603799,2026-05-19,0.5,
SH603800,2025-07-10,0.1,
SH603801,2025-06-18,0.6,
SH603801,2026-06-23,0.4,
SH603806,2025-06-24,0.26,
SH603806,2026-05-27,0.15,
SH603808,2025-07-14,0.05,
SH603808,2026-07-15,0.182,
SH603809,2025-04-25,0.2,
SH603809,2026-06-03,0.15,
SH603810,2026-06-10,0.11699999999999999,
SH603811,2025-06-18,0.25,
SH603811,2026-06-26,0.3,
SH603815,2025-07-17,0.065,
SH603816,2025-07-04,1.3800000000000001,
SH603816,2026-07-06,1.3800000000000001,
SH603817,2025-08-14,0.027000000000000003,
SH603817,2025-11-03,0.033,
SH603817,2026-07-28,0.041999999999999996,
SH603819,2025-06-16,0.02,
SH603819,2026-06-12,0.04,
SH603822,2026-06-10,0.1232,
SH603823,2025-06-09,0.15,
SH603823,2026-06-05,0.13,
SH603826,2026-07-14,0.15,
SH603829,2025-07-04,0.125,
SH603829,2026-07-08,0.15,
SH603833,2025-07-25,2.48,
SH603833,2026-01-09,1.24,
SH603833,2026-06-25,1.2369999999999999,
SH603836,2025-06-25,0.15,
SH603836,2026-06-22,0.2,
SH603839,2025-07-02,0.1,
SH603848,2025-07-08,0.2,
SH603848,2026-06-10,0.2,
SH603855,2025-05-16,1.0,
SH603855,2026-07-03,1.0,
SH603856,2025-06-20,0.18,
SH603856,2025-09-30,0.037,
SH603856,2026-06-10,0.231,
SH603858,2025-09-26,0.39,
SH603858,2026-08-06,0.18,
SH603859,2025-07-17,0.02003,
SH603859,2026-06-09,0.09,
SH603860,2025-05-30,0.1673,
SH603860,2026-05-29,0.2052,
SH603861,2025-07-07,0.1,
SH603861,2025-09-25,0.045540000000000004,
SH603861,2026-07-29,0.08,
SH603866,2025-04-28,0.13,
SH603866,2026-06-03,0.2,
SH603867,2025-06-18,0.45,
SH603867,2026-06-18,0.4,
SH603867,2026-09-18,0.2,
SH603868,2025-06-06,0.5,
SH603868,2026-06-04,0.5,
SH603868,2026-09-11,0.5,
SH603869,2025-07-02,0.013300000000000001,
SH603869,2026-07-23,0.025,
SH603871,2025-06-19,0.4,
SH603871,2025-10-15,0.2,
SH603871,2026-06-26,0.2,
SH603876,2025-06-05,0.06,
SH603876,2025-09-30,0.04,
SH603876,2026-06-29,0.13,
SH603876,2026-09-17,0.1,
SH603877,2025-05-20,0.4,
SH603877,2026-06-05,0.3,
SH603878,2025-06-20,0.09,
SH603878,2026-06-11,0.05,
SH603881,2025-06-13,0.043,
SH603881,2025-11-19,0.024,
SH603881,2026-06-23,0.034,
SH603882,2025-02-21,0.8800000000000001,
SH603882,2026-02-05,0.8800000000000001,
SH603883,2025-07-14,0.08,
SH603883,2025-11-12,0.13999999999999999,
SH603883,2026-07-03,0.27,
SH603883,2026-09-10,0.3,
SH603885,2025-06-04,0.1,
SH603885,2026-06-11,0.2,
SH603886,2025-05-23,1.0,
SH603886,2026-05-22,0.6,
SH603888,2025-07-25,0.136,1.3
SH603888,2026-07-23,0.147,
SH603889,2025-05-28,0.3,
SH603889,2026-05-25,0.35,
SH603890,2025-06-19,0.15,
SH603890,2026-06-18,0.2,
SH603893,2025-01-21,0.25,
SH603893,2025-08-01,0.65,
SH603893,2026-02-10,0.3,
SH603893,2026-08-14,1.2,
SH603896,2025-06-06,0.27,
SH603897,2025-05-23,1.5,
SH603897,2025-09-30,0.3,
SH603897,2026-06-03,1.2,
SH603897,2026-09-23,0.2,
SH603898,2025-06-13,0.078,
SH603898,2026-07-21,0.043,
SH603899,2025-05-19,1.0,
SH603899,2026-05-20,1.0,
SH603900,2025-11-25,0.1,
SH603901,2025-07-08,0.015,
SH603901,2026-06-08,0.08,
SH603901,2026-09-16,0.03,
SH603908,2025-06-06,0.65,
SH603909,2025-05-29,0.12,
SH603909,2026-05-22,0.15,
SH603912,2025-06-09,0.08,
SH603915,2025-06-12,0.12,
SH603915,2025-10-24,0.12,
SH603915,2026-06-12,0.1,
SH603916,2025-06-12,0.1,
SH603916,2026-06-03,0.12,
SH603917,2025-06-09,0.15,
SH603917,2026-06-18,0.15,
SH603919,2025-05-22,0.5,
SH603919,2026-02-10,0.2,
SH603919,2026-06-04,0.3,
SH603920,2025-06-04,0.6,
SH603920,2025-12-22,0.3,
SH603920,2026-06-18,0.3,
SH603926,2025-05-29,0.26,
SH603926,2026-07-03,0.13,
SH603927,2025-05-20,0.33999999999999997,
SH603927,2025-09-10,0.05,
SH603927,2026-06-05,0.25,
SH603927,2026-09-18,0.05,
SH603928,2025-06-17,0.08,
SH603928,2025-09-24,0.08,
SH603928,2026-06-18,0.12,
SH603928,2026-09-22,0.06,
SH603929,2025-05-26,1.0,
SH603929,2025-09-22,1.0,
SH603929,2026-05-18,1.65,
SH603929,2026-09-15,1.65,
SH603931,2025-06-13,0.22000000000000003,
SH603931,2026-06-10,0.185,
SH603931,2026-09-14,0.065,
SH603933,2025-07-17,0.06,
SH603933,2026-06-16,0.06,
SH603936,2026-06-15,0.01,
SH603938,2025-06-13,0.017,
SH603938,2026-06-09,0.022,
SH603939,2025-06-18,0.4,
SH603939,2025-09-17,0.3,
SH603939,2026-06-25,0.4,
SH603948,2025-05-30,1.0,
SH603948,2026-06-04,1.0,
SH603949,2025-05-06,0.1,
SH603949,2026-05-21,0.22000000000000003,
SH603950,2025-02-20,0.093,
SH603950,2025-05-22,0.123,
SH603950,2026-06-03,0.13,
SH603955,2025-06-06,0.05,
SH603960,2025-06-17,0.034999999999999996,
SH603960,2025-09-18,0.022,
SH603960,2026-06-02,0.01,
SH603966,2025-07-07,0.22999999999999998,
SH603966,2026-05-27,0.27999999999999997,
SH603967,2025-05-15,0.6,
SH603967,2026-05-13,0.65,
SH603969,2025-07-14,0.08,
SH603969,2026-07-09,0.06999999999999999,
SH603970,2025-06-12,0.45,
SH603970,2026-06-12,0.32,
SH603976,2025-05-21,0.246,
SH603976,2026-05-28,0.29,
SH603977,2025-06-18,0.09,
SH603977,2026-07-02,0.13,
SH603979,2025-06-27,0.45,
SH603979,2026-07-09,0.6599999999999999,
SH603980,2025-06-17,0.06999999999999999,
SH603980,2026-06-11,0.147,
SH603983,2025-06-10,0.5,
SH603983,2025-11-14,0.25,
SH603983,2026-07-16,0.25,
SH603985,2026-05-26,0.06,
SH603986,2025-07-03,0.33999999999999997,
SH603986,2026-05-26,0.75,
SH603987,2025-06-06,0.15,
SH603987,2026-06-03,0.16999999999999998,
SH603988,2025-05-30,0.04,
SH603988,2026-05-29,0.045,
SH603989,2025-06-27,0.15,
SH603989,2026-07-02,0.2,
SH603991,2026-02-10,0.01,
SH603992,2025-05-30,0.26,
SH603992,2025-09-15,0.11000000000000001,
SH603992,2026-05-29,0.265,
SH603992,2026-09-09,0.27999999999999997,
SH603993,2025-06-27,0.255,
SH603993,2026-05-27,0.286,
SH603993,2026-09-09,0.095,
SH603995,2025-06-05,0.5,
SH603995,2025-09-23,0.3,
SH603995,2026-06-05,0.5,
SH603997,2026-05-26,0.10700000000000001,
SH603998,2025-06-09,0.2,
SH603998,2025-09-18,0.15,
SH603998,2026-05-29,0.15,
SH603998,2026-09-11,0.2,
SH603999,2025-06-13,0.033,
SH603999,2026-07-10,0.045,
SH605001,2025-06-12,0.1,
SH605001,2025-09-26,0.1,
SH605001,2026-06-01,0.1,
SH605003,2025-06-19,0.41,
SH605003,2026-06-18,0.5,
SH605005,2025-06-20,0.2,
SH605005,2026-06-18,0.2,
SH605007,2025-05-29,0.25,
SH605007,2026-06-03,0.16,
SH605009,2025-06-12,0.85,
SH605009,2026-07-06,0.85,
SH605011,2025-05-30,0.16,
SH605011,2025-11-07,0.06,
SH605011,2026-05-29,0.1,
SH605016,2025-06-11,0.13999999999999999,
SH605016,2025-09-12,0.05,
SH605016,2025-12-12,0.05,
SH605016,2026-06-02,0.16499999999999998,
SH605018,2025-06-16,0.15,
SH605018,2026-06-25,0.15,
SH605020,2025-06-13,0.25,
SH605020,2026-05-29,0.45,
SH605028,2025-01-21,0.6,
SH605028,2025-04-25,0.2,
SH605028,2025-10-23,0.3,
SH605028,2026-04-24,0.6,
SH605033,2025-06-11,0.1,
SH605033,2025-12-10,0.05,
SH605033,2026-06-17,0.1,
SH605050,2025-02-19,0.2,
SH605050,2025-07-24,0.15,
SH605050,2026-02-05,0.2,
SH605050,2026-07-09,0.2,
SH605055,2025-06-17,0.06,
SH605055,2026-06-08,0.06,
SH605056,2025-06-04,0.36,
SH605056,2026-01-09,0.08,
SH605056,2026-06-02,0.31,
SH605058,2025-06-26,0.6,
SH605058,2026-07-01,0.5,
SH605060,2025-07-24,0.35,
SH605060,2026-07-06,0.35,
SH605066,2025-05-15,0.25,
SH605066,2026-05-28,0.1,
SH605068,2026-07-06,0.04,
SH605077,2025-04-24,0.5,
SH605077,2025-09-29,0.2,
SH605077,2026-06-17,0.3,
SH605080,2025-07-04,0.197,
SH605080,2026-07-16,0.142,
SH605086,2025-06-12,0.095,
SH605086,2025-09-10,0.093,
SH605086,2026-07-07,0.178,
SH605086,2026-09-17,0.08399999999999999,
SH605088,2025-06-18,0.6,
SH605088,2026-06-04,0.6,
SH605089,2025-06-12,0.36,
SH605089,2026-06-30,0.36,
SH605090,2025-06-03,0.82868,
SH605090,2025-09-10,0.40199999999999997,
SH605090,2026-06-17,0.25,
SH605098,2025-05-21,0.75,
SH605098,2025-08-25,1.0,
SH605098,2025-11-07,0.5,
SH605098,2026-06-04,1.0,
SH605098,2026-09-07,1.2,
SH605099,2025-06-06,0.64,
SH605099,2026-06-12,0.8300000000000001,
SH605100,2025-05-26,0.2,
SH605100,2025-09-30,0.1,
SH605100,2026-05-25,,
SH605108,2025-07-08,0.12,
SH605108,2026-07-07,0.12,
SH605111,2025-06-13,0.0651,
SH605111,2026-06-16,0.1908,
SH605116,2025-06-20,0.29,
SH605116,2026-06-15,0.33999999999999997,
SH605117,2025-06-13,2.6,
SH605117,2025-11-05,1.108,
SH605117,2026-05-22,1.8,
SH605118,2025-05-28,0.31,
SH605118,2025-09-29,0.3,
SH605118,2026-06-17,0.3,
SH605118,2026-09-11,0.05,
SH605123,2025-06-10,0.258,
SH605123,2025-10-21,0.5,
SH605123,2026-04-29,0.27999999999999997,
SH605123,2026-09-21,0.5,
SH605128,2025-05-22,0.388,
SH605128,2026-06-02,0.27999999999999997,
SH605133,2025-07-11,0.15,
SH605133,2026-06-18,0.21000000000000002,
SH605136,2026-08-31,0.025,
SH605138,2025-06-06,0.05500000000000001,
SH605138,2026-06-15,0.054000000000000006,
SH605151,2025-07-04,0.08,
SH605155,2025-05-19,0.25,
SH605155,2026-05-26,0.2,
SH605158,2025-06-19,0.15,
SH605158,2026-06-25,0.05,
SH605162,2025-06-12,0.18,
SH605162,2026-06-25,0.16,
SH605166,2025-06-20,0.133,
SH605166,2026-06-24,0.063,
SH605167,2025-06-12,0.11299999999999999,
SH605167,2026-06-10,0.05,
SH605168,2025-05-26,0.72,
SH605168,2026-05-26,0.72,
SH605169,2025-06-12,0.25,
SH605169,2026-06-24,0.2,
SH605179,2025-06-27,0.015,
SH605179,2025-09-26,0.025,
SH605179,2026-06-08,0.038,
SH605180,2025-06-09,0.13,
SH605180,2026-06-16,0.06999999999999999,
SH605183,2025-07-09,0.3,
SH605183,2026-06-11,0.4,
SH605188,2025-06-04,0.01,
SH605188,2026-05-29,0.015,
SH605189,2025-06-26,0.18,
SH605189,2026-06-22,0.10400000000000001,
SH605196,2025-07-08,0.0635,
SH605198,2025-08-06,0.25,
SH605198,2026-07-09,0.3,
SH605208,2025-07-04,0.039,
SH605208,2026-06-04,0.06,
SH605218,2025-04-24,0.05500000000000001,
SH605218,2026-06-02,0.02,
SH605222,2025-07-10,0.04,
SH605222,2026-06-25,0.06,
SH605228,2025-11-27,0.027000000000000003,
SH605228,2026-05-20,0.11699999999999999,
SH605228,2026-09-21,0.045,
SH605255,2025-06-11,0.15,
SH605255,2025-11-13,0.075,
SH605255,2026-06-05,0.025,
SH605258,2025-06-13,0.7,
SH605258,2026-06-02,0.5,
SH605259,2025-07-11,0.6,
SH605259,2026-06-10,0.3,
SH605266,2025-06-18,1.1,
SH605266,2026-06-12,1.27,
SH605268,2025-07-08,0.2,
SH605268,2026-07-09,0.25,
SH605277,2025-06-16,0.15,
SH605277,2026-06-17,0.21000000000000002,
SH605286,2025-06-04,0.12,
SH605286,2025-09-30,0.06,
SH605286,2026-05-22,0.06,
SH605287,2026-07-13,0.051000000000000004,
SH605288,2025-06-23,0.375,
SH605288,2026-06-10,0.74,
SH605289,2026-05-21,0.25,
SH605296,2025-11-06,0.39,
SH605298,2025-06-04,0.15,
SH605298,2026-05-21,0.2,
SH605299,2025-05-09,0.2,
SH605299,2026-04-29,0.2,
SH605300,2025-06-17,0.06,
SH605300,2026-06-17,0.06999999999999999,
SH605305,2025-05-29,0.45,
SH605305,2025-09-23,0.37,
SH605305,2026-06-02,0.38,
SH605305,2026-09-11,0.38,
SH605318,2025-06-04,0.3,
SH605319,2025-06-03,0.39,
SH605319,2025-09-30,0.27999999999999997,
SH605319,2026-06-10,0.25,
SH605333,2025-06-12,0.22999999999999998,
SH605333,2026-06-16,0.2,
SH605336,2025-06-26,0.325,
SH605337,2025-06-16,0.5,
SH605337,2025-10-17,0.24,
SH605337,2026-06-22,0.22999999999999998,
SH605338,2025-05-14,0.8,
SH605338,2026-05-19,1.2,
SH605339,2025-06-10,0.16999999999999998,
SH605339,2026-06-16,0.03,
SH605358,2026-07-16,0.15,
SH605365,2025-06-06,0.42000000000000004,
SH605365,2026-06-12,0.21000000000000002,
SH605368,2025-04-29,0.45,
SH605368,2025-09-29,0.4,
SH605369,2025-06-26,0.4,
SH605369,2026-06-18,0.15,
SH605376,2025-07-08,0.15,
SH605376,2026-06-25,0.1,
SH605377,2025-06-04,0.45,
SH605377,2025-09-29,0.22999999999999998,
SH605377,2026-06-02,0.21000000000000002,
SH605377,2026-09-09,0.2,
SH605378,2025-06-04,0.5,
SH605378,2026-06-16,0.15,
SH605388,2025-06-20,0.08,
SH605389,2025-05-28,0.3,
SH605389,2025-09-02,0.42000000000000004,
SH605389,2026-05-27,0.45,
SH605389,2026-09-08,0.35,
SH605398,2025-08-13,0.015,
SH605398,2026-08-17,0.03,
SH605399,2025-07-28,0.1,
SH605488,2025-01-08,0.1,
SH605488,2025-05-30,0.15,
SH605488,2026-06-12,0.15,
SH605499,2025-04-18,2.5,
SH605499,2025-08-25,2.5,
SH605499,2026-05-18,2.5,
SH605500,2025-06-20,0.15,
SH605500,2026-06-09,0.06999999999999999,
SH605507,2025-06-13,0.60583,
SH605507,2026-05-29,0.6,
SH605555,2025-06-17,0.35,
SH605555,2026-06-18,0.27999999999999997,
SH605566,2025-07-18,0.1,
SH605566,2026-07-15,0.1,
SH605567,2025-06-25,0.1,
SH605567,2026-06-18,0.1,
SH605577,2025-07-04,0.15,
SH605577,2026-07-03,0.16,
SH605580,2025-05-28,0.25,
SH605580,2026-06-02,0.3,
SH605589,2025-05-19,0.55,
SH605589,2026-06-12,0.65,
SH605598,2025-07-17,0.11399999999999999,
SH605598,2026-06-02,0.081,
SH605599,2025-06-16,0.72,
SH605599,2026-06-11,0.78,
SH688001,2026-07-09,0.052000000000000005,
SH688001,2026-09-18,0.020999999999999998,
SH688002,2025-07-09,0.08,
SH688002,2025-09-26,0.08,
SH688002,2026-07-08,0.3,
SH688002,2026-09-18,0.5,
SH688003,2025-07-08,0.5,
SH688003,2026-06-05,0.5,
SH688005,2025-03-06,,
SH688005,2025-06-06,0.37,
SH688006,2025-03-17,0.057999999999999996,
SH688006,2025-06-18,0.057999999999999996,
SH688006,2025-10-13,0.066,
SH688006,2026-05-29,0.16599999999999998,
SH688006,2026-09-18,0.067,
SH688007,2025-06-16,0.02506,
SH688008,2025-05-30,0.39,
SH688008,2025-10-22,0.2,
SH688008,2026-07-29,0.39,
SH688009,2025-07-25,0.16999999999999998,
SH688009,2026-07-31,0.16999999999999998,
SH688010,2025-06-24,0.056999999999999995,
SH688012,2025-07-10,0.3,
SH688012,2026-05-29,0.35,
SH688013,2025-06-11,0.5,
SH688013,2025-10-16,0.5,
SH688013,2026-06-26,0.8,
SH688015,2025-06-04,0.22999999999999998,
SH688015,2026-06-02,0.42000000000000004,
SH688016,2025-06-06,0.35,
SH688016,2025-10-17,1.3,
SH688016,2026-06-05,1.0,
SH688017,2025-06-19,0.1,
SH688017,2026-07-10,0.21000000000000002,
SH688018,2025-06-04,0.6,
SH688018,2026-06-05,0.5,
SH688019,2025-06-16,0.45,
SH688019,2026-06-10,0.5,
SH688020,2025-06-20,0.18675999999999998,
SH688021,2026-06-17,0.1,
SH688025,2025-06-25,0.42000000000000004,
SH688025,2026-06-16,0.89,
SH688026,2025-07-02,0.073,
SH688026,2026-07-31,0.074,
SH688027,2026-05-12,0.016,
SH688028,2025-06-17,0.22000000000000003,
SH688028,2025-09-25,0.12,
SH688028,2026-06-01,0.13,
SH688029,2025-06-24,1.0,
SH688029,2025-09-26,0.5,
SH688029,2026-06-22,1.0,
SH688032,2025-06-19,3.2,
SH688035,2025-05-29,0.25,
SH688035,2025-10-14,0.1,
SH688035,2026-05-29,0.15,
SH688036,2025-06-05,1.5,
SH688036,2025-09-11,0.8,
SH688036,2026-05-22,0.9,
SH688036,2026-08-31,0.8,
SH688037,2025-07-08,0.11000000000000001,
SH688037,2026-08-10,0.036,
SH688041,2025-05-16,0.16999999999999998,
SH688041,2026-01-29,0.09,
SH688041,2026-06-23,0.15,
SH688045,2026-05-06,0.05442,
SH688046,2025-07-11,0.11000000000000001,
SH688046,2025-11-20,0.03,
SH688046,2026-06-09,0.19,
SH688049,2025-08-07,0.22999999999999998,
SH688049,2025-10-23,0.1,
SH688049,2026-06-24,0.26,
SH688050,2025-07-18,0.35,
SH688050,2026-06-22,0.32,
SH688056,2025-06-11,0.6,
SH688056,2026-06-15,0.15,
SH688057,2025-07-17,0.25,
SH688057,2026-07-10,0.2,
SH688059,2025-06-25,0.6,
SH688059,2026-01-08,0.6,
SH688059,2026-07-17,0.6,
SH688061,2026-06-22,0.2,
SH688063,2025-06-05,0.45,
SH688063,2026-05-27,0.124,
SH688065,2025-08-01,0.4,
SH688065,2026-07-29,0.45,
SH688067,2025-07-14,0.1,
SH688067,2025-12-08,0.054000000000000006,
SH688067,2026-07-15,0.1,
SH688069,2025-06-11,0.2,
SH688069,2025-09-26,0.2,
SH688069,2026-06-16,0.5,
SH688072,2025-06-19,0.27,
SH688072,2026-06-04,0.32999999999999996,
SH688073,2025-06-09,0.9,
SH688073,2026-06-10,1.16,
SH688075,2025-07-18,0.8,
SH688075,2026-07-09,0.8,
SH688076,2025-06-12,0.8,
SH688076,2026-06-12,0.35,
SH688077,2025-06-05,0.2,
SH688077,2026-05-22,0.22000000000000003,
SH688078,2025-06-17,0.136,
SH688080,2025-07-11,0.20044,
SH688080,2026-06-15,0.11000000000000001,
SH688082,2025-08-01,0.65386,
SH688082,2026-07-31,0.62016,
SH688083,2025-06-06,0.5,
SH688083,2026-06-04,0.35,
SH688085,2025-07-17,0.004200000000000001,
SH688085,2026-06-11,0.019200000000000002,
SH688087,2025-06-24,0.06,
SH688087,2025-09-29,0.1,
SH688087,2026-06-26,0.12,
SH688088,2025-06-23,0.25,
SH688088,2025-09-24,0.22000000000000003,
SH688088,2026-06-26,0.1,
SH688089,2025-07-10,0.20093999999999998,
SH688090,2025-06-26,0.1,
SH688090,2026-06-25,0.1,
SH688092,2025-06-12,0.18,
SH688092,2025-09-26,0.1,
SH688092,2026-05-28,0.16999999999999998,
SH688092,2026-09-14,0.04,
SH688093,2025-04-23,0.16,
SH688093,2025-12-05,0.4,
SH688093,2026-05-28,0.3,
SH688095,2025-06-11,0.3,
SH688095,2026-06-11,0.3,
SH688096,2025-07-15,0.15,
SH688097,2025-06-06,0.142,
SH688097,2025-10-13,0.093,
SH688097,2026-07-20,0.148,
SH688099,2026-05-22,0.2,
SH688100,2025-04-16,0.52,
SH688100,2025-09-12,0.25,
SH688100,2026-04-13,0.3,
SH688101,2026-07-09,0.13999999999999999,
SH688102,2025-01-24,0.04,
SH688102,2025-07-07,0.04,
SH688102,2026-02-04,0.04,
SH688102,2026-07-21,0.04,
SH688103,2025-07-02,0.21047,
SH688103,2026-07-03,0.22999999999999998,
SH688105,2025-06-05,0.15,
SH688105,2026-06-03,0.5,
SH688106,2025-05-16,0.1,
SH688106,2026-05-22,0.25,
SH688109,2025-05-30,0.38,
SH688109,2025-09-24,0.3,
SH688109,2026-06-01,0.25,
SH688111,2025-07-11,0.8985200000000001,
SH688111,2026-07-03,1.25,
SH688112,2025-06-06,0.51,
SH688112,2026-06-10,0.6599999999999999,
SH688113,2025-06-05,0.181,
SH688113,2025-10-16,0.248,
SH688113,2026-06-18,0.18,
SH688115,2025-06-09,0.22000000000000003,
SH688115,2025-10-15,0.22000000000000003,
SH688115,2026-07-15,0.067,
SH688115,2026-09-15,0.096,
SH688116,2025-06-30,0.146,
SH688116,2026-06-30,0.08299999999999999,
SH688117,2025-06-13,0.13999999999999999,
SH688117,2025-11-17,0.03176,
SH688117,2026-06-05,0.32,
SH688118,2025-05-30,0.15,
SH688118,2026-06-08,0.3,
SH688120,2025-07-03,0.55,
SH688120,2026-06-10,0.4,
SH688122,2025-01-22,0.1,
SH688122,2025-08-20,0.65,
SH688122,2026-07-22,0.4,
SH688123,2025-04-30,0.3,
SH688123,2026-04-27,0.7,
SH688127,2025-06-10,0.2,
SH688127,2026-05-28,0.3,
SH688128,2025-06-18,0.5,
SH688128,2026-02-06,0.25,
SH688128,2026-06-17,0.3,
SH688128,2026-09-09,0.25,
SH688129,2025-06-25,0.15,
SH688129,2026-07-14,0.266,
SH688130,2025-06-13,,
SH688131,2025-05-14,0.15,
SH688131,2025-10-22,0.08,
SH688131,2026-07-13,0.15,
SH688131,2026-09-21,0.09,
SH688133,2025-06-20,0.06999999999999999,
SH688136,2025-06-12,0.08,
SH688136,2026-06-15,0.25,
SH688138,2025-06-25,0.16999999999999998,
SH688138,2025-10-16,0.09,
SH688138,2026-06-23,0.09,
SH688139,2025-06-06,0.47000000000000003,
SH688139,2026-06-18,0.32999999999999996,
SH688143,2025-07-24,0.05,
SH688143,2026-07-17,0.05,
SH688146,2025-07-03,0.173,
SH688146,2026-06-17,0.196,
SH688147,2025-06-25,0.044,
SH688147,2026-06-30,0.144,
SH688150,2025-05-30,0.13,
SH688150,2025-10-16,0.18,
SH688150,2026-06-09,0.12,
SH688151,2025-05-29,0.0434,
SH688151,2026-06-18,0.05600000000000001,
SH688152,2025-06-13,,
SH688153,2026-08-13,0.077,
SH688155,2025-05-26,0.3,
SH688155,2025-09-30,0.3,
SH688155,2026-05-25,0.7,
SH688155,2026-09-10,0.5,
SH688157,2025-07-17,0.23210999999999998,
SH688157,2026-07-03,0.04,
SH688159,2025-07-18,0.09901,
SH688160,2025-05-30,0.3,
SH688160,2026-05-15,0.3,
SH688161,2025-06-12,0.16999999999999998,
SH688161,2025-10-21,0.1,
SH688161,2026-06-26,0.24,
SH688162,2026-06-23,0.2,
SH688163,2025-06-05,0.2,
SH688163,2025-09-26,0.12,
SH688163,2026-05-29,0.26,
SH688163,2026-09-15,0.12,
SH688166,2025-06-23,0.096,
SH688166,2026-06-09,0.016,
SH688167,2026-06-10,,
SH688168,2026-05-25,,
SH688169,2025-06-24,1.0696400000000001,
SH688169,2026-07-22,0.5267000000000001,
SH688171,2025-06-24,0.041999999999999996,
SH688171,2026-07-10,0.045,
SH688175,2025-05-27,0.1,
SH688175,2026-06-10,0.1,
SH688179,2025-02-26,0.1,
SH688179,2025-06-05,0.1,
SH688179,2026-01-19,0.06999999999999999,
SH688179,2026-07-02,0.06999999999999999,
SH688181,2026-06-05,0.19,
SH688182,2025-06-20,0.075,
SH688182,2026-02-12,0.0375,
SH688182,2026-06-25,0.0625,
SH688183,2025-06-04,0.25,
SH688183,2025-09-25,0.3,
SH688183,2026-06-05,0.6,
SH688186,2025-06-12,0.3825,
SH688187,2025-08-08,1.0,
SH688187,2025-10-20,0.44000000000000006,
SH688187,2026-08-07,0.6799999999999999,
SH688188,2025-06-09,2.16,
SH688188,2025-10-28,0.666,
SH688188,2026-06-29,1.9280000000000002,
SH688190,2025-06-03,0.63,
SH688190,2025-10-16,0.3,
SH688190,2026-01-15,0.5,
SH688190,2026-06-11,0.6,
SH688191,2025-06-06,0.5,
SH688191,2025-11-27,0.1,
SH688191,2026-06-08,,
SH688193,2025-06-27,0.1,
SH688193,2025-11-26,0.15,
SH688193,2026-06-10,1.0,
SH688195,2025-04-29,0.06999999999999999,
SH688195,2026-05-29,0.16399999999999998,
SH688196,2025-06-27,0.5,
SH688196,2026-06-25,0.5,
SH688198,2025-05-29,0.8,
SH688198,2026-05-26,0.8,
SH688199,2026-06-26,0.06,
SH688200,2025-04-30,0.75,
SH688200,2026-06-11,1.19,
SH688201,2026-07-13,0.025,
SH688203,2025-06-06,0.060050000000000006,
SH688205,2025-05-29,0.3,
SH688205,2025-10-21,0.1,
SH688205,2026-09-17,0.1,
SH688206,2025-07-11,0.03,
SH688206,2026-07-15,0.03,
SH688208,2025-05-14,0.5,
SH688208,2025-09-23,0.58,
SH688208,2026-05-15,0.5,
SH688209,2025-06-19,0.09,
SH688209,2026-07-07,0.062,
SH688210,2025-07-10,0.15,
SH688212,2025-06-18,0.08,
SH688213,2025-06-30,0.15,
SH688213,2025-12-03,0.125,
SH688213,2026-05-21,0.8800000000000001,
SH688215,2025-07-11,0.10032,
SH688215,2026-06-10,0.18,
SH688217,2025-10-24,0.16999999999999998,
SH688218,2025-06-13,0.19,
SH688219,2025-06-26,0.15,
SH688219,2026-06-22,0.15,
SH688222,2025-06-18,0.06,
SH688222,2026-06-18,0.13,
SH688226,2025-06-20,0.152,
SH688226,2026-09-16,0.051000000000000004,
SH688228,2025-05-16,0.151,
SH688230,2025-05-22,0.8,
SH688230,2026-03-19,0.43,
SH688231,2025-06-11,0.06999999999999999,
SH688231,2025-10-14,0.18,
SH688231,2026-06-23,0.06999999999999999,
SH688232,2025-06-10,0.36,
SH688232,2026-05-28,0.1,
SH688233,2025-06-06,0.075,
SH688233,2026-06-09,0.185,
SH688236,2025-08-01,0.049,
SH688236,2026-01-09,0.21000000000000002,
SH688236,2026-07-03,0.15,
SH688237,2025-06-19,0.33999999999999997,
SH688237,2026-07-07,0.33999999999999997,
SH688239,2025-06-03,0.22000000000000003,
SH688239,2026-06-24,0.15,
SH688244,2025-06-11,0.05,
SH688247,2025-06-27,0.037,
SH688247,2025-10-21,0.025,
SH688247,2026-06-26,0.01,
SH688248,2025-07-25,0.135,
SH688248,2025-12-05,0.13,
SH688248,2026-07-17,0.182,
SH688249,2025-06-19,0.1,
SH688251,2025-01-24,0.057999999999999996,
SH688251,2025-07-07,0.148,
SH688251,2026-07-07,0.05,
SH688252,2025-06-23,0.072,
SH688252,2026-08-19,0.1147,
SH688253,2025-06-24,0.5599999999999999,
SH688253,2026-06-16,0.45,
SH688255,2025-06-12,0.3,
SH688255,2026-06-09,0.15,
SH688256,2026-05-08,1.5,
SH688257,2025-05-30,0.3,
SH688257,2025-10-13,0.04,
SH688257,2026-06-11,0.25,
SH688258,2025-06-24,0.1,
SH688258,2025-12-09,0.1,
SH688258,2026-07-01,0.1,
SH688259,2025-01-24,0.15,
SH688259,2025-06-27,0.045,
SH688259,2026-01-28,0.2,
SH688259,2026-07-17,0.05,
SH688261,2025-06-19,0.03955,
SH688261,2026-07-08,0.0754,
SH688265,2026-07-13,0.125,
SH688267,2025-06-16,0.35,
SH688267,2025-12-10,0.3,
SH688267,2026-06-18,0.2,
SH688267,2026-09-22,0.12,
SH688268,2025-07-03,0.6,
SH688268,2026-07-09,0.5,
SH688269,2025-01-17,0.2,
SH688269,2025-06-26,0.3,
SH688269,2026-06-11,0.3,
SH688270,2026-06-17,,
SH688271,2025-07-25,0.08,
SH688271,2025-10-17,0.13,
SH688271,2026-07-20,0.18,
SH688271,2026-09-09,0.13,
SH688273,2025-06-17,0.4,
SH688273,2025-11-27,0.3,
SH688273,2026-05-26,0.5,
SH688276,2025-06-18,0.16899999999999998,
SH688278,2025-05-09,0.62,
SH688278,2026-05-29,0.62,
SH688279,2025-05-23,0.78,
SH688279,2026-06-05,0.78,
SH688281,2025-01-17,0.122,
SH688281,2025-05-30,0.52,
SH688281,2025-09-19,0.13,
SH688281,2026-02-12,0.06,
SH688281,2026-06-02,0.16,
SH688281,2026-09-03,0.09,
SH688283,2025-07-25,0.26,
SH688283,2026-06-12,0.26,
SH688285,2025-06-04,0.012,
SH688285,2025-09-26,0.008,
SH688285,2026-08-14,0.013000000000000001,
SH688286,2026-07-02,0.27,
SH688288,2026-06-03,0.1,
SH688289,2025-06-11,0.275,
SH688289,2025-09-23,0.262,
SH688289,2026-06-22,0.261,
SH688290,2025-07-09,0.06453,
SH688290,2025-11-10,0.05,
SH688291,2025-06-09,0.065,
SH688291,2025-10-17,0.1,
SH688291,2026-05-12,0.1,
SH688292,2025-06-26,0.12,
SH688292,2026-06-09,0.06,
SH688293,2025-05-23,0.2,
SH688293,2025-09-15,0.22999999999999998,
SH688293,2026-07-10,0.2,
SH688295,2026-05-21,0.033,
SH688297,2026-05-21,0.2,
SH688300,2025-05-29,0.5,
SH688300,2026-06-10,0.5,
SH688301,2025-06-19,1.0,
SH688301,2026-06-12,1.0,
SH688305,2025-06-04,0.24500000000000002,
SH688305,2026-06-03,0.21000000000000002,
SH688306,2026-06-12,0.008,
SH688307,2025-05-06,0.35,
SH688307,2025-10-23,0.1,
SH688307,2026-05-19,0.4,
SH688308,2025-07-17,0.15,
SH688308,2026-07-22,0.25,
SH688309,2025-06-23,0.088,
SH688309,2026-06-22,0.16999999999999998,
SH688310,2026-06-18,0.25,
SH688312,2025-06-12,0.5,
SH688312,2026-06-03,0.55,
SH688313,2025-06-18,0.06,
SH688313,2026-06-11,0.3,
SH688314,2025-05-13,0.18,
SH688314,2025-10-13,0.2,
SH688314,2026-05-13,0.32,
SH688314,2026-09-16,0.15,
SH688315,2025-06-10,0.05,
SH688315,2026-06-10,0.045,
SH688318,2025-06-06,0.5,
SH688318,2026-06-05,0.38,
SH688321,2026-05-14,0.057999999999999996,
SH688325,2025-07-08,1.0,
SH688325,2026-06-05,1.3,
SH688326,2026-06-26,0.3,
SH688328,2026-05-21,0.16,
SH688329,2026-06-29,0.2501,
SH688330,2025-08-04,0.33999999999999997,
SH688330,2026-06-22,0.45999999999999996,
SH688332,2025-05-16,1.0,
SH688332,2026-05-18,2.0,
SH688333,2025-07-15,0.11200000000000002,
SH688333,2026-06-24,0.08131000000000001,
SH688333,2026-09-16,0.0288,
SH688334,2025-01-15,0.1,
SH688334,2025-06-06,0.13999999999999999,
SH688334,2025-09-12,0.231,
SH688334,2026-05-26,0.205,
SH688334,2026-09-14,0.244,
SH688335,2025-05-29,0.2,
SH688335,2026-06-11,0.2,
SH688336,2025-06-13,0.09,
SH688336,2025-11-07,0.033,
SH688336,2026-06-18,0.45,
SH688337,2025-07-18,0.4,
SH688337,2026-06-18,0.4,
SH688338,2025-06-12,0.32999999999999996,
SH688338,2026-06-04,0.26,
SH688345,2026-05-11,0.2,
SH688348,2025-07-04,0.4,
SH688349,2025-06-16,0.6,
SH688349,2026-06-18,0.37,
SH688350,2026-05-28,0.075,
SH688351,2026-06-12,0.020999999999999998,
SH688352,2025-06-13,0.05,
SH688352,2025-10-22,0.05,
SH688352,2026-06-05,0.05,
SH688355,2025-06-26,0.45,
SH688355,2026-06-26,0.5,
SH688356,2025-07-11,0.15,
SH688356,2026-06-29,0.31,
SH688357,2025-06-26,0.2,
SH688357,2026-06-15,0.3,
SH688358,2025-07-15,1.0,
SH688358,2026-02-12,0.3,
SH688358,2026-07-08,0.58,
SH688360,2025-06-11,0.15,
SH688360,2026-06-04,0.11000000000000001,
SH688363,2025-07-14,0.11000000000000001,
SH688363,2026-07-13,0.19,
SH688366,2025-06-30,0.6,
SH688366,2025-10-16,0.4,
SH688366,2026-06-17,0.6,
SH688366,2026-09-18,0.25,
SH688367,2025-07-10,0.11000000000000001,
SH688367,2026-07-08,0.11000000000000001,
SH688368,2025-04-29,0.5,
SH688368,2026-06-09,1.0,
SH688370,2025-06-04,0.36,
SH688370,2026-06-26,0.21000000000000002,
SH688371,2026-06-12,0.05,
SH688372,2025-06-18,0.33999999999999997,
SH688372,2026-06-24,0.55,
SH688375,2025-06-19,0.4,
SH688375,2026-06-26,0.426,
SH688376,2025-07-23,0.2,
SH688376,2026-06-23,0.15,
SH688377,2025-06-20,0.13999999999999999,
SH688377,2026-05-22,0.2,
SH688378,2025-06-18,0.25,
SH688378,2026-06-29,0.2,
SH688379,2025-06-06,0.277,
SH688379,2025-10-17,0.15,
SH688379,2026-07-10,0.47000000000000003,
SH688380,2025-07-17,0.25,
SH688380,2026-05-25,0.3,
SH688381,2025-06-19,0.22000000000000003,
SH688381,2026-06-10,0.1,
SH688383,2025-07-11,0.2,
SH688385,2025-07-03,0.08,
SH688385,2026-07-06,0.057999999999999996,
SH688386,2025-06-09,0.1,
SH688386,2026-06-05,0.35,
SH688388,2026-06-17,0.045,
SH688389,2025-05-23,0.282,
SH688389,2026-05-28,0.282,
SH688391,2025-08-25,0.6,
SH688391,2026-06-18,0.3,
SH688392,2025-06-24,0.35,
SH688392,2025-12-26,0.2,
SH688392,2026-06-01,0.2,
SH688392,2026-09-22,0.2,
SH688393,2025-05-29,0.1,
SH688393,2026-06-03,0.1,
SH688395,2025-06-06,0.15,
SH688395,2026-06-12,0.18,
SH688396,2025-06-12,0.057999999999999996,
SH688396,2025-10-17,0.026000000000000002,
SH688396,2026-06-25,0.051000000000000004,
SH688398,2025-07-14,0.1,
SH688398,2026-06-22,0.05,
SH688399,2025-06-13,,
SH688399,2025-09-11,3.4,
SH688399,2026-07-10,,
SH688400,2025-06-20,0.025,
SH688400,2026-07-10,0.08499999999999999,
SH688401,2025-05-30,0.3,
SH688401,2026-06-10,0.4,
SH688403,2025-05-16,0.095,
SH688403,2026-05-20,0.05,
SH688408,2025-06-26,1.0,
SH688409,2025-07-17,0.15,
SH688410,2025-06-17,0.1,
SH688410,2026-07-10,0.2,
SH688411,2025-06-13,1.1,
SH688411,2026-06-03,1.59,
SH688416,2026-06-24,,
SH688419,2025-07-11,0.4,
SH688419,2026-06-09,0.4,
SH688420,2025-06-19,0.15,
SH688425,2025-08-07,0.08499999999999999,
SH688425,2026-08-07,0.08399999999999999,
SH688432,2025-06-25,0.06,
SH688432,2026-06-24,0.05500000000000001,
SH688433,2025-05-08,0.049,
SH688433,2026-05-25,0.051000000000000004,
SH688439,2025-06-24,0.16299999999999998,
SH688439,2026-06-30,0.16999999999999998,
SH688448,2025-06-18,0.3,
SH688448,2026-06-02,,
SH688449,2026-06-10,0.05,
SH688456,2025-06-18,0.2,
SH688456,2026-06-25,0.23700000000000002,
SH688459,2025-06-17,0.1,
SH688459,2025-09-25,0.03,
SH688459,2026-06-24,0.12,
SH688466,2025-02-13,0.41,
SH688466,2026-07-08,0.28700000000000003,
SH688468,2025-06-13,0.125,
SH688472,2025-07-08,0.09341,
SH688472,2026-07-15,0.09879,
SH688475,2025-05-28,0.35,
SH688475,2026-05-28,0.4,
SH688478,2025-06-19,0.25,
SH688479,2025-05-29,0.5,
SH688479,2026-06-03,0.26,
SH688480,2025-07-08,0.63,
SH688480,2026-06-18,0.42000000000000004,
SH688484,2025-07-09,0.2,
SH688484,2026-06-05,0.25,
SH688485,2025-07-11,0.0234,
SH688486,2025-04-25,0.7,
SH688486,2026-06-15,1.04,
SH688489,2025-06-03,0.11299999999999999,
SH688489,2026-05-27,,
SH688498,2025-01-07,0.1,
SH688498,2025-07-31,0.1,
SH688498,2025-09-19,0.3,
SH688498,2026-05-18,0.7,
SH688501,2025-07-21,0.24,
SH688501,2026-08-06,0.27999999999999997,
SH688502,2025-06-11,0.21000000000000002,
SH688502,2025-09-22,0.13,
SH688502,2026-06-22,0.27999999999999997,
SH688503,2025-06-12,0.43446999999999997,
SH688503,2026-06-18,0.43200000000000005,
SH688505,2025-07-18,0.03,
SH688507,2025-06-05,0.183,
SH688507,2025-10-21,0.19,
SH688507,2026-06-17,0.143,
SH688508,2025-05-29,0.4,
SH688508,2026-06-09,0.45,
SH688510,2025-05-06,0.2,
SH688510,2026-05-25,0.2,
SH688511,2026-04-07,0.3,
SH688513,2025-06-11,0.43,
SH688513,2026-06-02,0.49000000000000005,
SH688516,2025-06-10,1.6,
SH688516,2025-09-26,0.5,
SH688516,2026-06-15,0.8,
SH688517,2025-06-05,0.55,
SH688517,2026-06-05,0.49000000000000005,
SH688518,2025-05-28,0.15,
SH688518,2026-06-03,0.15,
SH688519,2025-06-24,0.1,
SH688519,2026-05-11,0.32,
SH688522,2025-06-06,0.1,
SH688522,2025-09-17,0.05,
SH688522,2026-06-01,0.06,
SH688525,2026-06-16,0.2141,
SH688525,2026-09-18,0.4242,
SH688526,2025-06-16,0.43,
SH688526,2026-05-26,0.64,
SH688530,2025-06-11,0.065,
SH688531,2025-07-10,0.6,
SH688531,2026-06-10,0.6,
SH688533,2025-06-09,0.45,
SH688533,2026-06-08,0.35,
SH688535,2025-07-29,0.2002,
SH688535,2026-04-30,0.1,
SH688536,2026-06-12,0.155,
SH688539,2025-06-24,0.2,
SH688539,2026-06-25,0.2,
SH688543,2025-05-29,0.9,
SH688543,2026-05-22,0.9,
SH688545,2025-05-23,0.2,
SH688545,2026-06-12,0.3,
SH688548,2025-06-19,0.046,
SH688548,2025-10-14,0.037,
SH688548,2026-06-26,0.06,
SH688549,2025-06-20,0.005,
SH688550,2025-05-27,0.5900000000000001,
SH688550,2026-05-28,0.9,
SH688550,2026-09-03,0.12,
SH688551,2025-06-09,0.4,
SH688551,2026-02-06,0.1,
SH688551,2026-06-05,0.2,
SH688552,2026-06-12,0.028999999999999998,
SH688553,2025-06-13,0.46319999999999995,
SH688553,2026-06-17,0.2,
SH688556,2025-06-27,0.18,
SH688557,2025-06-20,0.32999999999999996,
SH688557,2026-07-09,0.32999999999999996,
SH688558,2025-05-29,0.6,
SH688558,2026-05-29,0.75,
SH688563,2025-05-16,0.302,
SH688563,2025-10-21,0.23045,
SH688563,2026-07-10,0.21528,
SH688565,2026-06-10,0.03,
SH688566,2025-06-13,0.26,
SH688566,2025-09-17,0.26,
SH688566,2026-06-25,0.26,
SH688568,2025-05-21,0.13,
SH688568,2026-06-30,0.012,
SH688569,2025-05-27,0.35,
SH688569,2026-05-26,0.27,
SH688570,2025-05-26,0.32999999999999996,
SH688570,2026-05-28,0.1,
SH688571,2025-06-11,0.2,
SH688571,2026-06-09,0.15,
SH688575,2025-06-27,0.21000000000000002,
SH688575,2026-06-12,0.020999999999999998,
SH688576,2025-06-25,1.0,
SH688576,2026-06-23,0.5,
SH688577,2025-06-09,0.6,
SH688577,2026-06-09,0.4,
SH688578,2025-06-03,0.4,
SH688578,2025-09-10,0.4,
SH688578,2026-06-01,0.6,
SH688578,2026-09-02,0.6,
SH688579,2025-06-24,0.065,
SH688579,2026-07-01,0.05,
SH688580,2025-06-17,0.8,
SH688580,2026-06-18,1.082,
SH688581,2025-07-09,1.3735,
SH688581,2026-06-17,1.0390000000000001,
SH688582,2025-04-24,0.22400000000000003,
SH688582,2025-09-19,0.156,
SH688582,2026-04-30,0.148,
SH688583,2025-06-19,0.55,
SH688583,2025-10-23,0.15,
SH688583,2026-06-25,0.2,
SH688584,2025-06-18,0.2,
SH688584,2026-08-13,0.09944,
SH688585,2025-05-23,0.031,
SH688586,2025-05-16,0.09,
SH688586,2026-05-11,0.026000000000000002,
SH688588,2025-07-09,0.2,
SH688588,2026-06-17,0.2,
SH688589,2025-06-06,0.3,
SH688589,2026-06-10,0.1,
SH688590,2025-12-19,0.034999999999999996,
SH688591,2025-06-27,0.205,
SH688591,2026-06-17,0.266,
SH688592,2025-07-09,0.12,
SH688592,2026-07-02,0.08,
SH688593,2026-07-15,0.045,
SH688596,2025-06-27,0.27959999999999996,
SH688596,2026-05-27,0.1,
SH688597,2025-06-23,0.153,
SH688600,2025-06-23,0.1,
SH688600,2026-06-10,0.2,
SH688601,2025-06-10,0.4,
SH688601,2026-07-03,0.1,
SH688603,2025-01-06,,
SH688603,2025-06-13,0.3,
SH688603,2026-06-30,0.1406,
SH688605,2025-06-26,0.2,
SH688605,2026-05-28,0.1,
SH688606,2025-06-11,1.5,
SH688606,2025-10-16,1.0,
SH688606,2026-06-01,1.0,
SH688607,2025-06-13,0.061,
SH688608,2025-07-02,1.2,
SH688608,2026-07-01,1.4,
SH688610,2025-11-07,0.2,
SH688611,2025-05-20,0.2,
SH688612,2025-06-09,0.359,
SH688612,2026-06-08,0.6599999999999999,
SH688613,2026-08-06,0.0304,
SH688615,2025-05-26,2.0,
SH688615,2026-04-27,1.65,
SH688616,2025-06-27,0.3,
SH688616,2026-06-16,0.3,
SH688617,2025-06-19,1.75,
SH688617,2026-05-14,1.0,
SH688618,2025-07-03,0.16,
SH688618,2026-07-01,0.16,
SH688621,2025-06-11,0.16299999999999998,
SH688621,2026-06-29,0.187,
SH688623,2025-06-24,1.072,
SH688623,2025-10-24,0.125,
SH688623,2026-07-01,0.835,
SH688623,2026-09-14,0.10300000000000001,
SH688625,2025-01-21,0.35,
SH688625,2025-06-09,0.25,
SH688625,2025-09-03,0.22999999999999998,
SH688625,2026-06-04,,
SH688626,2025-06-11,0.24,
SH688626,2026-06-17,0.18,
SH688627,2025-07-10,0.3191,
SH688627,2026-06-17,0.22400000000000003,
SH688628,2025-06-30,1.0,
SH688628,2025-11-04,0.3,
SH688628,2026-07-08,0.8,
SH688630,2025-06-18,0.37,
SH688630,2026-04-22,0.7,
SH688631,2025-06-19,0.4,
SH688631,2026-06-17,0.16999999999999998,
SH688633,2025-07-15,0.35,
SH688633,2026-07-02,0.6,
SH688636,2025-06-05,0.142,
SH688636,2026-04-29,0.1,
SH688639,2025-07-10,0.25,
SH688639,2026-05-12,0.16,
SH688648,2026-08-21,0.25,
SH688651,2026-07-10,,
SH688652,2025-08-19,0.125,
SH688652,2026-07-30,0.125,
SH688656,2025-05-29,0.3,
SH688656,2026-05-29,0.2,
SH688657,2025-05-16,0.7,
SH688657,2026-05-14,0.6,
SH688661,2025-06-06,0.08,
SH688661,2026-05-27,0.08,
SH688662,2025-06-23,0.35,
SH688662,2026-06-15,0.4,
SH688663,2025-06-20,0.6,
SH688663,2026-07-27,0.22000000000000003,
SH688665,2025-06-18,0.35,
SH688665,2026-06-10,0.4,
SH688667,2025-08-12,0.09923,
SH688667,2026-06-11,0.8,
SH688668,2025-05-23,0.5,
SH688668,2025-08-29,0.2,
SH688668,2026-05-26,0.4,
SH688676,2025-05-23,0.506,
SH688676,2026-05-08,0.6799999999999999,
SH688677,2025-06-06,0.6,
SH688677,2026-06-10,0.6,
SH688678,2025-06-03,0.1,
SH688678,2026-04-22,0.1,
SH688679,2025-05-29,0.05,
SH688681,2025-06-13,0.1,
SH688681,2026-06-02,0.193,
SH688682,2025-06-05,0.2,
SH688682,2026-06-30,0.2,
SH688683,2025-06-16,0.066,
SH688683,2026-06-12,0.08,
SH688685,2025-06-27,0.157,
SH688685,2026-06-22,0.045,
SH688686,2025-06-16,0.25,
SH688686,2026-05-15,0.5349999999999999,
SH688686,2026-09-10,0.2,
SH688687,2025-06-11,0.3,
SH688687,2026-06-03,0.25,
SH688689,2025-06-10,0.22999999999999998,
SH688689,2026-06-26,0.25,
SH688690,2025-06-13,0.063,
SH688690,2026-06-04,0.10200000000000001,
SH688691,2025-07-14,0.16999999999999998,
SH688692,2025-02-27,0.5,
SH688692,2025-05-23,,
SH688692,2025-10-15,0.6,
SH688692,2026-05-26,1.0,
SH688695,2025-06-06,0.13999999999999999,
SH688696,2026-05-19,1.1844,
SH688697,2025-06-18,0.6,
SH688697,2026-06-15,0.45,
SH688698,2025-06-06,0.27,
SH688698,2025-10-09,0.15,
SH688698,2026-06-08,0.35,
SH688700,2025-06-26,0.1,
SH688700,2026-07-16,0.2,
SH688700,2026-09-22,0.16999999999999998,
SH688708,2025-01-27,0.3,
SH688708,2025-05-23,0.1,
SH688708,2026-06-01,0.5,
SH688709,2025-07-18,0.02,
SH688709,2026-07-15,0.049,
SH688710,2025-07-23,0.32,
SH688716,2025-06-12,0.2,
SH688716,2026-06-11,0.2,
SH688717,2025-12-09,0.9375,
SH688718,2025-10-23,0.11599999999999999,
SH688719,2025-06-25,0.16513,
SH688720,2026-06-15,0.11000000000000001,
SH688721,2025-05-13,0.4,
SH688722,2025-06-18,0.06677,
SH688722,2026-06-24,0.1,
SH688726,2025-05-26,0.37,
SH688726,2026-06-18,0.31,
SH688728,2025-07-04,0.022,
SH688729,2026-06-26,0.0273,
SH688733,2025-06-16,0.1,
SH688733,2026-06-16,0.1,
SH688739,2025-06-10,0.8,
SH688739,2026-06-03,0.1,
SH688750,2025-06-20,0.08399999999999999,
SH688750,2026-07-29,0.023,
SH688755,2025-09-29,0.1,
SH688755,2026-06-09,0.12,
SH688757,2025-06-30,0.149,
SH688757,2025-11-07,0.05,
SH688757,2026-07-07,0.062,
SH688758,2025-06-13,0.040999999999999995,
SH688758,2025-09-24,0.026000000000000002,
SH688758,2026-07-22,0.06999999999999999,
SH688766,2025-05-30,0.43,
SH688766,2026-05-26,0.12,
SH688767,2025-01-10,0.5,
SH688767,2025-06-06,1.0,
SH688767,2026-06-01,0.7,
SH688768,2025-06-09,0.43,
SH688768,2026-06-02,0.3,
SH688772,2025-06-19,0.3,
SH688772,2026-05-28,0.3,
SH688775,2026-08-21,0.23500000000000001,
SH688776,2025-01-24,0.185,
SH688777,2025-05-30,0.71,
SH688777,2026-06-08,0.27999999999999997,
SH688778,2025-07-03,0.4,
SH688778,2025-09-10,0.2,
SH688778,2026-06-26,0.3,
SH688778,2026-09-16,0.3,
SH688779,2026-06-18,0.041370000000000004,
SH688785,2026-06-18,0.8,
SH688786,2025-06-06,0.25,
SH688786,2026-06-08,0.2,
SH688787,2025-06-27,0.35,
SH688787,2026-07-01,0.1,
SH688788,2025-06-24,,
SH688788,2026-06-10,,
SH688789,2025-06-30,0.6,
SH688789,2025-10-21,0.3,
SH688789,2026-07-03,0.6,
SH688798,2025-05-20,0.32999999999999996,
SH688798,2026-05-22,0.43,
SH688799,2025-05-29,0.6,
SH688799,2026-07-01,0.17880000000000001,
SH688800,2025-05-30,0.35,
SH688800,2026-06-17,0.3,
SH688805,2026-06-05,0.3,
SH688807,2026-06-09,0.36,
SH688809,2026-06-22,1.0,
SH688811,2026-07-20,0.041999999999999996,
SH688813,2026-07-31,0.5,
SH688816,2026-05-28,0.24,
SH688818,2026-07-17,0.07463,
SH688819,2025-06-13,0.41,
SH688819,2026-06-11,0.55,
SH689009,2025-06-13,1.131,
SH689009,2025-10-31,0.42073,
SH689009,2026-08-07,1.2385199999999998,
