idx,symbol,industry,sector
0,SZ302132,航空装备,国防军工
1,SZ301717,半导体,电子
2,SZ301707,半导体,电子
3,SZ301696,航空装备,国防军工
4,SZ301687,塑料,基础化工
5,SZ301683,化学制品,基础化工
6,SZ301682,军工电子,国防军工
7,SZ301680,汽车零部件,汽车
8,SZ301678,半导体,电子
9,SZ301677,通用设备,机械设备
10,SZ301669,其他电源设备,电力设备
11,SZ301668,电网设备,电力设备
12,SZ301667,汽车零部件,汽车
13,SZ301666,计算机设备,计算机
14,SZ301665,农化制品,基础化工
15,SZ301662,电池,电力设备
16,SZ301658,光伏设备,电力设备
17,SZ301656,汽车零部件,汽车
18,SZ301655,汽车零部件,汽车
19,SZ301638,IT服务,计算机
20,SZ301636,光伏设备,电力设备
21,SZ301633,自动化设备,机械设备
22,SZ301632,专业服务,社会服务
23,SZ301631,汽车零部件,汽车
24,SZ301630,电子化学品,电子
25,SZ301629,半导体,电子
26,SZ301628,元件,电子
27,SZ301626,消费电子,电子
28,SZ301622,金属新材料,有色金属
29,SZ301618,化学制品,基础化工
30,SZ301617,化学制品,基础化工
31,SZ301616,通用设备,机械设备
32,SZ301613,汽车零部件,汽车
33,SZ301611,半导体,电子
34,SZ301609,电网设备,电力设备
35,SZ301608,计算机设备,计算机
36,SZ301607,汽车零部件,汽车
37,SZ301606,消费电子,电子
38,SZ301603,通用设备,机械设备
39,SZ301602,医疗器械,医药生物
40,SZ301601,专用设备,机械设备
41,SZ301600,计算机设备,计算机
42,SZ301599,自动化设备,机械设备
43,SZ301598,专用设备,机械设备
44,SZ301596,通用设备,机械设备
45,SZ301595,家居用品,轻工制造
46,SZ301592,军工电子,国防军工
47,SZ301591,塑料,基础化工
48,SZ301590,其他电源设备,电力设备
49,SZ301589,计算机设备,计算机
50,SZ301588,家居用品,轻工制造
51,SZ301587,电池,电力设备
52,SZ301586,航空装备,国防军工
53,SZ301585,化学制品,基础化工
54,SZ301584,医药商业,医药生物
55,SZ301583,半导体,电子
56,SZ301581,汽车零部件,汽车
57,SZ301580,医疗器械,医药生物
58,SZ301578,黑色家电,家用电器
59,SZ301577,通信设备,通信
60,SZ301575,家居用品,轻工制造
61,SZ301571,军工电子,国防军工
62,SZ301568,自动化设备,机械设备
63,SZ301567,消费电子,电子
64,SZ301566,元件,电子
65,SZ301565,塑料,基础化工
66,SZ301563,其他电子,电子
67,SZ301560,汽车零部件,汽车
68,SZ301559,通用设备,机械设备
69,SZ301558,互联网电商,商贸零售
70,SZ301557,风电设备,电力设备
71,SZ301556,IT服务,计算机
72,SZ301555,塑料,基础化工
73,SZ301552,汽车零部件,汽车
74,SZ301551,电视广播,传媒
75,SZ301550,汽车零部件,汽车
76,SZ301548,通用设备,机械设备
77,SZ301539,汽车零部件,汽车
78,SZ301538,塑料,基础化工
79,SZ301536,半导体,电子
80,SZ301535,汽车零部件,汽车
81,SZ301533,专用设备,机械设备
82,SZ301531,金属新材料,有色金属
83,SZ301529,汽车零部件,汽车
84,SZ301528,通用设备,机械设备
85,SZ301526,玻璃玻纤,建筑材料
86,SZ301525,通用设备,机械设备
87,SZ301522,金属新材料,有色金属
88,SZ301520,医疗服务,医药生物
89,SZ301519,环境治理,环保
90,SZ301518,化学制品,基础化工
91,SZ301517,军工电子,国防军工
92,SZ301516,其他电源设备,电力设备
93,SZ301515,医疗器械,医药生物
94,SZ301513,电池,电力设备
95,SZ301512,自动化设备,机械设备
96,SZ301511,电池,电力设备
97,SZ301510,自动化设备,机械设备
98,SZ301509,医疗服务,医药生物
99,SZ301508,专业服务,社会服务
100,SZ301507,化学制药,医药生物
101,SZ301505,工程咨询服务,建筑装饰
102,SZ301503,计算机设备,计算机
103,SZ301502,电机,电力设备
104,SZ301501,家居用品,轻工制造
105,SZ301500,环境治理,环保
106,SZ301499,汽车零部件,汽车
107,SZ301498,饲料,农林牧渔
108,SZ301491,消费电子,电子
109,SZ301489,电子化学品,电子
110,SZ301488,汽车零部件,汽车
111,SZ301487,电池,电力设备
112,SZ301486,消费电子,电子
113,SZ301479,光学光电子,电子
114,SZ301469,造纸,轻工制造
115,SZ301468,通用设备,机械设备
116,SZ301459,橡胶,基础化工
117,SZ301458,元件,电子
118,SZ301456,风电设备,电力设备
119,SZ301449,专业服务,社会服务
120,SZ301448,通用设备,机械设备
121,SZ301446,工程机械,机械设备
122,SZ301439,电网设备,电力设备
123,SZ301429,装修建材,建筑材料
124,SZ301428,通信服务,通信
125,SZ301421,光学光电子,电子
126,SZ301419,通信设备,通信
127,SZ301418,自动化设备,机械设备
128,SZ301413,通用设备,机械设备
129,SZ301408,医药商业,医药生物
130,SZ301399,通用设备,机械设备
131,SZ301398,汽车零部件,汽车
132,SZ301397,汽车零部件,汽车
133,SZ301396,IT服务,计算机
134,SZ301395,塑料,基础化工
135,SZ301393,生物制品,医药生物
136,SZ301392,专用设备,机械设备
137,SZ301391,计算机设备,计算机
138,SZ301390,工程咨询服务,建筑装饰
139,SZ301389,消费电子,电子
140,SZ301388,电网设备,电力设备
141,SZ301387,消费电子,电子
142,SZ301386,电网设备,电力设备
143,SZ301383,消费电子,电子
144,SZ301382,通信服务,通信
145,SZ301381,互联网电商,商贸零售
146,SZ301380,通信服务,通信
147,SZ301379,光学光电子,电子
148,SZ301378,软件开发,计算机
149,SZ301377,通用设备,机械设备
150,SZ301376,家居用品,轻工制造
151,SZ301373,化学制品,基础化工
152,SZ301372,环境治理,环保
153,SZ301371,化妆品,美容护理
154,SZ301370,医疗器械,医药生物
155,SZ301369,半导体,电子
156,SZ301368,通用设备,机械设备
157,SZ301367,医疗器械,医药生物
158,SZ301366,元件,电子
159,SZ301365,工程咨询服务,建筑装饰
160,SZ301363,医疗器械,医药生物
161,SZ301362,照明设备,家用电器
162,SZ301361,电网设备,电力设备
163,SZ301360,通用设备,机械设备
164,SZ301359,其他电子,电子
165,SZ301358,电池,电力设备
166,SZ301357,地面兵装,国防军工
167,SZ301356,家居用品,轻工制造
168,SZ301355,包装印刷,轻工制造
169,SZ301353,通用设备,机械设备
170,SZ301349,电池,电力设备
171,SZ301348,半导体,电子
172,SZ301345,摩托车及其他,汽车
173,SZ301339,计算机设备,计算机
174,SZ301338,专用设备,机械设备
175,SZ301337,软件开发,计算机
176,SZ301336,家居用品,轻工制造
177,SZ301335,文娱用品,轻工制造
178,SZ301333,医疗服务,医药生物
179,SZ301332,小家电,家用电器
180,SZ301331,中药,医药生物
181,SZ301330,计算机设备,计算机
182,SZ301329,消费电子,电子
183,SZ301328,其他电子,电子
184,SZ301327,电池,电力设备
185,SZ301326,消费电子,电子
186,SZ301325,电池,电力设备
187,SZ301323,金属新材料,有色金属
188,SZ301322,摩托车及其他,汽车
189,SZ301321,光学光电子,电子
190,SZ301320,自动化设备,机械设备
191,SZ301319,电子化学品,电子
192,SZ301318,计算机设备,计算机
193,SZ301317,通用设备,机械设备
194,SZ301316,IT服务,计算机
195,SZ301315,软件开发,计算机
196,SZ301314,通信设备,通信
197,SZ301313,数字媒体,传媒
198,SZ301312,自动化设备,机械设备
199,SZ301311,通用设备,机械设备
200,SZ301310,汽车零部件,汽车
201,SZ301309,通用设备,机械设备
202,SZ301308,半导体,电子
203,SZ301307,通信设备,通信
204,SZ301306,军工电子,国防军工
205,SZ301305,环境治理,环保
206,SZ301303,通用设备,机械设备
207,SZ301302,军工电子,国防军工
208,SZ301301,化学制药,医药生物
209,SZ301300,橡胶,基础化工
210,SZ301299,数字媒体,传媒
211,SZ301298,汽车零部件,汽车
212,SZ301297,半导体,电子
213,SZ301296,包装印刷,轻工制造
214,SZ301295,电网设备,电力设备
215,SZ301293,医疗服务,医药生物
216,SZ301292,电池,电力设备
217,SZ301291,电网设备,电力设备
218,SZ301290,医疗器械,医药生物
219,SZ301289,专业服务,社会服务
220,SZ301288,环保设备,环保
221,SZ301287,文娱用品,轻工制造
222,SZ301286,化学制品,基础化工
223,SZ301285,消费电子,电子
224,SZ301283,化学制品,基础化工
225,SZ301282,元件,电子
226,SZ301281,化学制药,医药生物
227,SZ301280,家电零部件,家用电器
228,SZ301279,工程机械,机械设备
229,SZ301278,光伏设备,电力设备
230,SZ301277,化学制药,医药生物
231,SZ301276,服装家纺,纺织服饰
232,SZ301275,其他电子,电子
233,SZ301273,通用设备,机械设备
234,SZ301272,通用设备,机械设备
235,SZ301270,软件开发,计算机
236,SZ301269,软件开发,计算机
237,SZ301268,通用设备,机械设备
238,SZ301267,医疗服务,医药生物
239,SZ301266,光伏设备,电力设备
240,SZ301265,环境治理,环保
241,SZ301263,化学制药,医药生物
242,SZ301262,广告营销,传媒
243,SZ301261,通用设备,机械设备
244,SZ301260,专用设备,机械设备
245,SZ301259,环境治理,环保
246,SZ301258,化学制药,医药生物
247,SZ301257,医疗服务,医药生物
248,SZ301256,化学原料,基础化工
249,SZ301255,通用设备,机械设备
250,SZ301252,家电零部件,家用电器
251,SZ301251,元件,电子
252,SZ301248,IT服务,计算机
253,SZ301246,化学制药,医药生物
254,SZ301239,医疗服务,医药生物
255,SZ301238,电池,电力设备
256,SZ301237,塑料,基础化工
257,SZ301236,IT服务,计算机
258,SZ301235,医疗器械,医药生物
259,SZ301234,医疗器械,医药生物
260,SZ301233,汽车零部件,汽车
261,SZ301232,风电设备,电力设备
262,SZ301231,出版,传媒
263,SZ301230,医疗服务,医药生物
264,SZ301229,汽车零部件,汽车
265,SZ301228,专业服务,社会服务
266,SZ301227,家居用品,轻工制造
267,SZ301226,电机,电力设备
268,SZ301225,汽车零部件,汽车
269,SZ301223,包装印刷,轻工制造
270,SZ301222,电池,电力设备
271,SZ301221,汽车零部件,汽车
272,SZ301220,化学制品,基础化工
273,SZ301219,能源金属,有色金属
274,SZ301218,IT服务,计算机
275,SZ301217,电池,电力设备
276,SZ301216,塑料,基础化工
277,SZ301215,汽车服务,汽车
278,SZ301213,军工电子,国防军工
279,SZ301212,化学制品,基础化工
280,SZ301211,化学制药,医药生物
281,SZ301210,电池,电力设备
282,SZ301209,化学制品,基础化工
283,SZ301208,IT服务,计算机
284,SZ301207,生物制品,医药生物
285,SZ301206,化学制品,基础化工
286,SZ301205,通信设备,通信
287,SZ301203,环境治理,环保
288,SZ301202,通信设备,通信
289,SZ301201,医疗服务,医药生物
290,SZ301200,专用设备,机械设备
291,SZ301199,自动化设备,机械设备
292,SZ301198,包装印刷,轻工制造
293,SZ301197,通用设备,机械设备
294,SZ301196,塑料,基础化工
295,SZ301195,软件开发,计算机
296,SZ301193,家居用品,轻工制造
297,SZ301192,汽车零部件,汽车
298,SZ301191,通信设备,通信
299,SZ301190,化学原料,基础化工
300,SZ301189,消费电子,电子
301,SZ301188,医疗器械,医药生物
302,SZ301187,小家电,家用电器
303,SZ301186,汽车零部件,汽车
304,SZ301185,IT服务,计算机
305,SZ301183,光学光电子,电子
306,SZ301182,计算机设备,计算机
307,SZ301181,汽车零部件,汽车
308,SZ301180,消费电子,电子
309,SZ301179,电网设备,电力设备
310,SZ301178,IT服务,计算机
311,SZ301177,饰品,纺织服饰
312,SZ301176,元件,电子
313,SZ301175,环境治理,环保
314,SZ301173,汽车零部件,汽车
315,SZ301172,IT服务,计算机
316,SZ301171,广告营销,传媒
317,SZ301170,汽车零部件,汽车
318,SZ301169,专业服务,社会服务
319,SZ301168,光伏设备,电力设备
320,SZ301167,工程咨询服务,建筑装饰
321,SZ301166,生物制品,医药生物
322,SZ301165,通信设备,通信
323,SZ301163,风电设备,电力设备
324,SZ301162,软件开发,计算机
325,SZ301161,工程机械,机械设备
326,SZ301160,通用设备,机械设备
327,SZ301159,软件开发,计算机
328,SZ301158,专用设备,机械设备
329,SZ301157,其他电源设备,电力设备
330,SZ301156,化学制品,基础化工
331,SZ301155,风电设备,电力设备
332,SZ301153,软件开发,计算机
333,SZ301152,电池,电力设备
334,SZ301151,通用设备,机械设备
335,SZ301150,电池,电力设备
336,SZ301149,化学制品,基础化工
337,SZ301148,环境治理,环保
338,SZ301141,金属新材料,有色金属
339,SZ301139,通信服务,通信
340,SZ301138,专用设备,机械设备
341,SZ301137,通用设备,机械设备
342,SZ301136,工程咨询服务,建筑装饰
343,SZ301135,家电零部件,家用电器
344,SZ301133,汽车零部件,汽车
345,SZ301132,元件,电子
346,SZ301131,塑料,基础化工
347,SZ301130,化学制药,医药生物
348,SZ301129,通用设备,机械设备
349,SZ301128,专用设备,机械设备
350,SZ301127,环境治理,环保
351,SZ301126,医药商业,医药生物
352,SZ301125,通用设备,机械设备
353,SZ301123,消费电子,电子
354,SZ301122,医疗器械,医药生物
355,SZ301121,电池,电力设备
356,SZ301120,电网设备,电力设备
357,SZ301119,汽车零部件,汽车
358,SZ301118,化学原料,基础化工
359,SZ301117,计算机设备,计算机
360,SZ301116,养殖业,农林牧渔
361,SZ301115,专业服务,社会服务
362,SZ301113,家居用品,轻工制造
363,SZ301112,自动化设备,机械设备
364,SZ301111,中药,医药生物
365,SZ301110,互联网电商,商贸零售
366,SZ301109,环境治理,环保
367,SZ301108,个护用品,美容护理
368,SZ301107,通用设备,机械设备
369,SZ301106,光学光电子,电子
370,SZ301105,专用设备,机械设备
371,SZ301103,医疗服务,医药生物
372,SZ301102,广告营销,传媒
373,SZ301101,文娱用品,轻工制造
374,SZ301100,化学制品,基础化工
375,SZ301099,其他电子,电子
376,SZ301098,基础建设,建筑装饰
377,SZ301097,医疗器械,医药生物
378,SZ301096,医疗服务,医药生物
379,SZ301095,软件开发,计算机
380,SZ301093,医疗器械,医药生物
381,SZ301092,塑料,基础化工
382,SZ301091,工程咨询服务,建筑装饰
383,SZ301090,塑料,基础化工
384,SZ301089,化学制药,医药生物
385,SZ301088,服装家纺,纺织服饰
386,SZ301087,医疗器械,医药生物
387,SZ301086,消费电子,电子
388,SZ301085,IT服务,计算机
389,SZ301083,专用设备,机械设备
390,SZ301082,电网设备,电力设备
391,SZ301081,环保设备,环保
392,SZ301080,生物制品,医药生物
393,SZ301079,工程机械,机械设备
394,SZ301078,专业连锁,商贸零售
395,SZ301077,化学制品,基础化工
396,SZ301076,化学制品,基础化工
397,SZ301075,化学制药,医药生物
398,SZ301073,酒店餐饮,社会服务
399,SZ301072,汽车零部件,汽车
400,SZ301071,非金属材料,基础化工
401,SZ301070,通用设备,机械设备
402,SZ301069,化学原料,基础化工
403,SZ301068,环境治理,环保
404,SZ301067,消费电子,电子
405,SZ301066,纺织制造,纺织服饰
406,SZ301065,化学制药,医药生物
407,SZ301063,专用设备,机械设备
408,SZ301062,包装印刷,轻工制造
409,SZ301061,家居用品,轻工制造
410,SZ301060,医疗服务,医药生物
411,SZ301059,化学制品,基础化工
412,SZ301058,工程咨询服务,建筑装饰
413,SZ301057,化学纤维,基础化工
414,SZ301056,专用设备,机械设备
415,SZ301055,家居用品,轻工制造
416,SZ301053,专用设备,机械设备
417,SZ301052,出版,传媒
418,SZ301051,消费电子,电子
419,SZ301050,军工电子,国防军工
420,SZ301049,环境治理,环保
421,SZ301048,轨交设备,机械设备
422,SZ301047,生物制品,医药生物
423,SZ301046,专业工程,建筑装饰
424,SZ301045,光学光电子,电子
425,SZ301043,通用设备,机械设备
426,SZ301042,计算机设备,计算机
427,SZ301041,元件,电子
428,SZ301040,风电设备,电力设备
429,SZ301039,商用车,汽车
430,SZ301038,工程咨询服务,建筑装饰
431,SZ301037,化学制品,基础化工
432,SZ301036,化学制品,基础化工
433,SZ301035,农化制品,基础化工
434,SZ301033,医疗器械,医药生物
435,SZ301032,通用设备,机械设备
436,SZ301031,其他电子,电子
437,SZ301030,环保设备,环保
438,SZ301029,自动化设备,机械设备
439,SZ301028,通用设备,机械设备
440,SZ301027,工程咨询服务,建筑装饰
441,SZ301026,小金属,有色金属
442,SZ301025,出版,传媒
443,SZ301024,工程咨询服务,建筑装饰
444,SZ301023,电机,电力设备
445,SZ301022,汽车零部件,汽车
446,SZ301021,自动化设备,机械设备
447,SZ301020,汽车零部件,汽车
448,SZ301019,塑料,基础化工
449,SZ301018,通用设备,机械设备
450,SZ301017,医药商业,医药生物
451,SZ301016,轨交设备,机械设备
452,SZ301015,医药商业,医药生物
453,SZ301013,专用设备,机械设备
454,SZ301012,电网设备,电力设备
455,SZ301011,文娱用品,轻工制造
456,SZ301010,装修建材,建筑材料
457,SZ301009,个护用品,美容护理
458,SZ301008,家电零部件,家用电器
459,SZ301007,汽车零部件,汽车
460,SZ301006,通用设备,机械设备
461,SZ301005,汽车零部件,汽车
462,SZ301004,家居用品,轻工制造
463,SZ301003,塑料,基础化工
464,SZ301002,电网设备,电力设备
465,SZ301001,互联网电商,商贸零售
466,SZ301000,汽车零部件,汽车
467,SZ300999,农产品加工,农林牧渔
468,SZ300998,汽车零部件,汽车
469,SZ300997,饮料乳品,食品饮料
470,SZ300996,软件开发,计算机
471,SZ300995,塑料,基础化工
472,SZ300994,摩托车及其他,汽车
473,SZ300993,家居用品,轻工制造
474,SZ300992,通用设备,机械设备
475,SZ300991,其他电子,电子
476,SZ300990,通用设备,机械设备
477,SZ300989,工程咨询服务,建筑装饰
478,SZ300988,专用设备,机械设备
479,SZ300987,数字媒体,传媒
480,SZ300986,专业工程,建筑装饰
481,SZ300985,通用设备,机械设备
482,SZ300984,通用设备,机械设备
483,SZ300983,工程咨询服务,建筑装饰
484,SZ300982,基础建设,建筑装饰
485,SZ300981,医疗器械,医药生物
486,SZ300980,塑料,基础化工
487,SZ300979,纺织制造,纺织服饰
488,SZ300978,汽车零部件,汽车
489,SZ300977,工程咨询服务,建筑装饰
490,SZ300976,消费电子,电子
491,SZ300975,元件,电子
492,SZ300973,休闲食品,食品饮料
493,SZ300972,休闲食品,食品饮料
494,SZ300971,专用设备,机械设备
495,SZ300970,种植业,农林牧渔
496,SZ300969,汽车零部件,汽车
497,SZ300968,消费电子,电子
498,SZ300967,养殖业,农林牧渔
499,SZ300966,化学制药,医药生物
500,SZ300965,航空装备,国防军工
501,SZ300964,元件,电子
502,SZ300963,金属新材料,有色金属
503,SZ300962,专业服务,社会服务
504,SZ300961,环境治理,环保
505,SZ300960,轨交设备,机械设备
506,SZ300959,通信服务,通信
507,SZ300958,环境治理,环保
508,SZ300957,化妆品,美容护理
509,SZ300956,消费电子,电子
510,SZ300955,化妆品,美容护理
511,SZ300953,电池,电力设备
512,SZ300952,服装家纺,纺织服饰
513,SZ300951,消费电子,电子
514,SZ300950,专用设备,机械设备
515,SZ300949,基础建设,建筑装饰
516,SZ300948,基础建设,建筑装饰
517,SZ300947,一般零售,商贸零售
518,SZ300946,通用设备,机械设备
519,SZ300945,饰品,纺织服饰
520,SZ300943,通用设备,机械设备
521,SZ300942,医疗器械,医药生物
522,SZ300941,计算机设备,计算机
523,SZ300940,光学光电子,电子
524,SZ300939,光学光电子,电子
525,SZ300938,专业服务,社会服务
526,SZ300937,医药商业,医药生物
527,SZ300936,元件,电子
528,SZ300935,软件开发,计算机
529,SZ300933,电网设备,电力设备
530,SZ300932,电网设备,电力设备
531,SZ300931,专用设备,机械设备
532,SZ300930,金属新材料,有色金属
533,SZ300929,环境治理,环保
534,SZ300928,汽车零部件,汽车
535,SZ300927,化学原料,基础化工
536,SZ300926,汽车零部件,汽车
537,SZ300925,软件开发,计算机
538,SZ300923,轨交设备,机械设备
539,SZ300922,地面兵装,国防军工
540,SZ300921,通信服务,通信
541,SZ300920,塑料,基础化工
542,SZ300919,电池,电力设备
543,SZ300918,纺织制造,纺织服饰
544,SZ300917,房地产服务,房地产
545,SZ300916,消费电子,电子
546,SZ300915,饮料乳品,食品饮料
547,SZ300913,通信设备,通信
548,SZ300912,汽车零部件,汽车
549,SZ300911,厨卫电器,家用电器
550,SZ300910,化学制品,基础化工
551,SZ300909,光学光电子,电子
552,SZ300908,调味发酵品,食品饮料
553,SZ300907,电机,电力设备
554,SZ300906,通用设备,机械设备
555,SZ300905,化学纤维,基础化工
556,SZ300904,风电设备,电力设备
557,SZ300903,元件,电子
558,SZ300902,专用设备,机械设备
559,SZ300901,服装家纺,纺织服饰
560,SZ300900,航空装备,国防军工
561,SZ300899,环境治理,环保
562,SZ300898,饮料乳品,食品饮料
563,SZ300897,通用设备,机械设备
564,SZ300896,医疗美容,美容护理
565,SZ300895,IT服务,计算机
566,SZ300894,厨卫电器,家用电器
567,SZ300893,汽车零部件,汽车
568,SZ300892,饮料乳品,食品饮料
569,SZ300891,化学原料,基础化工
570,SZ300890,电池,电力设备
571,SZ300889,光学光电子,电子
572,SZ300888,个护用品,美容护理
573,SZ300887,专业服务,社会服务
574,SZ300886,化学制品,基础化工
575,SZ300885,通用设备,机械设备
576,SZ300884,计算机设备,计算机
577,SZ300883,包装印刷,轻工制造
578,SZ300882,电网设备,电力设备
579,SZ300881,特钢,钢铁
580,SZ300880,电网设备,电力设备
581,SZ300879,专用设备,机械设备
582,SZ300878,中药,医药生物
583,SZ300877,纺织制造,纺织服饰
584,SZ300876,化学纤维,基础化工
585,SZ300875,地面兵装,国防军工
586,SZ300873,物流,交通运输
587,SZ300872,IT服务,计算机
588,SZ300871,动物保健,农林牧渔
589,SZ300870,其他电源设备,电力设备
590,SZ300869,医疗器械,医药生物
591,SZ300868,消费电子,电子
592,SZ300867,环境治理,环保
593,SZ300866,消费电子,电子
594,SZ300865,专用设备,机械设备
595,SZ300864,环境治理,环保
596,SZ300863,汽车零部件,汽车
597,SZ300862,通用设备,机械设备
598,SZ300861,通用设备,机械设备
599,SZ300860,专业服务,社会服务
600,SZ300859,旅游及景区,社会服务
601,SZ300858,化学制品,基础化工
602,SZ300857,消费电子,电子
603,SZ300856,化妆品,美容护理
604,SZ300855,金属新材料,有色金属
605,SZ300854,环境治理,环保
606,SZ300853,电网设备,电力设备
607,SZ300852,元件,电子
608,SZ300851,轨交设备,机械设备
609,SZ300850,风电设备,电力设备
610,SZ300849,化妆品,美容护理
611,SZ300848,化学制品,基础化工
612,SZ300847,计算机设备,计算机
613,SZ300846,IT服务,计算机
614,SZ300845,计算机设备,计算机
615,SZ300844,工程咨询服务,建筑装饰
616,SZ300843,消费电子,电子
617,SZ300842,光伏设备,电力设备
618,SZ300841,生物制品,医药生物
619,SZ300840,服装家纺,纺织服饰
620,SZ300839,炼化及贸易,石油石化
621,SZ300838,通用设备,机械设备
622,SZ300837,专用设备,机械设备
623,SZ300836,专用设备,机械设备
624,SZ300835,金属新材料,有色金属
625,SZ300834,塑料,基础化工
626,SZ300833,专用设备,机械设备
627,SZ300832,医疗器械,医药生物
628,SZ300831,半导体,电子
629,SZ300830,软件开发,计算机
630,SZ300829,化学制品,基础化工
631,SZ300828,通用设备,机械设备
632,SZ300827,光伏设备,电力设备
633,SZ300826,工程咨询服务,建筑装饰
634,SZ300825,汽车服务,汽车
635,SZ300824,小家电,家用电器
636,SZ300823,专用设备,机械设备
637,SZ300822,消费电子,电子
638,SZ300821,化学制品,基础化工
639,SZ300820,其他电源设备,电力设备
640,SZ300819,纺织制造,纺织服饰
641,SZ300818,通用设备,机械设备
642,SZ300817,通用设备,机械设备
643,SZ300816,汽车零部件,汽车
644,SZ300815,环境治理,环保
645,SZ300814,元件,电子
646,SZ300813,专用设备,机械设备
647,SZ300812,消费电子,电子
648,SZ300811,金属新材料,有色金属
649,SZ300810,航海装备,国防军工
650,SZ300809,通用设备,机械设备
651,SZ300808,光学光电子,电子
652,SZ300807,计算机设备,计算机
653,SZ300806,塑料,基础化工
654,SZ300805,广告营销,传媒
655,SZ300804,农化制品,基础化工
656,SZ300803,软件开发,计算机
657,SZ300802,自动化设备,机械设备
658,SZ300801,化学制品,基础化工
659,SZ300800,环保设备,环保
660,SZ300798,化学制品,基础化工
661,SZ300797,专业服务,社会服务
662,SZ300796,农化制品,基础化工
663,SZ300795,专业服务,社会服务
664,SZ300793,消费电子,电子
665,SZ300792,互联网电商,商贸零售
666,SZ300791,食品加工,食品饮料
667,SZ300790,计算机设备,计算机
668,SZ300789,计算机设备,计算机
669,SZ300788,出版,传媒
670,SZ300787,消费电子,电子
671,SZ300786,环保设备,环保
672,SZ300785,数字媒体,传媒
673,SZ300784,消费电子,电子
674,SZ300783,休闲食品,食品饮料
675,SZ300782,半导体,电子
676,SZ300781,广告营销,传媒
677,SZ300780,通用设备,机械设备
678,SZ300779,环境治理,环保
679,SZ300778,工程咨询服务,建筑装饰
680,SZ300777,航空装备,国防军工
681,SZ300776,光伏设备,电力设备
682,SZ300775,航空装备,国防军工
683,SZ300774,环境治理,环保
684,SZ300773,多元金融,非银金融
685,SZ300772,风电设备,电力设备
686,SZ300771,计算机设备,计算机
687,SZ300770,电视广播,传媒
688,SZ300769,电池,电力设备
689,SZ300768,软件开发,计算机
690,SZ300767,橡胶,基础化工
691,SZ300766,软件开发,计算机
692,SZ300765,化学制药,医药生物
693,SZ300763,光伏设备,电力设备
694,SZ300762,军工电子,国防军工
695,SZ300761,养殖业,农林牧渔
696,SZ300760,医疗器械,医药生物
697,SZ300759,医疗服务,医药生物
698,SZ300758,化学制品,基础化工
699,SZ300757,自动化设备,机械设备
700,SZ300756,专用设备,机械设备
701,SZ300755,专业连锁,商贸零售
702,SZ300753,医疗器械,医药生物
703,SZ300752,光学光电子,电子
704,SZ300751,光伏设备,电力设备
705,SZ300750,电池,电力设备
706,SZ300749,家居用品,轻工制造
707,SZ300748,金属新材料,有色金属
708,SZ300747,自动化设备,机械设备
709,SZ300746,工程咨询服务,建筑装饰
710,SZ300745,汽车零部件,汽车
711,SZ300743,计算机设备,计算机
712,SZ300741,化学制品,基础化工
713,SZ300740,化妆品,美容护理
714,SZ300739,元件,电子
715,SZ300738,通信服务,通信
716,SZ300737,装修建材,建筑材料
717,SZ300736,其他电子,电子
718,SZ300735,消费电子,电子
719,SZ300733,汽车零部件,汽车
720,SZ300732,工程咨询服务,建筑装饰
721,SZ300731,橡胶,基础化工
722,SZ300730,软件开发,计算机
723,SZ300729,家居用品,轻工制造
724,SZ300727,化学制品,基础化工
725,SZ300726,军工电子,国防军工
726,SZ300725,医疗服务,医药生物
727,SZ300724,光伏设备,电力设备
728,SZ300723,化学制药,医药生物
729,SZ300722,航天装备,国防军工
730,SZ300721,化学制品,基础化工
731,SZ300720,通用设备,机械设备
732,SZ300719,航空装备,国防军工
733,SZ300718,通用设备,机械设备
734,SZ300717,塑料,基础化工
735,SZ300716,塑料,基础化工
736,SZ300715,装修建材,建筑材料
737,SZ300713,其他电源设备,电力设备
738,SZ300712,专业工程,建筑装饰
739,SZ300711,通信设备,通信
740,SZ300710,通信设备,通信
741,SZ300709,消费电子,电子
742,SZ300708,光学光电子,电子
743,SZ300707,汽车零部件,汽车
744,SZ300706,半导体,电子
745,SZ300705,化学制药,医药生物
746,SZ300703,文娱用品,轻工制造
747,SZ300702,化学制药,医药生物
748,SZ300701,光学光电子,电子
749,SZ300700,通用设备,机械设备
750,SZ300699,航空装备,国防军工
751,SZ300698,通信设备,通信
752,SZ300697,工业金属,有色金属
753,SZ300696,航空装备,国防军工
754,SZ300695,汽车零部件,汽车
755,SZ300694,汽车零部件,汽车
756,SZ300693,其他电源设备,电力设备
757,SZ300692,环境治理,环保
758,SZ300691,计算机设备,计算机
759,SZ300690,风电设备,电力设备
760,SZ300689,通信设备,通信
761,SZ300688,教育,社会服务
762,SZ300687,IT服务,计算机
763,SZ300686,消费电子,电子
764,SZ300685,医疗器械,医药生物
765,SZ300684,电子化学品,电子
766,SZ300683,医疗服务,医药生物
767,SZ300682,IT服务,计算机
768,SZ300681,汽车零部件,汽车
769,SZ300680,汽车零部件,汽车
770,SZ300679,消费电子,电子
771,SZ300678,IT服务,计算机
772,SZ300677,医疗器械,医药生物
773,SZ300676,医疗服务,医药生物
774,SZ300675,工程咨询服务,建筑装饰
775,SZ300674,IT服务,计算机
776,SZ300673,饲料,农林牧渔
777,SZ300672,半导体,电子
778,SZ300671,半导体,电子
779,SZ300670,电网设备,电力设备
780,SZ300669,专用设备,机械设备
781,SZ300668,工程咨询服务,建筑装饰
782,SZ300667,通用设备,机械设备
783,SZ300666,半导体,电子
784,SZ300665,化学制品,基础化工
785,SZ300664,环境治理,环保
786,SZ300663,软件开发,计算机
787,SZ300662,专业服务,社会服务
788,SZ300661,半导体,电子
789,SZ300660,电机,电力设备
790,SZ300659,计算机设备,计算机
791,SZ300658,个护用品,美容护理
792,SZ300657,元件,电子
793,SZ300656,其他电子,电子
794,SZ300655,电子化学品,电子
795,SZ300654,出版,传媒
796,SZ300653,医疗器械,医药生物
797,SZ300652,汽车零部件,汽车
798,SZ300651,文娱用品,轻工制造
799,SZ300650,其他电子,电子
800,SZ300649,基础建设,建筑装饰
801,SZ300648,电池,电力设备
802,SZ300647,消费电子,电子
803,SZ300645,计算机设备,计算机
804,SZ300644,塑料,基础化工
805,SZ300643,汽车零部件,汽车
806,SZ300642,医疗器械,医药生物
807,SZ300641,化学制品,基础化工
808,SZ300640,家居用品,轻工制造
809,SZ300639,医疗器械,医药生物
810,SZ300638,通信设备,通信
811,SZ300637,化学制品,基础化工
812,SZ300636,化学制药,医药生物
813,SZ300635,工程咨询服务,建筑装饰
814,SZ300634,IT服务,计算机
815,SZ300633,医疗器械,医药生物
816,SZ300632,光学光电子,电子
817,SZ300631,环保设备,环保
818,SZ300629,军工电子,国防军工
819,SZ300628,通信设备,通信
820,SZ300627,通信设备,通信
821,SZ300626,电机,电力设备
822,SZ300625,照明设备,家用电器
823,SZ300624,软件开发,计算机
824,SZ300623,半导体,电子
825,SZ300622,专业连锁,商贸零售
826,SZ300621,装修装饰,建筑装饰
827,SZ300620,通信设备,通信
828,SZ300619,电池,电力设备
829,SZ300618,能源金属,有色金属
830,SZ300617,电网设备,电力设备
831,SZ300616,家居用品,轻工制造
832,SZ300615,通信设备,通信
833,SZ300614,环境治理,环保
834,SZ300613,半导体,电子
835,SZ300612,广告营销,传媒
836,SZ300611,汽车零部件,汽车
837,SZ300610,化学制品,基础化工
838,SZ300609,IT服务,计算机
839,SZ300608,软件开发,计算机
840,SZ300607,自动化设备,机械设备
841,SZ300606,通用设备,机械设备
842,SZ300605,软件开发,计算机
843,SZ300604,半导体,电子
844,SZ300603,通信服务,通信
845,SZ300602,消费电子,电子
846,SZ300601,生物制品,医药生物
847,SZ300600,航海装备,国防军工
848,SZ300599,装修建材,建筑材料
849,SZ300598,软件开发,计算机
850,SZ300597,通信服务,通信
851,SZ300596,化学制品,基础化工
852,SZ300595,医疗器械,医药生物
853,SZ300594,轨交设备,机械设备
854,SZ300593,其他电源设备,电力设备
855,SZ300592,互联网电商,商贸零售
856,SZ300591,服装家纺,纺织服饰
857,SZ300590,通信设备,通信
858,SZ300589,航海装备,国防军工
859,SZ300588,计算机设备,计算机
860,SZ300587,橡胶,基础化工
861,SZ300586,塑料,基础化工
862,SZ300585,汽车零部件,汽车
863,SZ300584,化学制药,医药生物
864,SZ300583,化学制药,医药生物
865,SZ300582,光学光电子,电子
866,SZ300581,航空装备,国防军工
867,SZ300580,汽车零部件,汽车
868,SZ300579,软件开发,计算机
869,SZ300578,通信服务,通信
870,SZ300577,服装家纺,纺织服饰
871,SZ300576,电子化学品,电子
872,SZ300575,农化制品,基础化工
873,SZ300573,化学制药,医药生物
874,SZ300572,通用设备,机械设备
875,SZ300571,通信服务,通信
876,SZ300570,通信设备,通信
877,SZ300569,风电设备,电力设备
878,SZ300568,电池,电力设备
879,SZ300567,通用设备,机械设备
880,SZ300566,光学光电子,电子
881,SZ300565,通信设备,通信
882,SZ300564,工程咨询服务,建筑装饰
883,SZ300563,通信设备,通信
884,SZ300562,医疗器械,医药生物
885,SZ300561,软件开发,计算机
886,SZ300560,通信服务,通信
887,SZ300559,软件开发,计算机
888,SZ300558,化学制药,医药生物
889,SZ300557,通用设备,机械设备
890,SZ300556,软件开发,计算机
891,SZ300555,通信设备,通信
892,SZ300554,通用设备,机械设备
893,SZ300553,通用设备,机械设备
894,SZ300552,计算机设备,计算机
895,SZ300551,计算机设备,计算机
896,SZ300550,软件开发,计算机
897,SZ300549,专用设备,机械设备
898,SZ300548,通信设备,通信
899,SZ300547,汽车零部件,汽车
900,SZ300546,计算机设备,计算机
901,SZ300545,光学光电子,电子
902,SZ300543,家电零部件,家用电器
903,SZ300542,软件开发,计算机
904,SZ300541,IT服务,计算机
905,SZ300540,专用设备,机械设备
906,SZ300539,塑料,基础化工
907,SZ300538,塑料,基础化工
908,SZ300537,电子化学品,电子
909,SZ300536,IT服务,计算机
910,SZ300535,化学制品,基础化工
911,SZ300534,中药,医药生物
912,SZ300533,游戏,传媒
913,SZ300532,IT服务,计算机
914,SZ300531,计算机设备,计算机
915,SZ300530,电池,电力设备
916,SZ300529,医疗器械,医药生物
917,SZ300528,影视院线,传媒
918,SZ300527,地面兵装,国防军工
919,SZ300525,软件开发,计算机
920,SZ300523,IT服务,计算机
921,SZ300522,化学制品,基础化工
922,SZ300521,专用设备,机械设备
923,SZ300520,软件开发,计算机
924,SZ300519,中药,医药生物
925,SZ300518,互联网电商,商贸零售
926,SZ300517,专业工程,建筑装饰
927,SZ300516,其他电子,电子
928,SZ300515,通用设备,机械设备
929,SZ300514,电网设备,电力设备
930,SZ300513,通信服务,通信
931,SZ300512,专用设备,机械设备
932,SZ300511,种植业,农林牧渔
933,SZ300510,电网设备,电力设备
934,SZ300509,专用设备,机械设备
935,SZ300508,计算机设备,计算机
936,SZ300507,汽车零部件,汽车
937,SZ300506,装修装饰,建筑装饰
938,SZ300505,农化制品,基础化工
939,SZ300504,通信设备,通信
940,SZ300503,通用设备,机械设备
941,SZ300502,通信设备,通信
942,SZ300501,包装印刷,轻工制造
943,SZ300500,工程咨询服务,建筑装饰
944,SZ300499,专用设备,机械设备
945,SZ300498,养殖业,农林牧渔
946,SZ300497,化学制药,医药生物
947,SZ300496,IT服务,计算机
948,SZ300494,游戏,传媒
949,SZ300493,其他电子,电子
950,SZ300492,教育,社会服务
951,SZ300491,其他电源设备,电力设备
952,SZ300490,电网设备,电力设备
953,SZ300489,光学光电子,电子
954,SZ300488,通用设备,机械设备
955,SZ300487,塑料,基础化工
956,SZ300486,自动化设备,机械设备
957,SZ300485,生物制品,医药生物
958,SZ300484,自动化设备,机械设备
959,SZ300483,燃气,公用事业
960,SZ300482,医疗器械,医药生物
961,SZ300481,电子化学品,电子
962,SZ300480,专用设备,机械设备
963,SZ300479,计算机设备,计算机
964,SZ300478,塑料,基础化工
965,SZ300477,电池,电力设备
966,SZ300476,元件,电子
967,SZ300475,其他电子,电子
968,SZ300474,军工电子,国防军工
969,SZ300473,汽车零部件,汽车
970,SZ300472,专用设备,机械设备
971,SZ300471,专用设备,机械设备
972,SZ300470,通用设备,机械设备
973,SZ300469,软件开发,计算机
974,SZ300468,软件开发,计算机
975,SZ300467,游戏,传媒
976,SZ300466,通用设备,机械设备
977,SZ300465,软件开发,计算机
978,SZ300464,互联网电商,商贸零售
979,SZ300463,医疗器械,医药生物
980,SZ300462,计算机设备,计算机
981,SZ300461,自动化设备,机械设备
982,SZ300460,元件,电子
983,SZ300459,游戏,传媒
984,SZ300458,半导体,电子
985,SZ300457,电池,电力设备
986,SZ300456,半导体,电子
987,SZ300455,计算机设备,计算机
988,SZ300454,软件开发,计算机
989,SZ300453,医疗器械,医药生物
990,SZ300452,化学制药,医药生物
991,SZ300451,软件开发,计算机
992,SZ300450,电池,电力设备
993,SZ300449,计算机设备,计算机
994,SZ300448,IT服务,计算机
995,SZ300447,军工电子,国防军工
996,SZ300446,汽车零部件,汽车
997,SZ300445,通用设备,机械设备
998,SZ300444,电网设备,电力设备
999,SZ300443,风电设备,电力设备
1000,SZ300442,通信服务,通信
1001,SZ300441,通用设备,机械设备
1002,SZ300440,IT服务,计算机
1003,SZ300439,医疗器械,医药生物
1004,SZ300438,电池,电力设备
1005,SZ300437,环境治理,环保
1006,SZ300436,化学制药,医药生物
1007,SZ300435,专用设备,机械设备
1008,SZ300434,化学制药,医药生物
1009,SZ300433,消费电子,电子
1010,SZ300432,电池,电力设备
1011,SZ300430,医疗器械,医药生物
1012,SZ300429,电子化学品,电子
1013,SZ300428,汽车零部件,汽车
1014,SZ300427,电网设备,电力设备
1015,SZ300426,影视院线,传媒
1016,SZ300425,环境治理,环保
1017,SZ300424,航空装备,国防军工
1018,SZ300423,电网设备,电力设备
1019,SZ300422,环境治理,环保
1020,SZ300421,通用设备,机械设备
1021,SZ300420,通用设备,机械设备
1022,SZ300419,IT服务,计算机
1023,SZ300418,数字媒体,传媒
1024,SZ300417,通用设备,机械设备
1025,SZ300416,专业服务,社会服务
1026,SZ300415,专用设备,机械设备
1027,SZ300414,通信设备,通信
1028,SZ300413,数字媒体,传媒
1029,SZ300412,专用设备,机械设备
1030,SZ300411,专用设备,机械设备
1031,SZ300410,电池,电力设备
1032,SZ300409,电池,电力设备
1033,SZ300408,元件,电子
1034,SZ300407,电网设备,电力设备
1035,SZ300406,医疗器械,医药生物
1036,SZ300405,化学制品,基础化工
1037,SZ300404,医疗服务,医药生物
1038,SZ300403,家电零部件,家用电器
1039,SZ300402,通用设备,机械设备
1040,SZ300401,化学制药,医药生物
1041,SZ300400,自动化设备,机械设备
1042,SZ300399,IT服务,计算机
1043,SZ300398,电子化学品,电子
1044,SZ300397,军工电子,国防军工
1045,SZ300396,医疗器械,医药生物
1046,SZ300395,航空装备,国防军工
1047,SZ300394,通信设备,通信
1048,SZ300393,光伏设备,电力设备
1049,SZ300390,电池,电力设备
1050,SZ300389,光学光电子,电子
1051,SZ300388,环境治理,环保
1052,SZ300387,农化制品,基础化工
1053,SZ300386,计算机设备,计算机
1054,SZ300385,环境治理,环保
1055,SZ300384,专业工程,建筑装饰
1056,SZ300383,通信服务,通信
1057,SZ300382,专用设备,机械设备
1058,SZ300381,化学制药,医药生物
1059,SZ300380,软件开发,计算机
1060,SZ300378,软件开发,计算机
1061,SZ300377,软件开发,计算机
1062,SZ300376,其他电源设备,电力设备
1063,SZ300375,汽车零部件,汽车
1064,SZ300374,基础建设,建筑装饰
1065,SZ300373,半导体,电子
1066,SZ300371,通用设备,机械设备
1067,SZ300370,通用设备,机械设备
1068,SZ300369,软件开发,计算机
1069,SZ300368,计算机设备,计算机
1070,SZ300366,软件开发,计算机
1071,SZ300365,软件开发,计算机
1072,SZ300364,数字媒体,传媒
1073,SZ300363,医疗服务,医药生物
1074,SZ300360,电网设备,电力设备
1075,SZ300359,教育,社会服务
1076,SZ300358,医疗器械,医药生物
1077,SZ300357,生物制品,医药生物
1078,SZ300355,基础建设,建筑装饰
1079,SZ300354,通用设备,机械设备
1080,SZ300353,通信设备,通信
1081,SZ300352,软件开发,计算机
1082,SZ300351,轨交设备,机械设备
1083,SZ300350,物流,交通运输
1084,SZ300349,通用设备,机械设备
1085,SZ300348,软件开发,计算机
1086,SZ300347,医疗服务,医药生物
1087,SZ300346,电子化学品,电子
1088,SZ300345,光伏设备,电力设备
1089,SZ300343,化学制品,基础化工
1090,SZ300342,家电零部件,家用电器
1091,SZ300341,电网设备,电力设备
1092,SZ300340,电池,电力设备
1093,SZ300339,IT服务,计算机
1094,SZ300338,教育,社会服务
1095,SZ300337,工业金属,有色金属
1096,SZ300335,电力,公用事业
1097,SZ300334,环境治理,环保
1098,SZ300333,计算机设备,计算机
1099,SZ300332,燃气,公用事业
1100,SZ300331,光学光电子,电子
1101,SZ300329,文娱用品,轻工制造
1102,SZ300328,工业金属,有色金属
1103,SZ300327,半导体,电子
1104,SZ300326,医疗器械,医药生物
1105,SZ300324,计算机设备,计算机
1106,SZ300323,光学光电子,电子
1107,SZ300322,消费电子,电子
1108,SZ300321,化学制品,基础化工
1109,SZ300320,橡胶,基础化工
1110,SZ300319,元件,电子
1111,SZ300318,生物制品,医药生物
1112,SZ300317,电力,公用事业
1113,SZ300316,光伏设备,电力设备
1114,SZ300315,游戏,传媒
1115,SZ300314,医疗器械,医药生物
1116,SZ300313,养殖业,农林牧渔
1117,SZ300311,软件开发,计算机
1118,SZ300310,通信服务,通信
1119,SZ300308,通信设备,通信
1120,SZ300307,专用设备,机械设备
1121,SZ300306,通用设备,机械设备
1122,SZ300305,塑料,基础化工
1123,SZ300304,汽车零部件,汽车
1124,SZ300303,光学光电子,电子
1125,SZ300302,计算机设备,计算机
1126,SZ300301,光学光电子,电子
1127,SZ300300,IT服务,计算机
1128,SZ300299,游戏,传媒
1129,SZ300298,医疗器械,医药生物
1130,SZ300296,光学光电子,电子
1131,SZ300295,数字媒体,传媒
1132,SZ300294,生物制品,医药生物
1133,SZ300293,专用设备,机械设备
1134,SZ300292,通信服务,通信
1135,SZ300291,影视院线,传媒
1136,SZ300290,IT服务,计算机
1137,SZ300289,医疗器械,医药生物
1138,SZ300288,IT服务,计算机
1139,SZ300287,IT服务,计算机
1140,SZ300286,电网设备,电力设备
1141,SZ300285,电子化学品,电子
1142,SZ300284,工程咨询服务,建筑装饰
1143,SZ300283,电网设备,电力设备
1144,SZ300281,专用设备,机械设备
1145,SZ300279,家电零部件,家用电器
1146,SZ300278,自动化设备,机械设备
1147,SZ300277,IT服务,计算机
1148,SZ300276,自动化设备,机械设备
1149,SZ300275,计算机设备,计算机
1150,SZ300274,光伏设备,电力设备
1151,SZ300272,小家电,家用电器
1152,SZ300271,IT服务,计算机
1153,SZ300270,计算机设备,计算机
1154,SZ300269,光学光电子,电子
1155,SZ300268,农产品加工,农林牧渔
1156,SZ300267,化学制药,医药生物
1157,SZ300266,环境治理,环保
1158,SZ300265,电网设备,电力设备
1159,SZ300264,IT服务,计算机
1160,SZ300263,通用设备,机械设备
1161,SZ300261,农化制品,基础化工
1162,SZ300260,通用设备,机械设备
1163,SZ300259,通用设备,机械设备
1164,SZ300258,汽车零部件,汽车
1165,SZ300257,通用设备,机械设备
1166,SZ300256,消费电子,电子
1167,SZ300255,化学制药,医药生物
1168,SZ300254,化学制药,医药生物
1169,SZ300253,软件开发,计算机
1170,SZ300252,军工电子,国防军工
1171,SZ300251,影视院线,传媒
1172,SZ300250,IT服务,计算机
1173,SZ300249,计算机设备,计算机
1174,SZ300248,计算机设备,计算机
1175,SZ300247,其他家电,家用电器
1176,SZ300246,医疗器械,医药生物
1177,SZ300245,IT服务,计算机
1178,SZ300244,医疗服务,医药生物
1179,SZ300243,塑料,基础化工
1180,SZ300242,广告营销,传媒
1181,SZ300241,光学光电子,电子
1182,SZ300240,物流,交通运输
1183,SZ300239,生物制品,医药生物
1184,SZ300238,医疗器械,医药生物
1185,SZ300237,汽车零部件,汽车
1186,SZ300236,电子化学品,电子
1187,SZ300235,软件开发,计算机
1188,SZ300234,装修建材,建筑材料
1189,SZ300233,化学制药,医药生物
1190,SZ300232,光学光电子,电子
1191,SZ300231,IT服务,计算机
1192,SZ300230,塑料,基础化工
1193,SZ300229,软件开发,计算机
1194,SZ300228,通用设备,机械设备
1195,SZ300227,自动化设备,机械设备
1196,SZ300226,软件开发,计算机
1197,SZ300225,化学制品,基础化工
1198,SZ300224,金属新材料,有色金属
1199,SZ300223,半导体,电子
1200,SZ300222,电网设备,电力设备
1201,SZ300221,塑料,基础化工
1202,SZ300220,自动化设备,机械设备
1203,SZ300219,光学光电子,电子
1204,SZ300218,塑料,基础化工
1205,SZ300217,家电零部件,家用电器
1206,SZ300215,专业服务,社会服务
1207,SZ300214,化学制品,基础化工
1208,SZ300213,通信设备,通信
1209,SZ300212,IT服务,计算机
1210,SZ300211,通信服务,通信
1211,SZ300210,环保设备,环保
1212,SZ300209,软件开发,计算机
1213,SZ300207,电池,电力设备
1214,SZ300206,医疗器械,医药生物
1215,SZ300205,通信设备,通信
1216,SZ300204,化学制药,医药生物
1217,SZ300203,通用设备,机械设备
1218,SZ300201,工程机械,机械设备
1219,SZ300200,化学制品,基础化工
1220,SZ300199,化学制药,医药生物
1221,SZ300198,装修建材,建筑材料
1222,SZ300197,基础建设,建筑装饰
1223,SZ300196,玻璃玻纤,建筑材料
1224,SZ300195,专用设备,机械设备
1225,SZ300194,化学制药,医药生物
1226,SZ300193,通用设备,机械设备
1227,SZ300192,教育,社会服务
1228,SZ300191,油服工程,石油石化
1229,SZ300190,环境治理,环保
1230,SZ300189,种植业,农林牧渔
1231,SZ300188,软件开发,计算机
1232,SZ300187,环境治理,环保
1233,SZ300185,风电设备,电力设备
1234,SZ300184,其他电子,电子
1235,SZ300183,通信设备,通信
1236,SZ300182,影视院线,传媒
1237,SZ300181,中药,医药生物
1238,SZ300180,塑料,基础化工
1239,SZ300179,通用设备,机械设备
1240,SZ300177,军工电子,国防军工
1241,SZ300176,汽车零部件,汽车
1242,SZ300175,农产品加工,农林牧渔
1243,SZ300174,化学制品,基础化工
1244,SZ300173,电池,电力设备
1245,SZ300172,环境治理,环保
1246,SZ300171,医疗器械,医药生物
1247,SZ300170,IT服务,计算机
1248,SZ300169,化学制品,基础化工
1249,SZ300168,IT服务,计算机
1250,SZ300167,IT服务,计算机
1251,SZ300166,IT服务,计算机
1252,SZ300165,通用设备,机械设备
1253,SZ300164,油服工程,石油石化
1254,SZ300163,化学制品,基础化工
1255,SZ300162,光学光电子,电子
1256,SZ300161,通用设备,机械设备
1257,SZ300160,家电零部件,家用电器
1258,SZ300159,专用设备,机械设备
1259,SZ300158,中药,医药生物
1260,SZ300157,通用设备,机械设备
1261,SZ300155,计算机设备,计算机
1262,SZ300154,通用设备,机械设备
1263,SZ300153,其他电源设备,电力设备
1264,SZ300152,环境治理,环保
1265,SZ300151,专用设备,机械设备
1266,SZ300150,IT服务,计算机
1267,SZ300149,医疗服务,医药生物
1268,SZ300148,出版,传媒
1269,SZ300147,中药,医药生物
1270,SZ300146,食品加工,食品饮料
1271,SZ300145,通用设备,机械设备
1272,SZ300144,旅游及景区,社会服务
1273,SZ300143,医疗服务,医药生物
1274,SZ300142,生物制品,医药生物
1275,SZ300141,电网设备,电力设备
1276,SZ300140,环境治理,环保
1277,SZ300139,贵金属,有色金属
1278,SZ300138,农产品加工,农林牧渔
1279,SZ300137,环保设备,环保
1280,SZ300136,消费电子,电子
1281,SZ300135,炼化及贸易,石油石化
1282,SZ300134,通信设备,通信
1283,SZ300133,影视院线,传媒
1284,SZ300132,化妆品,美容护理
1285,SZ300131,其他电子,电子
1286,SZ300130,计算机设备,计算机
1287,SZ300129,风电设备,电力设备
1288,SZ300128,消费电子,电子
1289,SZ300127,金属新材料,有色金属
1290,SZ300126,通用设备,机械设备
1291,SZ300125,电力,公用事业
1292,SZ300124,自动化设备,机械设备
1293,SZ300123,军工电子,国防军工
1294,SZ300122,生物制品,医药生物
1295,SZ300121,橡胶,基础化工
1296,SZ300120,光学光电子,电子
1297,SZ300119,动物保健,农林牧渔
1298,SZ300118,光伏设备,电力设备
1299,SZ300115,消费电子,电子
1300,SZ300113,游戏,传媒
1301,SZ300112,通用设备,机械设备
1302,SZ300111,化学制药,医药生物
1303,SZ300110,化学制药,医药生物
1304,SZ300109,化学制品,基础化工
1305,SZ300107,化学制品,基础化工
1306,SZ300106,饮料乳品,食品饮料
1307,SZ300105,其他电源设备,电力设备
1308,SZ300103,专用设备,机械设备
1309,SZ300102,光学光电子,电子
1310,SZ300101,军工电子,国防军工
1311,SZ300100,汽车零部件,汽车
1312,SZ300099,专用设备,机械设备
1313,SZ300098,通信设备,通信
1314,SZ300097,自动化设备,机械设备
1315,SZ300096,IT服务,计算机
1316,SZ300095,专用设备,机械设备
1317,SZ300094,渔业,农林牧渔
1318,SZ300093,光伏设备,电力设备
1319,SZ300092,专用设备,机械设备
1320,SZ300091,通用设备,机械设备
1321,SZ300088,光学光电子,电子
1322,SZ300087,种植业,农林牧渔
1323,SZ300086,化学制药,医药生物
1324,SZ300085,软件开发,计算机
1325,SZ300084,专用设备,机械设备
1326,SZ300083,自动化设备,机械设备
1327,SZ300082,化学原料,基础化工
1328,SZ300081,通信服务,通信
1329,SZ300080,光伏设备,电力设备
1330,SZ300079,IT服务,计算机
1331,SZ300078,IT服务,计算机
1332,SZ300077,半导体,电子
1333,SZ300076,光学光电子,电子
1334,SZ300075,软件开发,计算机
1335,SZ300074,软件开发,计算机
1336,SZ300073,电池,电力设备
1337,SZ300072,化学制品,基础化工
1338,SZ300071,广告营销,传媒
1339,SZ300070,环境治理,环保
1340,SZ300069,电网设备,电力设备
1341,SZ300068,电池,电力设备
1342,SZ300067,化学制品,基础化工
1343,SZ300066,通用设备,机械设备
1344,SZ300065,航海装备,国防军工
1345,SZ300063,广告营销,传媒
1346,SZ300062,电网设备,电力设备
1347,SZ300061,广告营销,传媒
1348,SZ300059,证券,非银金融
1349,SZ300058,广告营销,传媒
1350,SZ300057,工业金属,有色金属
1351,SZ300056,环境治理,环保
1352,SZ300055,炼化及贸易,石油石化
1353,SZ300054,电子化学品,电子
1354,SZ300053,半导体,电子
1355,SZ300052,IT服务,计算机
1356,SZ300051,光伏设备,电力设备
1357,SZ300050,通信服务,通信
1358,SZ300049,医疗器械,医药生物
1359,SZ300048,自动化设备,机械设备
1360,SZ300047,软件开发,计算机
1361,SZ300046,半导体,电子
1362,SZ300045,军工电子,国防军工
1363,SZ300044,IT服务,计算机
1364,SZ300043,游戏,传媒
1365,SZ300042,计算机设备,计算机
1366,SZ300041,化学制品,基础化工
1367,SZ300040,电力,公用事业
1368,SZ300039,中药,医药生物
1369,SZ300037,电池,电力设备
1370,SZ300036,软件开发,计算机
1371,SZ300035,电池,电力设备
1372,SZ300034,航空装备,国防军工
1373,SZ300033,软件开发,计算机
1374,SZ300032,消费电子,电子
1375,SZ300031,游戏,传媒
1376,SZ300030,医疗器械,医药生物
1377,SZ300027,影视院线,传媒
1378,SZ300026,中药,医药生物
1379,SZ300025,通信服务,通信
1380,SZ300024,自动化设备,机械设备
1381,SZ300022,专业连锁,商贸零售
1382,SZ300021,农业综合,农林牧渔
1383,SZ300020,IT服务,计算机
1384,SZ300019,化学制品,基础化工
1385,SZ300018,电网设备,电力设备
1386,SZ300017,IT服务,计算机
1387,SZ300016,化学制药,医药生物
1388,SZ300015,医疗服务,医药生物
1389,SZ300014,电池,电力设备
1390,SZ300013,物流,交通运输
1391,SZ300012,专业服务,社会服务
1392,SZ300011,轨交设备,机械设备
1393,SZ300010,教育,社会服务
1394,SZ300009,生物制品,医药生物
1395,SZ300008,航海装备,国防军工
1396,SZ300007,通用设备,机械设备
1397,SZ300006,化学制药,医药生物
1398,SZ300005,服装家纺,纺织服饰
1399,SZ300004,专用设备,机械设备
1400,SZ300003,医疗器械,医药生物
1401,SZ300002,游戏,传媒
1402,SZ300001,电网设备,电力设备
1403,SZ003816,电力,公用事业
1404,SZ003043,半导体,电子
1405,SZ003042,农化制品,基础化工
1406,SZ003041,服装家纺,纺织服饰
1407,SZ003040,通信设备,通信
1408,SZ003039,环境治理,环保
1409,SZ003038,工业金属,有色金属
1410,SZ003037,水泥,建筑材料
1411,SZ003036,专用设备,机械设备
1412,SZ003035,电力,公用事业
1413,SZ003033,摩托车及其他,汽车
1414,SZ003032,教育,社会服务
1415,SZ003031,通信设备,通信
1416,SZ003030,农产品加工,农林牧渔
1417,SZ003029,软件开发,计算机
1418,SZ003028,家电零部件,家用电器
1419,SZ003027,环境治理,环保
1420,SZ003026,半导体,电子
1421,SZ003025,通用设备,机械设备
1422,SZ003023,小家电,家用电器
1423,SZ003022,光伏设备,电力设备
1424,SZ003021,电机,电力设备
1425,SZ003020,化学制药,医药生物
1426,SZ003019,光学光电子,电子
1427,SZ003018,包装印刷,轻工制造
1428,SZ003017,化学原料,基础化工
1429,SZ003016,服装家纺,纺织服饰
1430,SZ003015,光学光电子,电子
1431,SZ003013,工程咨询服务,建筑装饰
1432,SZ003012,家居用品,轻工制造
1433,SZ003011,家居用品,轻工制造
1434,SZ003010,互联网电商,商贸零售
1435,SZ003009,航天装备,国防军工
1436,SZ003008,专业服务,社会服务
1437,SZ003007,软件开发,计算机
1438,SZ003006,个护用品,美容护理
1439,SZ003005,IT服务,计算机
1440,SZ003004,计算机设备,计算机
1441,SZ003003,包装印刷,轻工制造
1442,SZ003002,化学制品,基础化工
1443,SZ003001,专业工程,建筑装饰
1444,SZ003000,休闲食品,食品饮料
1445,SZ002999,农化制品,基础化工
1446,SZ002998,化学纤维,基础化工
1447,SZ002997,汽车零部件,汽车
1448,SZ002996,工业金属,有色金属
1449,SZ002995,广告营销,传媒
1450,SZ002993,消费电子,电子
1451,SZ002992,光学光电子,电子
1452,SZ002991,休闲食品,食品饮料
1453,SZ002990,计算机设备,计算机
1454,SZ002989,装修装饰,建筑装饰
1455,SZ002988,工业金属,有色金属
1456,SZ002987,软件开发,计算机
1457,SZ002986,炼化及贸易,石油石化
1458,SZ002985,航空装备,国防军工
1459,SZ002984,汽车零部件,汽车
1460,SZ002983,光学光电子,电子
1461,SZ002982,养殖业,农林牧渔
1462,SZ002981,消费电子,电子
1463,SZ002980,电网设备,电力设备
1464,SZ002979,自动化设备,机械设备
1465,SZ002978,小金属,有色金属
1466,SZ002977,军工电子,国防军工
1467,SZ002976,汽车零部件,汽车
1468,SZ002975,自动化设备,机械设备
1469,SZ002973,环境治理,环保
1470,SZ002972,轨交设备,机械设备
1471,SZ002971,化学制品,基础化工
1472,SZ002970,计算机设备,计算机
1473,SZ002969,包装印刷,轻工制造
1474,SZ002968,房地产服务,房地产
1475,SZ002967,专业服务,社会服务
1476,SZ002966,银行,银行
1477,SZ002965,汽车零部件,汽车
1478,SZ002963,装修装饰,建筑装饰
1479,SZ002962,光学光电子,电子
1480,SZ002961,多元金融,非银金融
1481,SZ002960,专用设备,机械设备
1482,SZ002959,小家电,家用电器
1483,SZ002958,银行,银行
1484,SZ002957,自动化设备,机械设备
1485,SZ002956,休闲食品,食品饮料
1486,SZ002955,光学光电子,电子
1487,SZ002953,电网设备,电力设备
1488,SZ002952,光学光电子,电子
1489,SZ002951,其他电源设备,电力设备
1490,SZ002950,医疗器械,医药生物
1491,SZ002949,工程咨询服务,建筑装饰
1492,SZ002948,银行,银行
1493,SZ002947,消费电子,电子
1494,SZ002946,饮料乳品,食品饮料
1495,SZ002945,证券,非银金融
1496,SZ002943,通用设备,机械设备
1497,SZ002942,农化制品,基础化工
1498,SZ002941,基础建设,建筑装饰
1499,SZ002940,化学制药,医药生物
1500,SZ002939,证券,非银金融
1501,SZ002938,元件,电子
1502,SZ002937,汽车零部件,汽车
1503,SZ002936,银行,银行
1504,SZ002935,军工电子,国防军工
1505,SZ002933,航空装备,国防军工
1506,SZ002932,医疗器械,医药生物
1507,SZ002931,通用设备,机械设备
1508,SZ002930,物流,交通运输
1509,SZ002929,通信服务,通信
1510,SZ002928,航空机场,交通运输
1511,SZ002927,电网设备,电力设备
1512,SZ002926,证券,非银金融
1513,SZ002925,消费电子,电子
1514,SZ002923,化学制药,医药生物
1515,SZ002922,其他电子,电子
1516,SZ002921,汽车零部件,汽车
1517,SZ002920,汽车零部件,汽车
1518,SZ002919,游戏,传媒
1519,SZ002918,家居用品,轻工制造
1520,SZ002917,化学制品,基础化工
1521,SZ002916,元件,电子
1522,SZ002915,化学制品,基础化工
1523,SZ002913,元件,电子
1524,SZ002912,计算机设备,计算机
1525,SZ002911,燃气,公用事业
1526,SZ002910,饮料乳品,食品饮料
1527,SZ002909,化学制品,基础化工
1528,SZ002908,IT服务,计算机
1529,SZ002907,中药,医药生物
1530,SZ002906,汽车零部件,汽车
1531,SZ002905,影视院线,传媒
1532,SZ002903,通用设备,机械设备
1533,SZ002902,通信设备,通信
1534,SZ002901,医疗器械,医药生物
1535,SZ002900,化学制药,医药生物
1536,SZ002899,文娱用品,轻工制造
1537,SZ002897,通信设备,通信
1538,SZ002896,通用设备,机械设备
1539,SZ002895,农化制品,基础化工
1540,SZ002893,电力,公用事业
1541,SZ002892,电机,电力设备
1542,SZ002891,饲料,农林牧渔
1543,SZ002890,专用设备,机械设备
1544,SZ002889,物流,交通运输
1545,SZ002888,消费电子,电子
1546,SZ002887,环境治理,环保
1547,SZ002886,塑料,基础化工
1548,SZ002885,其他电子,电子
1549,SZ002884,通用设备,机械设备
1550,SZ002883,工程咨询服务,建筑装饰
1551,SZ002882,电网设备,电力设备
1552,SZ002881,通信设备,通信
1553,SZ002880,生物制品,医药生物
1554,SZ002879,电网设备,电力设备
1555,SZ002878,广告营销,传媒
1556,SZ002877,通用设备,机械设备
1557,SZ002876,光学光电子,电子
1558,SZ002875,服装家纺,纺织服饰
1559,SZ002873,中药,医药生物
1560,SZ002872,化学制药,医药生物
1561,SZ002871,通用设备,机械设备
1562,SZ002870,汽车零部件,汽车
1563,SZ002869,计算机设备,计算机
1564,SZ002868,动物保健,农林牧渔
1565,SZ002867,饰品,纺织服饰
1566,SZ002866,消费电子,电子
1567,SZ002865,光伏设备,电力设备
1568,SZ002864,中药,医药生物
1569,SZ002863,汽车零部件,汽车
1570,SZ002862,文娱用品,轻工制造
1571,SZ002861,消费电子,电子
1572,SZ002860,家电零部件,家用电器
1573,SZ002859,其他电子,电子
1574,SZ002858,体育,社会服务
1575,SZ002857,电网设备,电力设备
1576,SZ002856,装修装饰,建筑装饰
1577,SZ002855,消费电子,电子
1578,SZ002853,家居用品,轻工制造
1579,SZ002852,农产品加工,农林牧渔
1580,SZ002851,其他电源设备,电力设备
1581,SZ002850,电池,电力设备
1582,SZ002849,通用设备,机械设备
1583,SZ002848,黑色家电,家用电器
1584,SZ002847,休闲食品,食品饮料
1585,SZ002846,包装印刷,轻工制造
1586,SZ002845,光学光电子,电子
1587,SZ002843,通用设备,机械设备
1588,SZ002842,小金属,有色金属
1589,SZ002841,消费电子,电子
1590,SZ002840,食品加工,食品饮料
1591,SZ002839,银行,银行
1592,SZ002838,塑料,基础化工
1593,SZ002837,专用设备,机械设备
1594,SZ002836,包装印刷,轻工制造
1595,SZ002835,计算机设备,计算机
1596,SZ002833,专用设备,机械设备
1597,SZ002832,服装家纺,纺织服饰
1598,SZ002831,包装印刷,轻工制造
1599,SZ002830,装修装饰,建筑装饰
1600,SZ002829,航天装备,国防军工
1601,SZ002828,油服工程,石油石化
1602,SZ002827,化学制品,基础化工
1603,SZ002826,化学制药,医药生物
1604,SZ002825,塑料,基础化工
1605,SZ002824,工业金属,有色金属
1606,SZ002823,电机,电力设备
1607,SZ002822,房地产服务,房地产
1608,SZ002821,医疗服务,医药生物
1609,SZ002820,休闲食品,食品饮料
1610,SZ002819,通用设备,机械设备
1611,SZ002818,一般零售,商贸零售
1612,SZ002817,化学制药,医药生物
1613,SZ002816,专用设备,机械设备
1614,SZ002815,元件,电子
1615,SZ002813,汽车零部件,汽车
1616,SZ002812,电池,电力设备
1617,SZ002811,装修装饰,建筑装饰
1618,SZ002810,化学制品,基础化工
1619,SZ002809,化学制品,基础化工
1620,SZ002807,银行,银行
1621,SZ002806,汽车零部件,汽车
1622,SZ002805,电池,电力设备
1623,SZ002803,互联网电商,商贸零售
1624,SZ002802,化学制品,基础化工
1625,SZ002801,电机,电力设备
1626,SZ002800,物流,交通运输
1627,SZ002799,包装印刷,轻工制造
1628,SZ002798,家居用品,轻工制造
1629,SZ002797,证券,非银金融
1630,SZ002796,通信设备,通信
1631,SZ002795,通用设备,机械设备
1632,SZ002793,化学制药,医药生物
1633,SZ002792,通信设备,通信
1634,SZ002791,装修建材,建筑材料
1635,SZ002790,家居用品,轻工制造
1636,SZ002789,装修装饰,建筑装饰
1637,SZ002788,医药商业,医药生物
1638,SZ002787,包装印刷,轻工制造
1639,SZ002786,专用设备,机械设备
1640,SZ002785,装修建材,建筑材料
1641,SZ002783,化学制品,基础化工
1642,SZ002782,其他电子,电子
1643,SZ002780,服装家纺,纺织服饰
1644,SZ002779,专用设备,机械设备
1645,SZ002778,环境治理,环保
1646,SZ002777,IT服务,计算机
1647,SZ002775,基础建设,建筑装饰
1648,SZ002774,专用设备,机械设备
1649,SZ002773,生物制品,医药生物
1650,SZ002772,种植业,农林牧渔
1651,SZ002771,IT服务,计算机
1652,SZ002769,物流,交通运输
1653,SZ002768,塑料,基础化工
1654,SZ002767,通用设备,机械设备
1655,SZ002766,汽车零部件,汽车
1656,SZ002765,汽车零部件,汽车
1657,SZ002763,服装家纺,纺织服饰
1658,SZ002762,服装家纺,纺织服饰
1659,SZ002761,房屋建设,建筑装饰
1660,SZ002760,通用设备,机械设备
1661,SZ002759,电池,电力设备
1662,SZ002758,综合,综合
1663,SZ002757,专用设备,机械设备
1664,SZ002756,能源金属,有色金属
1665,SZ002755,化学制药,医药生物
1666,SZ002753,橡胶,基础化工
1667,SZ002752,包装印刷,轻工制造
1668,SZ002749,农化制品,基础化工
1669,SZ002748,化学原料,基础化工
1670,SZ002747,自动化设备,机械设备
1671,SZ002746,养殖业,农林牧渔
1672,SZ002745,光学光电子,电子
1673,SZ002743,专业工程,建筑装饰
1674,SZ002742,化学制药,医药生物
1675,SZ002741,电子化学品,电子
1676,SZ002739,影视院线,传媒
1677,SZ002738,能源金属,有色金属
1678,SZ002737,中药,医药生物
1679,SZ002736,证券,非银金融
1680,SZ002735,包装印刷,轻工制造
1681,SZ002734,农化制品,基础化工
1682,SZ002733,电池,电力设备
1683,SZ002732,饮料乳品,食品饮料
1684,SZ002731,饰品,纺织服饰
1685,SZ002730,专用设备,机械设备
1686,SZ002729,其他电子,电子
1687,SZ002728,中药,医药生物
1688,SZ002727,医药商业,医药生物
1689,SZ002726,食品加工,食品饮料
1690,SZ002725,汽车零部件,汽车
1691,SZ002724,照明设备,家用电器
1692,SZ002723,照明设备,家用电器
1693,SZ002722,专用设备,机械设备
1694,SZ002721,饰品,纺织服饰
1695,SZ002719,休闲食品,食品饮料
1696,SZ002718,装修建材,建筑材料
1697,SZ002717,基础建设,建筑装饰
1698,SZ002716,贵金属,有色金属
1699,SZ002715,汽车零部件,汽车
1700,SZ002714,养殖业,农林牧渔
1701,SZ002713,装修装饰,建筑装饰
1702,SZ002712,广告营销,传媒
1703,SZ002709,电池,电力设备
1704,SZ002708,汽车零部件,汽车
1705,SZ002707,旅游及景区,社会服务
1706,SZ002706,电网设备,电力设备
1707,SZ002705,小家电,家用电器
1708,SZ002703,汽车零部件,汽车
1709,SZ002702,食品加工,食品饮料
1710,SZ002701,包装印刷,轻工制造
1711,SZ002700,燃气,公用事业
1712,SZ002698,自动化设备,机械设备
1713,SZ002697,一般零售,商贸零售
1714,SZ002696,饲料,农林牧渔
1715,SZ002695,休闲食品,食品饮料
1716,SZ002694,装修建材,建筑材料
1717,SZ002693,化学制药,医药生物
1718,SZ002692,电网设备,电力设备
1719,SZ002691,专用设备,机械设备
1720,SZ002690,专用设备,机械设备
1721,SZ002689,专用设备,机械设备
1722,SZ002688,动物保健,农林牧渔
1723,SZ002687,服装家纺,纺织服饰
1724,SZ002686,通用设备,机械设备
1725,SZ002685,工程机械,机械设备
1726,SZ002683,化学制品,基础化工
1727,SZ002682,物流,交通运输
1728,SZ002681,消费电子,电子
1729,SZ002679,林业,农林牧渔
1730,SZ002678,文娱用品,轻工制造
1731,SZ002677,厨卫电器,家用电器
1732,SZ002676,家电零部件,家用电器
1733,SZ002675,化学制药,医药生物
1734,SZ002674,纺织制造,纺织服饰
1735,SZ002673,证券,非银金融
1736,SZ002672,环境治理,环保
1737,SZ002671,水泥,建筑材料
1738,SZ002670,证券,非银金融
1739,SZ002669,化学制品,基础化工
1740,SZ002668,白色家电,家用电器
1741,SZ002667,专用设备,机械设备
1742,SZ002666,化学制品,基础化工
1743,SZ002664,汽车零部件,汽车
1744,SZ002663,基础建设,建筑装饰
1745,SZ002662,汽车零部件,汽车
1746,SZ002661,食品加工,食品饮料
1747,SZ002660,消费电子,电子
1748,SZ002659,教育,社会服务
1749,SZ002658,环保设备,环保
1750,SZ002657,IT服务,计算机
1751,SZ002656,服装家纺,纺织服饰
1752,SZ002655,消费电子,电子
1753,SZ002654,光学光电子,电子
1754,SZ002653,化学制药,医药生物
1755,SZ002652,装修建材,建筑材料
1756,SZ002651,航空装备,国防军工
1757,SZ002650,调味发酵品,食品饮料
1758,SZ002649,IT服务,计算机
1759,SZ002648,化学原料,基础化工
1760,SZ002647,多元金融,非银金融
1761,SZ002646,白酒,食品饮料
1762,SZ002645,环保设备,环保
1763,SZ002644,中药,医药生物
1764,SZ002643,电子化学品,电子
1765,SZ002642,IT服务,计算机
1766,SZ002641,装修建材,建筑材料
1767,SZ002640,互联网电商,商贸零售
1768,SZ002639,通用设备,机械设备
1769,SZ002638,照明设备,家用电器
1770,SZ002637,化学制品,基础化工
1771,SZ002636,元件,电子
1772,SZ002635,消费电子,电子
1773,SZ002634,服装家纺,纺织服饰
1774,SZ002633,通用设备,机械设备
1775,SZ002632,塑料,基础化工
1776,SZ002631,家居用品,轻工制造
1777,SZ002630,其他电源设备,电力设备
1778,SZ002629,油服工程,石油石化
1779,SZ002628,基础建设,建筑装饰
1780,SZ002627,旅游及景区,社会服务
1781,SZ002626,食品加工,食品饮料
1782,SZ002625,航空装备,国防军工
1783,SZ002624,游戏,传媒
1784,SZ002623,光伏设备,电力设备
1785,SZ002622,医疗服务,医药生物
1786,SZ002620,装修装饰,建筑装饰
1787,SZ002617,电力,公用事业
1788,SZ002616,电力,公用事业
1789,SZ002615,家居用品,轻工制造
1790,SZ002614,其他家电,家用电器
1791,SZ002613,玻璃玻纤,建筑材料
1792,SZ002612,服装家纺,纺织服饰
1793,SZ002611,专用设备,机械设备
1794,SZ002609,IT服务,计算机
1795,SZ002608,电力,公用事业
1796,SZ002607,教育,社会服务
1797,SZ002606,电网设备,电力设备
1798,SZ002605,游戏,传媒
1799,SZ002603,中药,医药生物
1800,SZ002602,游戏,传媒
1801,SZ002601,化学原料,基础化工
1802,SZ002600,消费电子,电子
1803,SZ002599,包装印刷,轻工制造
1804,SZ002598,通用设备,机械设备
1805,SZ002597,化学制品,基础化工
1806,SZ002596,水泥,建筑材料
1807,SZ002595,专用设备,机械设备
1808,SZ002594,乘用车,汽车
1809,SZ002593,专业工程,建筑装饰
1810,SZ002592,汽车零部件,汽车
1811,SZ002591,化学制品,基础化工
1812,SZ002590,汽车零部件,汽车
1813,SZ002589,医药商业,医药生物
1814,SZ002588,农化制品,基础化工
1815,SZ002587,光学光电子,电子
1816,SZ002586,基础建设,建筑装饰
1817,SZ002585,塑料,基础化工
1818,SZ002584,电子化学品,电子
1819,SZ002583,通信设备,通信
1820,SZ002582,休闲食品,食品饮料
1821,SZ002581,生物制品,医药生物
1822,SZ002580,电池,电力设备
1823,SZ002579,元件,电子
1824,SZ002578,工业金属,有色金属
1825,SZ002577,计算机设备,计算机
1826,SZ002576,电机,电力设备
1827,SZ002575,综合,综合
1828,SZ002574,饰品,纺织服饰
1829,SZ002573,环境治理,环保
1830,SZ002572,家居用品,轻工制造
1831,SZ002571,家居用品,轻工制造
1832,SZ002570,饮料乳品,食品饮料
1833,SZ002569,服装家纺,纺织服饰
1834,SZ002568,非白酒,食品饮料
1835,SZ002567,饲料,农林牧渔
1836,SZ002566,中药,医药生物
1837,SZ002565,包装印刷,轻工制造
1838,SZ002564,专用设备,机械设备
1839,SZ002563,服装家纺,纺织服饰
1840,SZ002562,化学制品,基础化工
1841,SZ002561,一般零售,商贸零售
1842,SZ002560,电网设备,电力设备
1843,SZ002559,通用设备,机械设备
1844,SZ002558,游戏,传媒
1845,SZ002557,休闲食品,食品饮料
1846,SZ002556,农业综合,农林牧渔
1847,SZ002555,游戏,传媒
1848,SZ002554,油服工程,石油石化
1849,SZ002553,汽车零部件,汽车
1850,SZ002552,元件,电子
1851,SZ002551,医疗器械,医药生物
1852,SZ002550,化学制药,医药生物
1853,SZ002549,化学制品,基础化工
1854,SZ002548,饲料,农林牧渔
1855,SZ002547,汽车零部件,汽车
1856,SZ002546,电网设备,电力设备
1857,SZ002545,农化制品,基础化工
1858,SZ002544,通信服务,通信
1859,SZ002543,厨卫电器,家用电器
1860,SZ002542,专业工程,建筑装饰
1861,SZ002541,专业工程,建筑装饰
1862,SZ002540,工业金属,有色金属
1863,SZ002539,农化制品,基础化工
1864,SZ002538,农化制品,基础化工
1865,SZ002537,汽车零部件,汽车
1866,SZ002536,汽车零部件,汽车
1867,SZ002535,专用设备,机械设备
1868,SZ002534,其他电源设备,电力设备
1869,SZ002533,电网设备,电力设备
1870,SZ002532,工业金属,有色金属
1871,SZ002531,风电设备,电力设备
1872,SZ002530,通用设备,机械设备
1873,SZ002529,专用设备,机械设备
1874,SZ002528,计算机设备,计算机
1875,SZ002527,专用设备,机械设备
1876,SZ002526,专用设备,机械设备
1877,SZ002524,医疗服务,医药生物
1878,SZ002523,专用设备,机械设备
1879,SZ002522,塑料,基础化工
1880,SZ002521,造纸,轻工制造
1881,SZ002520,通用设备,机械设备
1882,SZ002519,地面兵装,国防军工
1883,SZ002518,其他电源设备,电力设备
1884,SZ002517,游戏,传媒
1885,SZ002516,汽车零部件,汽车
1886,SZ002515,食品加工,食品饮料
1887,SZ002514,通用设备,机械设备
1888,SZ002513,农化制品,基础化工
1889,SZ002512,计算机设备,计算机
1890,SZ002511,个护用品,美容护理
1891,SZ002510,汽车零部件,汽车
1892,SZ002508,厨卫电器,家用电器
1893,SZ002507,调味发酵品,食品饮料
1894,SZ002506,光伏设备,电力设备
1895,SZ002501,工业金属,有色金属
1896,SZ002500,证券,非银金融
1897,SZ002498,电网设备,电力设备
1898,SZ002497,化学制品,基础化工
1899,SZ002496,农化制品,基础化工
1900,SZ002495,调味发酵品,食品饮料
1901,SZ002494,服装家纺,纺织服饰
1902,SZ002493,炼化及贸易,石油石化
1903,SZ002492,物流,交通运输
1904,SZ002491,通信设备,通信
1905,SZ002490,专用设备,机械设备
1906,SZ002489,家居用品,轻工制造
1907,SZ002488,汽车零部件,汽车
1908,SZ002487,风电设备,电力设备
1909,SZ002486,服装家纺,纺织服饰
1910,SZ002485,服装家纺,纺织服饰
1911,SZ002484,元件,电子
1912,SZ002483,专用设备,机械设备
1913,SZ002482,装修装饰,建筑装饰
1914,SZ002481,农产品加工,农林牧渔
1915,SZ002480,电力,公用事业
1916,SZ002479,电力,公用事业
1917,SZ002478,特钢,钢铁
1918,SZ002476,炼化及贸易,石油石化
1919,SZ002475,消费电子,电子
1920,SZ002474,IT服务,计算机
1921,SZ002472,汽车零部件,汽车
1922,SZ002471,电网设备,电力设备
1923,SZ002470,农化制品,基础化工
1924,SZ002469,化学原料,基础化工
1925,SZ002468,物流,交通运输
1926,SZ002467,通信服务,通信
1927,SZ002466,能源金属,有色金属
1928,SZ002465,军工电子,国防军工
1929,SZ002463,元件,电子
1930,SZ002462,医药商业,医药生物
1931,SZ002461,非白酒,食品饮料
1932,SZ002460,能源金属,有色金属
1933,SZ002459,光伏设备,电力设备
1934,SZ002458,养殖业,农林牧渔
1935,SZ002457,装修建材,建筑材料
1936,SZ002456,光学光电子,电子
1937,SZ002455,化学制品,基础化工
1938,SZ002454,汽车零部件,汽车
1939,SZ002453,化学制品,基础化工
1940,SZ002452,电网设备,电力设备
1941,SZ002451,电网设备,电力设备
1942,SZ002449,光学光电子,电子
1943,SZ002448,汽车零部件,汽车
1944,SZ002446,军工电子,国防军工
1945,SZ002445,通用设备,机械设备
1946,SZ002444,通用设备,机械设备
1947,SZ002443,特钢,钢铁
1948,SZ002442,橡胶,基础化工
1949,SZ002441,电网设备,电力设备
1950,SZ002440,化学制品,基础化工
1951,SZ002439,软件开发,计算机
1952,SZ002438,通用设备,机械设备
1953,SZ002437,化学制药,医药生物
1954,SZ002436,元件,电子
1955,SZ002434,汽车零部件,汽车
1956,SZ002432,医疗器械,医药生物
1957,SZ002431,基础建设,建筑装饰
1958,SZ002430,化学制品,基础化工
1959,SZ002429,黑色家电,家用电器
1960,SZ002428,小金属,有色金属
1961,SZ002427,化学纤维,基础化工
1962,SZ002426,消费电子,电子
1963,SZ002425,游戏,传媒
1964,SZ002424,中药,医药生物
1965,SZ002423,多元金融,非银金融
1966,SZ002422,化学制药,医药生物
1967,SZ002421,IT服务,计算机
1968,SZ002420,综合,综合
1969,SZ002419,一般零售,商贸零售
1970,SZ002418,家电零部件,家用电器
1971,SZ002416,专业连锁,商贸零售
1972,SZ002415,计算机设备,计算机
1973,SZ002414,军工电子,国防军工
1974,SZ002413,军工电子,国防军工
1975,SZ002412,中药,医药生物
1976,SZ002410,软件开发,计算机
1977,SZ002409,半导体,电子
1978,SZ002408,炼化及贸易,石油石化
1979,SZ002407,化学制品,基础化工
1980,SZ002406,汽车零部件,汽车
1981,SZ002405,软件开发,计算机
1982,SZ002404,服装家纺,纺织服饰
1983,SZ002403,小家电,家用电器
1984,SZ002402,家电零部件,家用电器
1985,SZ002401,IT服务,计算机
1986,SZ002400,广告营销,传媒
1987,SZ002399,化学制药,医药生物
1988,SZ002398,水泥,建筑材料
1989,SZ002397,服装家纺,纺织服饰
1990,SZ002396,通信设备,通信
1991,SZ002395,塑料,基础化工
1992,SZ002394,纺织制造,纺织服饰
1993,SZ002393,化学制药,医药生物
1994,SZ002392,装修建材,建筑材料
1995,SZ002391,农化制品,基础化工
1996,SZ002390,医药商业,医药生物
1997,SZ002389,航空装备,国防军工
1998,SZ002388,其他电子,电子
1999,SZ002387,光学光电子,电子
2000,SZ002386,化学原料,基础化工
2001,SZ002385,饲料,农林牧渔
2002,SZ002384,元件,电子
2003,SZ002383,军工电子,国防军工
2004,SZ002382,医疗器械,医药生物
2005,SZ002381,橡胶,基础化工
2006,SZ002380,IT服务,计算机
2007,SZ002379,工业金属,有色金属
2008,SZ002378,小金属,有色金属
2009,SZ002377,炼化及贸易,石油石化
2010,SZ002376,计算机设备,计算机
2011,SZ002375,装修装饰,建筑装饰
2012,SZ002374,包装印刷,轻工制造
2013,SZ002373,IT服务,计算机
2014,SZ002372,装修建材,建筑材料
2015,SZ002371,半导体,电子
2016,SZ002370,化学制药,医药生物
2017,SZ002369,消费电子,电子
2018,SZ002368,IT服务,计算机
2019,SZ002367,专用设备,机械设备
2020,SZ002366,其他电源设备,电力设备
2021,SZ002365,化学制药,医药生物
2022,SZ002364,其他电源设备,电力设备
2023,SZ002363,汽车零部件,汽车
2024,SZ002362,软件开发,计算机
2025,SZ002361,塑料,基础化工
2026,SZ002360,化学制品,基础化工
2027,SZ002358,电网设备,电力设备
2028,SZ002357,铁路公路,交通运输
2029,SZ002356,一般零售,商贸零售
2030,SZ002355,汽车零部件,汽车
2031,SZ002354,广告营销,传媒
2032,SZ002353,专用设备,机械设备
2033,SZ002352,物流,交通运输
2034,SZ002351,消费电子,电子
2035,SZ002350,电网设备,电力设备
2036,SZ002349,中药,医药生物
2037,SZ002348,文娱用品,轻工制造
2038,SZ002347,通用设备,机械设备
2039,SZ002346,电网设备,电力设备
2040,SZ002345,饰品,纺织服饰
2041,SZ002344,一般零售,商贸零售
2042,SZ002343,影视院线,传媒
2043,SZ002342,通用设备,机械设备
2044,SZ002340,电池,电力设备
2045,SZ002339,电网设备,电力设备
2046,SZ002338,军工电子,国防军工
2047,SZ002337,专用设备,机械设备
2048,SZ002335,其他电源设备,电力设备
2049,SZ002334,自动化设备,机械设备
2050,SZ002333,装修建材,建筑材料
2051,SZ002332,化学制药,医药生物
2052,SZ002331,IT服务,计算机
2053,SZ002330,食品加工,食品饮料
2054,SZ002329,饮料乳品,食品饮料
2055,SZ002328,汽车零部件,汽车
2056,SZ002327,服装家纺,纺织服饰
2057,SZ002326,化学制品,基础化工
2058,SZ002324,塑料,基础化工
2059,SZ002323,专业工程,建筑装饰
2060,SZ002322,软件开发,计算机
2061,SZ002321,养殖业,农林牧渔
2062,SZ002320,航运港口,交通运输
2063,SZ002319,化学制品,基础化工
2064,SZ002318,特钢,钢铁
2065,SZ002317,中药,医药生物
2066,SZ002316,综合,综合
2067,SZ002315,互联网电商,商贸零售
2068,SZ002314,房地产开发,房地产
2069,SZ002313,通信设备,通信
2070,SZ002312,农化制品,基础化工
2071,SZ002311,饲料,农林牧渔
2072,SZ002310,电力,公用事业
2073,SZ002309,电网设备,电力设备
2074,SZ002307,基础建设,建筑装饰
2075,SZ002306,酒店餐饮,社会服务
2076,SZ002305,房地产开发,房地产
2077,SZ002304,白酒,食品饮料
2078,SZ002303,包装印刷,轻工制造
2079,SZ002302,水泥,建筑材料
2080,SZ002301,文娱用品,轻工制造
2081,SZ002300,电网设备,电力设备
2082,SZ002299,养殖业,农林牧渔
2083,SZ002298,电网设备,电力设备
2084,SZ002297,航空装备,国防军工
2085,SZ002296,通信设备,通信
2086,SZ002295,工业金属,有色金属
2087,SZ002294,化学制药,医药生物
2088,SZ002293,服装家纺,纺织服饰
2089,SZ002292,文娱用品,轻工制造
2090,SZ002291,广告营销,传媒
2091,SZ002290,家电零部件,家用电器
2092,SZ002289,光学光电子,电子
2093,SZ002287,中药,医药生物
2094,SZ002286,农产品加工,农林牧渔
2095,SZ002285,房地产服务,房地产
2096,SZ002284,汽车零部件,汽车
2097,SZ002283,汽车零部件,汽车
2098,SZ002282,通用设备,机械设备
2099,SZ002281,通信设备,通信
2100,SZ002279,软件开发,计算机
2101,SZ002278,专用设备,机械设备
2102,SZ002277,一般零售,商贸零售
2103,SZ002276,电网设备,电力设备
2104,SZ002275,中药,医药生物
2105,SZ002273,光学光电子,电子
2106,SZ002272,通用设备,机械设备
2107,SZ002271,装修建材,建筑材料
2108,SZ002270,电网设备,电力设备
2109,SZ002269,服装家纺,纺织服饰
2110,SZ002268,计算机设备,计算机
2111,SZ002267,燃气,公用事业
2112,SZ002266,环境治理,环保
2113,SZ002265,汽车零部件,汽车
2114,SZ002264,广告营销,传媒
2115,SZ002263,塑料,基础化工
2116,SZ002262,化学制药,医药生物
2117,SZ002261,软件开发,计算机
2118,SZ002259,燃气,公用事业
2119,SZ002258,农化制品,基础化工
2120,SZ002256,电力,公用事业
2121,SZ002255,其他电源设备,电力设备
2122,SZ002254,化学纤维,基础化工
2123,SZ002253,软件开发,计算机
2124,SZ002252,生物制品,医药生物
2125,SZ002251,一般零售,商贸零售
2126,SZ002250,农化制品,基础化工
2127,SZ002249,电机,电力设备
2128,SZ002248,通用设备,机械设备
2129,SZ002247,装修建材,建筑材料
2130,SZ002246,化学制品,基础化工
2131,SZ002245,电池,电力设备
2132,SZ002244,房地产开发,房地产
2133,SZ002243,化妆品,美容护理
2134,SZ002242,小家电,家用电器
2135,SZ002241,消费电子,电子
2136,SZ002240,能源金属,有色金属
2137,SZ002239,汽车零部件,汽车
2138,SZ002238,电视广播,传媒
2139,SZ002237,贵金属,有色金属
2140,SZ002236,计算机设备,计算机
2141,SZ002235,造纸,轻工制造
2142,SZ002234,养殖业,农林牧渔
2143,SZ002233,水泥,建筑材料
2144,SZ002232,IT服务,计算机
2145,SZ002230,软件开发,计算机
2146,SZ002229,IT服务,计算机
2147,SZ002228,包装印刷,轻工制造
2148,SZ002227,其他电源设备,电力设备
2149,SZ002226,化学制品,基础化工
2150,SZ002225,装修建材,建筑材料
2151,SZ002224,橡胶,基础化工
2152,SZ002223,医疗器械,医药生物
2153,SZ002222,光学光电子,电子
2154,SZ002221,炼化及贸易,石油石化
2155,SZ002219,医疗服务,医药生物
2156,SZ002218,电力,公用事业
2157,SZ002217,光学光电子,电子
2158,SZ002216,食品加工,食品饮料
2159,SZ002215,农化制品,基础化工
2160,SZ002214,军工电子,国防军工
2161,SZ002213,半导体,电子
2162,SZ002212,软件开发,计算机
2163,SZ002211,化学制品,基础化工
2164,SZ002210,环境治理,环保
2165,SZ002209,专用设备,机械设备
2166,SZ002208,房地产开发,房地产
2167,SZ002207,油服工程,石油石化
2168,SZ002206,化学纤维,基础化工
2169,SZ002205,水泥,建筑材料
2170,SZ002204,专用设备,机械设备
2171,SZ002203,工业金属,有色金属
2172,SZ002202,风电设备,电力设备
2173,SZ002201,玻璃玻纤,建筑材料
2174,SZ002200,基础建设,建筑装饰
2175,SZ002199,元件,电子
2176,SZ002198,中药,医药生物
2177,SZ002197,计算机设备,计算机
2178,SZ002196,电机,电力设备
2179,SZ002195,IT服务,计算机
2180,SZ002194,通信设备,通信
2181,SZ002193,服装家纺,纺织服饰
2182,SZ002192,能源金属,有色金属
2183,SZ002191,包装印刷,轻工制造
2184,SZ002190,汽车零部件,汽车
2185,SZ002189,军工电子,国防军工
2186,SZ002188,房地产服务,房地产
2187,SZ002187,一般零售,商贸零售
2188,SZ002186,酒店餐饮,社会服务
2189,SZ002185,半导体,电子
2190,SZ002184,自动化设备,机械设备
2191,SZ002183,贸易,商贸零售
2192,SZ002182,小金属,有色金属
2193,SZ002181,出版,传媒
2194,SZ002180,计算机设备,计算机
2195,SZ002179,军工电子,国防军工
2196,SZ002178,软件开发,计算机
2197,SZ002177,一般零售,商贸零售
2198,SZ002176,电机,电力设备
2199,SZ002175,通用设备,机械设备
2200,SZ002174,游戏,传媒
2201,SZ002173,医疗服务,医药生物
2202,SZ002172,医疗服务,医药生物
2203,SZ002171,工业金属,有色金属
2204,SZ002170,农化制品,基础化工
2205,SZ002169,电网设备,电力设备
2206,SZ002168,电网设备,电力设备
2207,SZ002167,小金属,有色金属
2208,SZ002166,化学制品,基础化工
2209,SZ002165,化学制品,基础化工
2210,SZ002164,通用设备,机械设备
2211,SZ002163,装修装饰,建筑装饰
2212,SZ002162,家居用品,轻工制造
2213,SZ002161,其他电子,电子
2214,SZ002160,工业金属,有色金属
2215,SZ002159,旅游及景区,社会服务
2216,SZ002158,通用设备,机械设备
2217,SZ002157,养殖业,农林牧渔
2218,SZ002156,半导体,电子
2219,SZ002154,服装家纺,纺织服饰
2220,SZ002153,软件开发,计算机
2221,SZ002152,计算机设备,计算机
2222,SZ002151,军工电子,国防军工
2223,SZ002150,光伏设备,电力设备
2224,SZ002149,小金属,有色金属
2225,SZ002148,通信服务,通信
2226,SZ002146,房地产开发,房地产
2227,SZ002145,化学原料,基础化工
2228,SZ002144,纺织制造,纺织服饰
2229,SZ002142,银行,银行
2230,SZ002141,元件,电子
2231,SZ002140,专业工程,建筑装饰
2232,SZ002139,消费电子,电子
2233,SZ002138,元件,电子
2234,SZ002137,光学光电子,电子
2235,SZ002136,化学原料,基础化工
2236,SZ002135,专业工程,建筑装饰
2237,SZ002134,元件,电子
2238,SZ002133,房地产开发,房地产
2239,SZ002132,通用设备,机械设备
2240,SZ002131,通用设备,机械设备
2241,SZ002130,其他电子,电子
2242,SZ002129,光伏设备,电力设备
2243,SZ002128,煤炭开采,煤炭
2244,SZ002127,互联网电商,商贸零售
2245,SZ002126,汽车零部件,汽车
2246,SZ002125,电池,电力设备
2247,SZ002124,养殖业,农林牧渔
2248,SZ002123,通信服务,通信
2249,SZ002122,通用设备,机械设备
2250,SZ002121,电网设备,电力设备
2251,SZ002120,物流,交通运输
2252,SZ002119,半导体,电子
2253,SZ002117,包装印刷,轻工制造
2254,SZ002116,专业工程,建筑装饰
2255,SZ002115,通信服务,通信
2256,SZ002114,工业金属,有色金属
2257,SZ002112,电网设备,电力设备
2258,SZ002111,航空装备,国防军工
2259,SZ002110,普钢,钢铁
2260,SZ002109,化学原料,基础化工
2261,SZ002108,塑料,基础化工
2262,SZ002107,中药,医药生物
2263,SZ002106,光学光电子,电子
2264,SZ002105,摩托车及其他,汽车
2265,SZ002104,通信设备,通信
2266,SZ002103,文娱用品,轻工制造
2267,SZ002102,化学制药,医药生物
2268,SZ002101,汽车零部件,汽车
2269,SZ002100,养殖业,农林牧渔
2270,SZ002099,化学制药,医药生物
2271,SZ002098,纺织制造,纺织服饰
2272,SZ002097,工程机械,机械设备
2273,SZ002096,化学制品,基础化工
2274,SZ002095,数字媒体,传媒
2275,SZ002094,家居用品,轻工制造
2276,SZ002093,教育,社会服务
2277,SZ002092,化学原料,基础化工
2278,SZ002091,贸易,商贸零售
2279,SZ002090,电网设备,电力设备
2280,SZ002088,装修建材,建筑材料
2281,SZ002086,农产品加工,农林牧渔
2282,SZ002085,汽车零部件,汽车
2283,SZ002084,家居用品,轻工制造
2284,SZ002083,纺织制造,纺织服饰
2285,SZ002082,化学制药,医药生物
2286,SZ002081,装修装饰,建筑装饰
2287,SZ002080,玻璃玻纤,建筑材料
2288,SZ002079,光伏设备,电力设备
2289,SZ002078,造纸,轻工制造
2290,SZ002077,半导体,电子
2291,SZ002076,照明设备,家用电器
2292,SZ002075,特钢,钢铁
2293,SZ002074,电池,电力设备
2294,SZ002073,专用设备,机械设备
2295,SZ002072,贸易,商贸零售
2296,SZ002069,渔业,农林牧渔
2297,SZ002068,橡胶,基础化工
2298,SZ002067,造纸,轻工制造
2299,SZ002066,装修建材,建筑材料
2300,SZ002065,IT服务,计算机
2301,SZ002064,化学纤维,基础化工
2302,SZ002063,软件开发,计算机
2303,SZ002062,基础建设,建筑装饰
2304,SZ002061,基础建设,建筑装饰
2305,SZ002060,基础建设,建筑装饰
2306,SZ002059,旅游及景区,社会服务
2307,SZ002058,电池,电力设备
2308,SZ002057,专业服务,社会服务
2309,SZ002056,光伏设备,电力设备
2310,SZ002055,消费电子,电子
2311,SZ002054,化学制品,基础化工
2312,SZ002053,电力,公用事业
2313,SZ002052,其他电源设备,电力设备
2314,SZ002051,专业工程,建筑装饰
2315,SZ002050,家电零部件,家用电器
2316,SZ002049,半导体,电子
2317,SZ002048,汽车零部件,汽车
2318,SZ002047,装修装饰,建筑装饰
2319,SZ002046,通用设备,机械设备
2320,SZ002045,消费电子,电子
2321,SZ002044,医疗服务,医药生物
2322,SZ002043,装修建材,建筑材料
2323,SZ002042,纺织制造,纺织服饰
2324,SZ002041,种植业,农林牧渔
2325,SZ002040,航运港口,交通运输
2326,SZ002039,电力,公用事业
2327,SZ002038,化学制药,医药生物
2328,SZ002037,化学制品,基础化工
2329,SZ002036,光学光电子,电子
2330,SZ002035,厨卫电器,家用电器
2331,SZ002034,环境治理,环保
2332,SZ002033,旅游及景区,社会服务
2333,SZ002032,小家电,家用电器
2334,SZ002031,专用设备,机械设备
2335,SZ002030,医疗器械,医药生物
2336,SZ002029,服装家纺,纺织服饰
2337,SZ002028,电网设备,电力设备
2338,SZ002027,广告营销,传媒
2339,SZ002026,通用设备,机械设备
2340,SZ002025,军工电子,国防军工
2341,SZ002024,互联网电商,商贸零售
2342,SZ002023,航空装备,国防军工
2343,SZ002022,医疗器械,医药生物
2344,SZ002021,专用设备,机械设备
2345,SZ002020,化学制药,医药生物
2346,SZ002019,化学制药,医药生物
2347,SZ002017,通信设备,通信
2348,SZ002016,房地产开发,房地产
2349,SZ002015,电力,公用事业
2350,SZ002014,包装印刷,轻工制造
2351,SZ002012,造纸,轻工制造
2352,SZ002011,家电零部件,家用电器
2353,SZ002010,物流,交通运输
2354,SZ002009,专用设备,机械设备
2355,SZ002008,自动化设备,机械设备
2356,SZ002007,生物制品,医药生物
2357,SZ002006,专用设备,机械设备
2358,SZ002005,小家电,家用电器
2359,SZ002004,化学制药,医药生物
2360,SZ002003,纺织制造,纺织服饰
2361,SZ002001,化学制品,基础化工
2362,SZ001979,房地产开发,房地产
2363,SZ001965,铁路公路,交通运输
2364,SZ001914,房地产服务,房地产
2365,SZ001896,电力,公用事业
2366,SZ001872,航运港口,交通运输
2367,SZ001696,通用设备,机械设备
2368,SZ001400,专用设备,机械设备
2369,SZ001399,光学光电子,电子
2370,SZ001396,基础建设,建筑装饰
2371,SZ001395,专用设备,机械设备
2372,SZ001393,电网设备,电力设备
2373,SZ001391,物流,交通运输
2374,SZ001390,纺织制造,纺织服饰
2375,SZ001389,元件,电子
2376,SZ001388,电网设备,电力设备
2377,SZ001387,白色家电,家用电器
2378,SZ001386,家居用品,轻工制造
2379,SZ001382,电网设备,电力设备
2380,SZ001380,汽车零部件,汽车
2381,SZ001379,通用设备,机械设备
2382,SZ001378,塑料,基础化工
2383,SZ001376,电力,公用事业
2384,SZ001373,光学光电子,电子
2385,SZ001369,化学纤维,基础化工
2386,SZ001368,文娱用品,轻工制造
2387,SZ001367,化学制药,医药生物
2388,SZ001366,饲料,农林牧渔
2389,SZ001365,汽车零部件,汽车
2390,SZ001360,专用设备,机械设备
2391,SZ001359,塑料,基础化工
2392,SZ001358,化学制品,基础化工
2393,SZ001356,家居用品,轻工制造
2394,SZ001339,计算机设备,计算机
2395,SZ001338,农产品加工,农林牧渔
2396,SZ001337,贵金属,有色金属
2397,SZ001336,环保设备,环保
2398,SZ001335,化学制品,基础化工
2399,SZ001333,塑料,基础化工
2400,SZ001332,专用设备,机械设备
2401,SZ001331,燃气,公用事业
2402,SZ001330,影视院线,传媒
2403,SZ001328,个护用品,美容护理
2404,SZ001326,照明设备,家用电器
2405,SZ001325,橡胶,基础化工
2406,SZ001324,轨交设备,机械设备
2407,SZ001323,家居用品,轻工制造
2408,SZ001322,家居用品,轻工制造
2409,SZ001319,汽车零部件,汽车
2410,SZ001318,饮料乳品,食品饮料
2411,SZ001317,铁路公路,交通运输
2412,SZ001316,炼化及贸易,石油石化
2413,SZ001314,消费电子,电子
2414,SZ001313,饲料,农林牧渔
2415,SZ001312,纺织制造,纺织服饰
2416,SZ001311,汽车零部件,汽车
2417,SZ001309,半导体,电子
2418,SZ001308,光学光电子,电子
2419,SZ001306,通用设备,机械设备
2420,SZ001301,电池,电力设备
2421,SZ001300,文娱用品,轻工制造
2422,SZ001299,燃气,公用事业
2423,SZ001298,其他电子,电子
2424,SZ001296,非金属材料,基础化工
2425,SZ001289,电力,公用事业
2426,SZ001288,专用设备,机械设备
2427,SZ001287,其他电子,电子
2428,SZ001286,电力,公用事业
2429,SZ001285,汽车零部件,汽车
2430,SZ001283,电池,电力设备
2431,SZ001282,汽车零部件,汽车
2432,SZ001280,小金属,有色金属
2433,SZ001279,包装印刷,轻工制造
2434,SZ001278,汽车零部件,汽车
2435,SZ001277,专用设备,机械设备
2436,SZ001270,军工电子,国防军工
2437,SZ001269,光伏设备,电力设备
2438,SZ001268,家电零部件,家用电器
2439,SZ001267,通信设备,通信
2440,SZ001266,自动化设备,机械设备
2441,SZ001260,汽车零部件,汽车
2442,SZ001259,小家电,家用电器
2443,SZ001258,电力,公用事业
2444,SZ001257,小金属,有色金属
2445,SZ001256,专用设备,机械设备
2446,SZ001255,塑料,基础化工
2447,SZ001248,电力,公用事业
2448,SZ001239,工程机械,机械设备
2449,SZ001238,文娱用品,轻工制造
2450,SZ001237,通用设备,机械设备
2451,SZ001236,多元金融,非银金融
2452,SZ001234,服装家纺,纺织服饰
2453,SZ001233,汽车零部件,汽车
2454,SZ001232,元件,电子
2455,SZ001231,农化制品,基础化工
2456,SZ001230,环境治理,环保
2457,SZ001229,计算机设备,计算机
2458,SZ001228,物流,交通运输
2459,SZ001227,银行,银行
2460,SZ001226,工程机械,机械设备
2461,SZ001225,专用设备,机械设备
2462,SZ001223,自动化设备,机械设备
2463,SZ001222,文娱用品,轻工制造
2464,SZ001221,家居用品,轻工制造
2465,SZ001220,物流,交通运输
2466,SZ001219,休闲食品,食品饮料
2467,SZ001218,化学制品,基础化工
2468,SZ001217,化学原料,基础化工
2469,SZ001216,家居用品,轻工制造
2470,SZ001215,食品加工,食品饮料
2471,SZ001213,铁路公路,交通运输
2472,SZ001212,装修建材,建筑材料
2473,SZ001211,家居用品,轻工制造
2474,SZ001210,电力,公用事业
2475,SZ001209,服装家纺,纺织服饰
2476,SZ001208,电网设备,电力设备
2477,SZ001207,橡胶,基础化工
2478,SZ001206,个护用品,美容护理
2479,SZ001205,航运港口,交通运输
2480,SZ001203,冶钢原料,钢铁
2481,SZ001202,物流,交通运输
2482,SZ001201,养殖业,农林牧渔
2483,SZ000999,中药,医药生物
2484,SZ000998,种植业,农林牧渔
2485,SZ000997,计算机设备,计算机
2486,SZ000995,白酒,食品饮料
2487,SZ000993,电力,公用事业
2488,SZ000990,化学原料,基础化工
2489,SZ000989,中药,医药生物
2490,SZ000988,自动化设备,机械设备
2491,SZ000987,多元金融,非银金融
2492,SZ000985,炼化及贸易,石油石化
2493,SZ000983,煤炭开采,煤炭
2494,SZ000981,汽车零部件,汽车
2495,SZ000980,汽车零部件,汽车
2496,SZ000978,旅游及景区,社会服务
2497,SZ000977,计算机设备,计算机
2498,SZ000975,贵金属,有色金属
2499,SZ000973,塑料,基础化工
2500,SZ000972,农产品加工,农林牧渔
2501,SZ000970,金属新材料,有色金属
2502,SZ000969,金属新材料,有色金属
2503,SZ000968,油气开采,石油石化
2504,SZ000967,环保设备,环保
2505,SZ000966,电力,公用事业
2506,SZ000965,房地产开发,房地产
2507,SZ000963,化学制药,医药生物
2508,SZ000962,小金属,有色金属
2509,SZ000960,小金属,有色金属
2510,SZ000959,普钢,钢铁
2511,SZ000958,电力,公用事业
2512,SZ000957,商用车,汽车
2513,SZ000955,纺织制造,纺织服饰
2514,SZ000953,化学制药,医药生物
2515,SZ000952,化学制药,医药生物
2516,SZ000951,商用车,汽车
2517,SZ000950,医药商业,医药生物
2518,SZ000949,化学纤维,基础化工
2519,SZ000948,软件开发,计算机
2520,SZ000938,IT服务,计算机
2521,SZ000937,煤炭开采,煤炭
2522,SZ000936,化学纤维,基础化工
2523,SZ000935,多元金融,非银金融
2524,SZ000933,工业金属,有色金属
2525,SZ000932,普钢,钢铁
2526,SZ000931,化学制药,医药生物
2527,SZ000930,农产品加工,农林牧渔
2528,SZ000929,非白酒,食品饮料
2529,SZ000928,专业工程,建筑装饰
2530,SZ000927,轨交设备,机械设备
2531,SZ000926,房地产开发,房地产
2532,SZ000925,轨交设备,机械设备
2533,SZ000923,冶钢原料,钢铁
2534,SZ000922,电机,电力设备
2535,SZ000921,白色家电,家用电器
2536,SZ000920,塑料,基础化工
2537,SZ000919,化学制药,医药生物
2538,SZ000917,电视广播,传媒
2539,SZ000915,化学制药,医药生物
2540,SZ000913,摩托车及其他,汽车
2541,SZ000912,农化制品,基础化工
2542,SZ000911,农产品加工,农林牧渔
2543,SZ000910,家居用品,轻工制造
2544,SZ000909,房地产开发,房地产
2545,SZ000908,化学制药,医药生物
2546,SZ000906,物流,交通运输
2547,SZ000905,航运港口,交通运输
2548,SZ000903,汽车零部件,汽车
2549,SZ000902,农化制品,基础化工
2550,SZ000901,汽车零部件,汽车
2551,SZ000900,铁路公路,交通运输
2552,SZ000899,电力,公用事业
2553,SZ000898,普钢,钢铁
2554,SZ000897,房地产开发,房地产
2555,SZ000895,食品加工,食品饮料
2556,SZ000893,农化制品,基础化工
2557,SZ000892,影视院线,传媒
2558,SZ000890,环保设备,环保
2559,SZ000889,通信服务,通信
2560,SZ000888,旅游及景区,社会服务
2561,SZ000887,汽车零部件,汽车
2562,SZ000886,铁路公路,交通运输
2563,SZ000885,环境治理,环保
2564,SZ000883,电力,公用事业
2565,SZ000882,一般零售,商贸零售
2566,SZ000881,化学制品,基础化工
2567,SZ000880,通用设备,机械设备
2568,SZ000878,工业金属,有色金属
2569,SZ000877,水泥,建筑材料
2570,SZ000876,饲料,农林牧渔
2571,SZ000875,电力,公用事业
2572,SZ000869,非白酒,食品饮料
2573,SZ000868,商用车,汽车
2574,SZ000863,房地产开发,房地产
2575,SZ000862,电力,公用事业
2576,SZ000860,白酒,食品饮料
2577,SZ000859,塑料,基础化工
2578,SZ000858,白酒,食品饮料
2579,SZ000856,专用设备,机械设备
2580,SZ000852,专用设备,机械设备
2581,SZ000850,纺织制造,纺织服饰
2582,SZ000848,饮料乳品,食品饮料
2583,SZ000839,通信服务,通信
2584,SZ000838,房地产开发,房地产
2585,SZ000837,通用设备,机械设备
2586,SZ000833,综合,综合
2587,SZ000831,小金属,有色金属
2588,SZ000830,化学原料,基础化工
2589,SZ000829,专业连锁,商贸零售
2590,SZ000828,铁路公路,交通运输
2591,SZ000826,环境治理,环保
2592,SZ000825,特钢,钢铁
2593,SZ000823,元件,电子
2594,SZ000822,化学原料,基础化工
2595,SZ000821,光伏设备,电力设备
2596,SZ000820,环保设备,环保
2597,SZ000819,炼化及贸易,石油石化
2598,SZ000818,化学原料,基础化工
2599,SZ000816,汽车零部件,汽车
2600,SZ000815,IT服务,计算机
2601,SZ000813,化学制药,医药生物
2602,SZ000812,包装印刷,轻工制造
2603,SZ000811,通用设备,机械设备
2604,SZ000810,黑色家电,家用电器
2605,SZ000809,风电设备,电力设备
2606,SZ000807,工业金属,有色金属
2607,SZ000803,电力,公用事业
2608,SZ000802,影视院线,传媒
2609,SZ000801,黑色家电,家用电器
2610,SZ000800,商用车,汽车
2611,SZ000799,白酒,食品饮料
2612,SZ000798,渔业,农林牧渔
2613,SZ000797,房地产开发,房地产
2614,SZ000796,旅游及景区,社会服务
2615,SZ000795,金属新材料,有色金属
2616,SZ000793,出版,传媒
2617,SZ000792,农化制品,基础化工
2618,SZ000791,电力,公用事业
2619,SZ000790,中药,医药生物
2620,SZ000789,水泥,建筑材料
2621,SZ000788,化学制药,医药生物
2622,SZ000786,装修建材,建筑材料
2623,SZ000785,一般零售,商贸零售
2624,SZ000783,证券,非银金融
2625,SZ000782,化学纤维,基础化工
2626,SZ000779,工程咨询服务,建筑装饰
2627,SZ000778,普钢,钢铁
2628,SZ000777,通用设备,机械设备
2629,SZ000776,证券,非银金融
2630,SZ000768,航空装备,国防军工
2631,SZ000767,电力,公用事业
2632,SZ000766,化学制药,医药生物
2633,SZ000762,能源金属,有色金属
2634,SZ000761,普钢,钢铁
2635,SZ000759,一般零售,商贸零售
2636,SZ000758,工业金属,有色金属
2637,SZ000757,汽车服务,汽车
2638,SZ000756,化学制药,医药生物
2639,SZ000755,铁路公路,交通运输
2640,SZ000753,综合,综合
2641,SZ000752,非白酒,食品饮料
2642,SZ000751,工业金属,有色金属
2643,SZ000750,证券,非银金融
2644,SZ000739,化学制药,医药生物
2645,SZ000738,航空装备,国防军工
2646,SZ000737,工业金属,有色金属
2647,SZ000736,房地产服务,房地产
2648,SZ000735,养殖业,农林牧渔
2649,SZ000733,军工电子,国防军工
2650,SZ000731,农化制品,基础化工
2651,SZ000729,非白酒,食品饮料
2652,SZ000728,证券,非银金融
2653,SZ000727,光学光电子,电子
2654,SZ000726,纺织制造,纺织服饰
2655,SZ000725,光学光电子,电子
2656,SZ000723,焦炭,煤炭
2657,SZ000722,电力,公用事业
2658,SZ000721,酒店餐饮,社会服务
2659,SZ000720,电网设备,电力设备
2660,SZ000719,出版,传媒
2661,SZ000718,房地产开发,房地产
2662,SZ000717,普钢,钢铁
2663,SZ000716,休闲食品,食品饮料
2664,SZ000715,一般零售,商贸零售
2665,SZ000713,种植业,农林牧渔
2666,SZ000712,证券,非银金融
2667,SZ000711,环境治理,环保
2668,SZ000710,医疗服务,医药生物
2669,SZ000709,普钢,钢铁
2670,SZ000708,特钢,钢铁
2671,SZ000707,化学原料,基础化工
2672,SZ000705,医药商业,医药生物
2673,SZ000703,炼化及贸易,石油石化
2674,SZ000702,饲料,农林牧渔
2675,SZ000701,贸易,商贸零售
2676,SZ000700,汽车零部件,汽车
2677,SZ000698,炼化及贸易,石油石化
2678,SZ000697,航空装备,国防军工
2679,SZ000695,电池,电力设备
2680,SZ000692,电力,公用事业
2681,SZ000691,化学原料,基础化工
2682,SZ000690,电力,公用事业
2683,SZ000688,小金属,有色金属
2684,SZ000686,证券,非银金融
2685,SZ000685,环境治理,环保
2686,SZ000683,化学原料,基础化工
2687,SZ000682,电网设备,电力设备
2688,SZ000681,数字媒体,传媒
2689,SZ000680,工程机械,机械设备
2690,SZ000679,一般零售,商贸零售
2691,SZ000678,汽车零部件,汽车
2692,SZ000677,化学纤维,基础化工
2693,SZ000676,广告营销,传媒
2694,SZ000672,水泥,建筑材料
2695,SZ000670,其他电子,电子
2696,SZ000669,燃气,公用事业
2697,SZ000668,房地产开发,房地产
2698,SZ000665,电视广播,传媒
2699,SZ000663,林业,农林牧渔
2700,SZ000661,生物制品,医药生物
2701,SZ000659,包装印刷,轻工制造
2702,SZ000657,小金属,有色金属
2703,SZ000656,房地产开发,房地产
2704,SZ000655,冶钢原料,钢铁
2705,SZ000652,环境治理,环保
2706,SZ000651,白色家电,家用电器
2707,SZ000650,中药,医药生物
2708,SZ000639,食品加工,食品饮料
2709,SZ000637,炼化及贸易,石油石化
2710,SZ000636,元件,电子
2711,SZ000635,化学原料,基础化工
2712,SZ000633,金属新材料,有色金属
2713,SZ000632,综合,综合
2714,SZ000631,电力,公用事业
2715,SZ000630,工业金属,有色金属
2716,SZ000629,冶钢原料,钢铁
2717,SZ000628,房屋建设,建筑装饰
2718,SZ000626,物流,交通运输
2719,SZ000625,乘用车,汽车
2720,SZ000623,中药,医药生物
2721,SZ000620,房地产开发,房地产
2722,SZ000619,装修建材,建筑材料
2723,SZ000617,多元金融,非银金融
2724,SZ000615,医疗美容,美容护理
2725,SZ000612,工业金属,有色金属
2726,SZ000610,旅游及景区,社会服务
2727,SZ000609,房地产开发,房地产
2728,SZ000608,房地产开发,房地产
2729,SZ000607,广告营销,传媒
2730,SZ000605,环境治理,环保
2731,SZ000603,贵金属,有色金属
2732,SZ000601,电力,公用事业
2733,SZ000600,电力,公用事业
2734,SZ000599,汽车零部件,汽车
2735,SZ000598,环境治理,环保
2736,SZ000597,化学制药,医药生物
2737,SZ000596,白酒,食品饮料
2738,SZ000595,电力,公用事业
2739,SZ000593,燃气,公用事业
2740,SZ000592,林业,农林牧渔
2741,SZ000591,电力,公用事业
2742,SZ000590,中药,医药生物
2743,SZ000589,汽车零部件,汽车
2744,SZ000586,通信设备,通信
2745,SZ000582,航运港口,交通运输
2746,SZ000581,汽车零部件,汽车
2747,SZ000576,地面兵装,国防军工
2748,SZ000573,房地产开发,房地产
2749,SZ000572,乘用车,汽车
2750,SZ000571,煤炭开采,煤炭
2751,SZ000570,汽车零部件,汽车
2752,SZ000568,白酒,食品饮料
2753,SZ000567,多元金融,非银金融
2754,SZ000566,化学制药,医药生物
2755,SZ000565,化学制品,基础化工
2756,SZ000564,一般零售,商贸零售
2757,SZ000563,多元金融,非银金融
2758,SZ000561,航空装备,国防军工
2759,SZ000560,房地产服务,房地产
2760,SZ000559,汽车零部件,汽车
2761,SZ000558,旅游及景区,社会服务
2762,SZ000557,铁路公路,交通运输
2763,SZ000555,IT服务,计算机
2764,SZ000554,炼化及贸易,石油石化
2765,SZ000553,农化制品,基础化工
2766,SZ000552,煤炭开采,煤炭
2767,SZ000551,环保设备,环保
2768,SZ000550,商用车,汽车
2769,SZ000548,铁路公路,交通运输
2770,SZ000547,军工电子,国防军工
2771,SZ000546,环境治理,环保
2772,SZ000545,化学原料,基础化工
2773,SZ000544,环境治理,环保
2774,SZ000543,电力,公用事业
2775,SZ000541,照明设备,家用电器
2776,SZ000539,电力,公用事业
2777,SZ000538,中药,医药生物
2778,SZ000537,电力,公用事业
2779,SZ000536,光学光电子,电子
2780,SZ000534,生物制品,医药生物
2781,SZ000533,电网设备,电力设备
2782,SZ000532,多元金融,非银金融
2783,SZ000531,电力,公用事业
2784,SZ000530,通用设备,机械设备
2785,SZ000529,食品加工,食品饮料
2786,SZ000528,工程机械,机械设备
2787,SZ000526,教育,社会服务
2788,SZ000525,农化制品,基础化工
2789,SZ000524,旅游及景区,社会服务
2790,SZ000523,综合,综合
2791,SZ000521,白色家电,家用电器
2792,SZ000520,航运港口,交通运输
2793,SZ000519,地面兵装,国防军工
2794,SZ000518,生物制品,医药生物
2795,SZ000517,房地产开发,房地产
2796,SZ000516,医疗服务,医药生物
2797,SZ000514,房地产开发,房地产
2798,SZ000513,化学制药,医药生物
2799,SZ000510,化学原料,基础化工
2800,SZ000509,光学光电子,电子
2801,SZ000507,电力,公用事业
2802,SZ000506,贵金属,有色金属
2803,SZ000505,农产品加工,农林牧渔
2804,SZ000504,医疗服务,医药生物
2805,SZ000503,软件开发,计算机
2806,SZ000501,一般零售,商贸零售
2807,SZ000498,基础建设,建筑装饰
2808,SZ000488,造纸,轻工制造
2809,SZ000430,旅游及景区,社会服务
2810,SZ000429,铁路公路,交通运输
2811,SZ000428,酒店餐饮,社会服务
2812,SZ000426,贵金属,有色金属
2813,SZ000425,工程机械,机械设备
2814,SZ000423,中药,医药生物
2815,SZ000422,农化制品,基础化工
2816,SZ000421,综合,综合
2817,SZ000420,化学纤维,基础化工
2818,SZ000419,一般零售,商贸零售
2819,SZ000417,一般零售,商贸零售
2820,SZ000415,多元金融,非银金融
2821,SZ000411,医药商业,医药生物
2822,SZ000410,通用设备,机械设备
2823,SZ000409,IT服务,计算机
2824,SZ000408,农化制品,基础化工
2825,SZ000407,燃气,公用事业
2826,SZ000404,家电零部件,家用电器
2827,SZ000403,生物制品,医药生物
2828,SZ000402,房地产开发,房地产
2829,SZ000401,水泥,建筑材料
2830,SZ000400,电网设备,电力设备
2831,SZ000338,汽车零部件,汽车
2832,SZ000333,白色家电,家用电器
2833,SZ000301,炼化及贸易,石油石化
2834,SZ000166,证券,非银金融
2835,SZ000159,炼化及贸易,石油石化
2836,SZ000158,IT服务,计算机
2837,SZ000157,工程机械,机械设备
2838,SZ000156,电视广播,传媒
2839,SZ000155,电力,公用事业
2840,SZ000153,化学制药,医药生物
2841,SZ000151,贸易,商贸零售
2842,SZ000100,光学光电子,电子
2843,SZ000099,航空机场,交通运输
2844,SZ000096,炼化及贸易,石油石化
2845,SZ000090,房地产开发,房地产
2846,SZ000089,航空机场,交通运输
2847,SZ000088,航运港口,交通运输
2848,SZ000078,医药商业,医药生物
2849,SZ000070,通信设备,通信
2850,SZ000069,房地产开发,房地产
2851,SZ000068,环境治理,环保
2852,SZ000066,计算机设备,计算机
2853,SZ000065,专业工程,建筑装饰
2854,SZ000063,通信设备,通信
2855,SZ000062,其他电子,电子
2856,SZ000061,一般零售,商贸零售
2857,SZ000060,工业金属,有色金属
2858,SZ000059,炼化及贸易,石油石化
2859,SZ000058,一般零售,商贸零售
2860,SZ000056,房地产服务,房地产
2861,SZ000055,装修建材,建筑材料
2862,SZ000050,光学光电子,电子
2863,SZ000049,电池,电力设备
2864,SZ000048,养殖业,农林牧渔
2865,SZ000045,光学光电子,电子
2866,SZ000042,房地产开发,房地产
2867,SZ000039,通用设备,机械设备
2868,SZ000037,电力,公用事业
2869,SZ000036,房地产开发,房地产
2870,SZ000035,环境治理,环保
2871,SZ000034,IT服务,计算机
2872,SZ000032,专业工程,建筑装饰
2873,SZ000031,房地产开发,房地产
2874,SZ000030,汽车零部件,汽车
2875,SZ000029,房地产开发,房地产
2876,SZ000028,医药商业,医药生物
2877,SZ000027,电力,公用事业
2878,SZ000026,饰品,纺织服饰
2879,SZ000025,综合,综合
2880,SZ000021,消费电子,电子
2881,SZ000020,光学光电子,电子
2882,SZ000019,农产品加工,农林牧渔
2883,SZ000017,饰品,纺织服饰
2884,SZ000014,房地产开发,房地产
2885,SZ000012,玻璃玻纤,建筑材料
2886,SZ000011,房地产开发,房地产
2887,SZ000010,基础建设,建筑装饰
2888,SZ000009,综合,综合
2889,SZ000008,轨交设备,机械设备
2890,SZ000007,一般零售,商贸零售
2891,SZ000006,房地产开发,房地产
2892,SZ000002,房地产开发,房地产
2893,SZ000001,银行,银行
2894,SH689009,摩托车及其他,汽车
2895,SH688981,半导体,电子
2896,SH688836,自动化设备,机械设备
2897,SH688835,专用设备,机械设备
2898,SH688828,通用设备,机械设备
2899,SH688826,光学光电子,电子
2900,SH688825,半导体,电子
2901,SH688820,半导体,电子
2902,SH688819,电池,电力设备
2903,SH688818,航天装备,国防军工
2904,SH688816,自动化设备,机械设备
2905,SH688813,专用设备,机械设备
2906,SH688811,金属新材料,有色金属
2907,SH688809,半导体,电子
2908,SH688808,通用设备,机械设备
2909,SH688807,半导体,电子
2910,SH688806,生物制品,医药生物
2911,SH688805,医疗器械,医药生物
2912,SH688802,半导体,电子
2913,SH688800,其他电子,电子
2914,SH688799,化学制药,医药生物
2915,SH688798,半导体,电子
2916,SH688797,半导体,电子
2917,SH688796,医疗服务,医药生物
2918,SH688795,半导体,电子
2919,SH688793,小家电,家用电器
2920,SH688790,半导体,电子
2921,SH688789,专用设备,机械设备
2922,SH688788,军工电子,国防军工
2923,SH688787,IT服务,计算机
2924,SH688786,金属新材料,有色金属
2925,SH688785,其他电源设备,电力设备
2926,SH688783,半导体,电子
2927,SH688781,光学光电子,电子
2928,SH688779,电池,电力设备
2929,SH688778,电池,电力设备
2930,SH688777,自动化设备,机械设备
2931,SH688776,军工电子,国防军工
2932,SH688775,消费电子,电子
2933,SH688772,电池,电力设备
2934,SH688768,通用设备,机械设备
2935,SH688767,医疗器械,医药生物
2936,SH688766,半导体,电子
2937,SH688765,生物制品,医药生物
2938,SH688759,化学制药,医药生物
2939,SH688758,化学制药,医药生物
2940,SH688757,专业服务,社会服务
2941,SH688755,专用设备,机械设备
2942,SH688750,小金属,有色金属
2943,SH688739,生物制品,医药生物
2944,SH688737,汽车零部件,汽车
2945,SH688733,电池,电力设备
2946,SH688729,半导体,电子
2947,SH688728,半导体,电子
2948,SH688727,半导体,电子
2949,SH688726,光伏设备,电力设备
2950,SH688722,化学纤维,基础化工
2951,SH688721,半导体,电子
2952,SH688720,半导体,电子
2953,SH688719,其他电源设备,电力设备
2954,SH688718,塑料,基础化工
2955,SH688717,光伏设备,电力设备
2956,SH688716,塑料,基础化工
2957,SH688712,医疗器械,医药生物
2958,SH688711,半导体,电子
2959,SH688710,医疗服务,医药生物
2960,SH688709,半导体,电子
2961,SH688708,航空装备,国防军工
2962,SH688707,电池,电力设备
2963,SH688702,半导体,电子
2964,SH688701,环境治理,环保
2965,SH688700,专用设备,机械设备
2966,SH688699,半导体,电子
2967,SH688698,自动化设备,机械设备
2968,SH688697,通用设备,机械设备
2969,SH688696,黑色家电,家用电器
2970,SH688695,软件开发,计算机
2971,SH688693,半导体,电子
2972,SH688692,软件开发,计算机
2973,SH688691,半导体,电子
2974,SH688690,化学制药,医药生物
2975,SH688689,半导体,电子
2976,SH688687,生物制品,医药生物
2977,SH688686,自动化设备,机械设备
2978,SH688685,航空装备,国防军工
2979,SH688683,电子化学品,电子
2980,SH688682,军工电子,国防军工
2981,SH688681,电网设备,电力设备
2982,SH688680,光伏设备,电力设备
2983,SH688679,环境治理,环保
2984,SH688678,消费电子,电子
2985,SH688677,医疗器械,医药生物
2986,SH688676,电网设备,电力设备
2987,SH688671,环保设备,环保
2988,SH688670,生物制品,医药生物
2989,SH688669,塑料,基础化工
2990,SH688668,通信设备,通信
2991,SH688667,汽车零部件,汽车
2992,SH688665,通用设备,机械设备
2993,SH688663,电网设备,电力设备
2994,SH688662,其他电子,电子
2995,SH688661,半导体,电子
2996,SH688660,风电设备,电力设备
2997,SH688659,化学制品,基础化工
2998,SH688658,化学制药,医药生物
2999,SH688657,软件开发,计算机
3000,SH688656,医疗器械,医药生物
3001,SH688655,元件,电子
3002,SH688653,半导体,电子
3003,SH688652,半导体,电子
3004,SH688651,软件开发,计算机
3005,SH688648,专用设备,机械设备
3006,SH688646,自动化设备,机械设备
3007,SH688639,化学制品,基础化工
3008,SH688638,电池,电力设备
3009,SH688636,军工电子,国防军工
3010,SH688635,通信设备,通信
3011,SH688633,专用设备,机械设备
3012,SH688631,软件开发,计算机
3013,SH688630,专用设备,机械设备
3014,SH688629,军工电子,国防军工
3015,SH688628,通用设备,机械设备
3016,SH688627,通用设备,机械设备
3017,SH688626,医疗器械,医药生物
3018,SH688625,化学制品,基础化工
3019,SH688623,自动化设备,机械设备
3020,SH688622,通用设备,机械设备
3021,SH688621,医疗服务,医药生物
3022,SH688620,半导体,电子
3023,SH688619,计算机设备,计算机
3024,SH688618,通信设备,通信
3025,SH688617,医疗器械,医药生物
3026,SH688616,电网设备,电力设备
3027,SH688615,软件开发,计算机
3028,SH688613,医疗器械,医药生物
3029,SH688612,汽车零部件,汽车
3030,SH688611,电网设备,电力设备
3031,SH688610,通用设备,机械设备
3032,SH688609,黑色家电,家用电器
3033,SH688608,半导体,电子
3034,SH688607,医疗器械,医药生物
3035,SH688606,医疗器械,医药生物
3036,SH688605,半导体,电子
3037,SH688603,电子化学品,电子
3038,SH688602,化学制药,医药生物
3039,SH688601,半导体,电子
3040,SH688600,通用设备,机械设备
3041,SH688599,光伏设备,电力设备
3042,SH688598,非金属材料,基础化工
3043,SH688597,电网设备,电力设备
3044,SH688596,专用设备,机械设备
3045,SH688595,半导体,电子
3046,SH688593,半导体,电子
3047,SH688592,通信设备,通信
3048,SH688591,半导体,电子
3049,SH688590,软件开发,计算机
3050,SH688589,半导体,电子
3051,SH688588,软件开发,计算机
3052,SH688586,航空装备,国防军工
3053,SH688585,塑料,基础化工
3054,SH688584,半导体,电子
3055,SH688583,通用设备,机械设备
3056,SH688582,半导体,电子
3057,SH688581,医疗器械,医药生物
3058,SH688580,医疗器械,医药生物
3059,SH688579,软件开发,计算机
3060,SH688578,化学制药,医药生物
3061,SH688577,通用设备,机械设备
3062,SH688576,医疗器械,医药生物
3063,SH688575,医疗器械,医药生物
3064,SH688573,电池,电力设备
3065,SH688571,化学制品,基础化工
3066,SH688570,自动化设备,机械设备
3067,SH688569,轨交设备,机械设备
3068,SH688568,IT服务,计算机
3069,SH688567,电池,电力设备
3070,SH688566,化学制药,医药生物
3071,SH688565,环境治理,环保
3072,SH688563,航空装备,国防军工
3073,SH688562,IT服务,计算机
3074,SH688561,软件开发,计算机
3075,SH688560,光伏设备,电力设备
3076,SH688559,自动化设备,机械设备
3077,SH688558,通用设备,机械设备
3078,SH688557,通用设备,机械设备
3079,SH688556,光伏设备,电力设备
3080,SH688553,化学制药,医药生物
3081,SH688552,军工电子,国防军工
3082,SH688551,其他电源设备,电力设备
3083,SH688550,电子化学品,电子
3084,SH688549,电子化学品,电子
3085,SH688548,电子化学品,电子
3086,SH688545,电子化学品,电子
3087,SH688543,地面兵装,国防军工
3088,SH688539,元件,电子
3089,SH688538,光学光电子,电子
3090,SH688536,半导体,电子
3091,SH688535,半导体,电子
3092,SH688533,汽车零部件,汽车
3093,SH688531,专用设备,机械设备
3094,SH688530,半导体,电子
3095,SH688529,专用设备,机械设备
3096,SH688528,通用设备,机械设备
3097,SH688526,动物保健,农林牧渔
3098,SH688525,半导体,电子
3099,SH688523,航天装备,国防军工
3100,SH688522,军工电子,国防军工
3101,SH688521,半导体,电子
3102,SH688520,生物制品,医药生物
3103,SH688519,元件,电子
3104,SH688518,自动化设备,机械设备
3105,SH688517,电网设备,电力设备
3106,SH688516,光伏设备,电力设备
3107,SH688515,半导体,电子
3108,SH688513,化学制药,医药生物
3109,SH688512,半导体,电子
3110,SH688511,军工电子,国防军工
3111,SH688510,航空装备,国防军工
3112,SH688509,IT服务,计算机
3113,SH688508,半导体,电子
3114,SH688507,软件开发,计算机
3115,SH688506,生物制品,医药生物
3116,SH688505,化学制药,医药生物
3117,SH688503,光伏设备,电力设备
3118,SH688502,光学光电子,电子
3119,SH688501,环保设备,环保
3120,SH688500,IT服务,计算机
3121,SH688499,电池,电力设备
3122,SH688498,半导体,电子
3123,SH688496,光学光电子,电子
3124,SH688489,计算机设备,计算机
3125,SH688488,生物制品,医药生物
3126,SH688486,半导体,电子
3127,SH688485,轨交设备,机械设备
3128,SH688484,半导体,电子
3129,SH688480,环境治理,环保
3130,SH688479,软件开发,计算机
3131,SH688478,半导体,电子
3132,SH688475,计算机设备,计算机
3133,SH688472,光伏设备,电力设备
3134,SH688469,半导体,电子
3135,SH688468,医疗器械,医药生物
3136,SH688466,环境治理,环保
3137,SH688459,轨交设备,机械设备
3138,SH688458,半导体,电子
3139,SH688456,金属新材料,有色金属
3140,SH688455,自动化设备,机械设备
3141,SH688450,电网设备,电力设备
3142,SH688449,半导体,电子
3143,SH688448,通用设备,机械设备
3144,SH688443,生物制品,医药生物
3145,SH688439,军工电子,国防军工
3146,SH688435,软件开发,计算机
3147,SH688433,通用设备,机械设备
3148,SH688432,半导体,电子
3149,SH688429,光伏设备,电力设备
3150,SH688428,化学制药,医药生物
3151,SH688426,医疗器械,医药生物
3152,SH688425,工程机械,机械设备
3153,SH688420,专用设备,机械设备
3154,SH688419,半导体,电子
3155,SH688418,通信设备,通信
3156,SH688416,半导体,电子
3157,SH688411,其他电源设备,电力设备
3158,SH688410,医疗器械,医药生物
3159,SH688409,半导体,电子
3160,SH688408,光伏设备,电力设备
3161,SH688403,半导体,电子
3162,SH688401,半导体,电子
3163,SH688400,专用设备,机械设备
3164,SH688399,医疗器械,医药生物
3165,SH688398,化学制品,基础化工
3166,SH688396,半导体,电子
3167,SH688395,自动化设备,机械设备
3168,SH688393,医疗器械,医药生物
3169,SH688392,电池,电力设备
3170,SH688391,半导体,电子
3171,SH688390,光伏设备,电力设备
3172,SH688389,医疗器械,医药生物
3173,SH688388,电池,电力设备
3174,SH688387,通信设备,通信
3175,SH688386,塑料,基础化工
3176,SH688385,半导体,电子
3177,SH688383,专用设备,机械设备
3178,SH688382,化学制药,医药生物
3179,SH688381,半导体,电子
3180,SH688380,半导体,电子
3181,SH688379,通用设备,机械设备
3182,SH688378,光学光电子,电子
3183,SH688377,专用设备,机械设备
3184,SH688376,环保设备,环保
3185,SH688375,军工电子,国防军工
3186,SH688373,化学制药,医药生物
3187,SH688372,半导体,电子
3188,SH688371,电子化学品,电子
3189,SH688370,环境治理,环保
3190,SH688369,软件开发,计算机
3191,SH688368,半导体,电子
3192,SH688367,轨交设备,机械设备
3193,SH688366,医疗器械,医药生物
3194,SH688365,IT服务,计算机
3195,SH688363,医疗美容,美容护理
3196,SH688362,半导体,电子
3197,SH688361,半导体,电子
3198,SH688360,通用设备,机械设备
3199,SH688359,电子化学品,电子
3200,SH688358,医疗器械,医药生物
3201,SH688357,化学制品,基础化工
3202,SH688356,化学制药,医药生物
3203,SH688355,通用设备,机械设备
3204,SH688353,电池,电力设备
3205,SH688352,半导体,电子
3206,SH688351,医疗器械,医药生物
3207,SH688350,化学制品,基础化工
3208,SH688349,风电设备,电力设备
3209,SH688348,光伏设备,电力设备
3210,SH688347,半导体,电子
3211,SH688345,电池,电力设备
3212,SH688343,IT服务,计算机
3213,SH688339,电池,电力设备
3214,SH688338,医疗器械,医药生物
3215,SH688337,通用设备,机械设备
3216,SH688336,生物制品,医药生物
3217,SH688335,环境治理,环保
3218,SH688334,专业服务,社会服务
3219,SH688333,通用设备,机械设备
3220,SH688332,半导体,电子
3221,SH688331,生物制品,医药生物
3222,SH688330,电网设备,电力设备
3223,SH688329,自动化设备,机械设备
3224,SH688328,专用设备,机械设备
3225,SH688327,IT服务,计算机
3226,SH688326,软件开发,计算机
3227,SH688325,半导体,电子
3228,SH688323,塑料,基础化工
3229,SH688322,光学光电子,电子
3230,SH688321,化学制药,医药生物
3231,SH688320,自动化设备,机械设备
3232,SH688319,生物制品,医药生物
3233,SH688318,软件开发,计算机
3234,SH688317,医疗器械,医药生物
3235,SH688316,IT服务,计算机
3236,SH688315,医疗服务,医药生物
3237,SH688314,医疗器械,医药生物
3238,SH688313,通信设备,通信
3239,SH688312,专用设备,机械设备
3240,SH688311,军工电子,国防军工
3241,SH688310,自动化设备,机械设备
3242,SH688309,环保设备,环保
3243,SH688308,通用设备,机械设备
3244,SH688307,光学光电子,电子
3245,SH688306,自动化设备,机械设备
3246,SH688305,通用设备,机械设备
3247,SH688303,光伏设备,电力设备
3248,SH688302,化学制药,医药生物
3249,SH688301,医疗器械,医药生物
3250,SH688300,非金属材料,基础化工
3251,SH688299,光学光电子,电子
3252,SH688298,医疗器械,医药生物
3253,SH688297,航空装备,国防军工
3254,SH688296,软件开发,计算机
3255,SH688295,化学纤维,基础化工
3256,SH688293,生物制品,医药生物
3257,SH688292,计算机设备,计算机
3258,SH688291,软件开发,计算机
3259,SH688290,自动化设备,机械设备
3260,SH688289,医疗器械,医药生物
3261,SH688288,计算机设备,计算机
3262,SH688286,半导体,电子
3263,SH688285,轨交设备,机械设备
3264,SH688283,通信设备,通信
3265,SH688282,航天装备,国防军工
3266,SH688281,航空装备,国防军工
3267,SH688280,汽车零部件,汽车
3268,SH688279,半导体,电子
3269,SH688278,生物制品,医药生物
3270,SH688277,医疗器械,医药生物
3271,SH688276,生物制品,医药生物
3272,SH688275,电池,电力设备
3273,SH688273,医疗器械,医药生物
3274,SH688272,军工电子,国防军工
3275,SH688271,医疗器械,医药生物
3276,SH688270,半导体,电子
3277,SH688269,化学制品,基础化工
3278,SH688268,电子化学品,电子
3279,SH688267,化学制品,基础化工
3280,SH688266,化学制药,医药生物
3281,SH688265,医疗服务,医药生物
3282,SH688262,半导体,电子
3283,SH688261,半导体,电子
3284,SH688260,消费电子,电子
3285,SH688259,半导体,电子
3286,SH688258,IT服务,计算机
3287,SH688257,通用设备,机械设备
3288,SH688256,半导体,电子
3289,SH688255,自动化设备,机械设备
3290,SH688253,医疗器械,医药生物
3291,SH688252,半导体,电子
3292,SH688251,IT服务,计算机
3293,SH688249,半导体,电子
3294,SH688248,电网设备,电力设备
3295,SH688247,化学制药,医药生物
3296,SH688246,软件开发,计算机
3297,SH688244,软件开发,计算机
3298,SH688239,航空装备,国防军工
3299,SH688238,医疗服务,医药生物
3300,SH688237,航空装备,国防军工
3301,SH688236,医疗器械,医药生物
3302,SH688235,化学制药,医药生物
3303,SH688234,半导体,电子
3304,SH688233,半导体,电子
3305,SH688232,软件开发,计算机
3306,SH688231,金属新材料,有色金属
3307,SH688230,半导体,电子
3308,SH688229,IT服务,计算机
3309,SH688228,IT服务,计算机
3310,SH688227,IT服务,计算机
3311,SH688226,电网设备,电力设备
3312,SH688225,软件开发,计算机
3313,SH688223,光伏设备,电力设备
3314,SH688222,医疗服务,医药生物
3315,SH688221,化学制药,医药生物
3316,SH688220,半导体,电子
3317,SH688219,塑料,基础化工
3318,SH688218,自动化设备,机械设备
3319,SH688217,医疗器械,医药生物
3320,SH688216,半导体,电子
3321,SH688215,自动化设备,机械设备
3322,SH688213,半导体,电子
3323,SH688212,医疗器械,医药生物
3324,SH688211,专用设备,机械设备
3325,SH688210,消费电子,电子
3326,SH688209,半导体,电子
3327,SH688208,计算机设备,计算机
3328,SH688207,IT服务,计算机
3329,SH688206,软件开发,计算机
3330,SH688205,通信设备,通信
3331,SH688203,塑料,基础化工
3332,SH688202,医疗服务,医药生物
3333,SH688201,软件开发,计算机
3334,SH688200,半导体,电子
3335,SH688199,化学制品,基础化工
3336,SH688198,医疗器械,医药生物
3337,SH688197,化学制药,医药生物
3338,SH688196,化学制品,基础化工
3339,SH688195,光学光电子,电子
3340,SH688193,医疗器械,医药生物
3341,SH688192,化学制药,医药生物
3342,SH688191,电网设备,电力设备
3343,SH688190,金属新材料,有色金属
3344,SH688189,化学制药,医药生物
3345,SH688188,计算机设备,计算机
3346,SH688187,轨交设备,机械设备
3347,SH688186,特钢,钢铁
3348,SH688185,生物制品,医药生物
3349,SH688184,电池,电力设备
3350,SH688183,元件,电子
3351,SH688182,通信设备,通信
3352,SH688181,光学光电子,电子
3353,SH688180,生物制品,医药生物
3354,SH688179,化学制品,基础化工
3355,SH688178,环境治理,环保
3356,SH688177,生物制品,医药生物
3357,SH688176,化学制药,医药生物
3358,SH688175,军工电子,国防军工
3359,SH688173,半导体,电子
3360,SH688172,半导体,电子
3361,SH688171,软件开发,计算机
3362,SH688170,自动化设备,机械设备
3363,SH688169,小家电,家用电器
3364,SH688168,软件开发,计算机
3365,SH688167,半导体,电子
3366,SH688166,化学制药,医药生物
3367,SH688165,自动化设备,机械设备
3368,SH688163,生物制品,医药生物
3369,SH688162,专用设备,机械设备
3370,SH688161,医疗器械,医药生物
3371,SH688160,自动化设备,机械设备
3372,SH688159,通信设备,通信
3373,SH688158,IT服务,计算机
3374,SH688157,化学制品,基础化工
3375,SH688156,环境治理,环保
3376,SH688155,电池,电力设备
3377,SH688153,半导体,电子
3378,SH688152,软件开发,计算机
3379,SH688151,医疗器械,医药生物
3380,SH688150,电子化学品,电子
3381,SH688148,电池,电力设备
3382,SH688147,半导体,电子
3383,SH688146,半导体,电子
3384,SH688143,通信设备,通信
3385,SH688141,半导体,电子
3386,SH688139,医疗器械,医药生物
3387,SH688138,半导体,电子
3388,SH688137,生物制品,医药生物
3389,SH688136,生物制品,医药生物
3390,SH688135,半导体,电子
3391,SH688133,化学制品,基础化工
3392,SH688132,军工电子,国防军工
3393,SH688131,医疗服务,医药生物
3394,SH688130,半导体,电子
3395,SH688129,化学制品,基础化工
3396,SH688128,专用设备,机械设备
3397,SH688127,光学光电子,电子
3398,SH688126,半导体,电子
3399,SH688125,自动化设备,机械设备
3400,SH688123,半导体,电子
3401,SH688122,航空装备,国防军工
3402,SH688121,专用设备,机械设备
3403,SH688120,半导体,电子
3404,SH688119,装修建材,建筑材料
3405,SH688118,软件开发,计算机
3406,SH688117,生物制品,医药生物
3407,SH688116,电池,电力设备
3408,SH688115,通用设备,机械设备
3409,SH688114,医疗器械,医药生物
3410,SH688113,专用设备,机械设备
3411,SH688112,通用设备,机械设备
3412,SH688111,软件开发,计算机
3413,SH688110,半导体,电子
3414,SH688109,软件开发,计算机
3415,SH688108,医疗器械,医药生物
3416,SH688107,半导体,电子
3417,SH688106,电子化学品,电子
3418,SH688105,生物制品,医药生物
3419,SH688103,其他电子,电子
3420,SH688102,金属新材料,有色金属
3421,SH688101,环境治理,环保
3422,SH688100,通信设备,通信
3423,SH688099,半导体,电子
3424,SH688098,动物保健,农林牧渔
3425,SH688097,自动化设备,机械设备
3426,SH688096,环境治理,环保
3427,SH688095,软件开发,计算机
3428,SH688093,其他电子,电子
3429,SH688092,专用设备,机械设备
3430,SH688091,化学制药,医药生物
3431,SH688090,自动化设备,机械设备
3432,SH688089,化学制品,基础化工
3433,SH688088,IT服务,计算机
3434,SH688087,家居用品,轻工制造
3435,SH688085,医疗器械,医药生物
3436,SH688084,军工电子,国防军工
3437,SH688083,软件开发,计算机
3438,SH688082,半导体,电子
3439,SH688081,军工电子,国防军工
3440,SH688080,通信设备,通信
3441,SH688079,光学光电子,电子
3442,SH688078,软件开发,计算机
3443,SH688077,金属新材料,有色金属
3444,SH688076,化学制药,医药生物
3445,SH688075,医疗器械,医药生物
3446,SH688073,医疗服务,医药生物
3447,SH688072,半导体,电子
3448,SH688071,专用设备,机械设备
3449,SH688070,航空装备,国防军工
3450,SH688069,环境治理,环保
3451,SH688068,医疗器械,医药生物
3452,SH688067,医疗器械,医药生物
3453,SH688066,IT服务,计算机
3454,SH688065,化学制品,基础化工
3455,SH688063,电池,电力设备
3456,SH688062,化学制药,医药生物
3457,SH688061,半导体,电子
3458,SH688060,计算机设备,计算机
3459,SH688059,通用设备,机械设备
3460,SH688058,软件开发,计算机
3461,SH688057,环境治理,环保
3462,SH688056,通用设备,机械设备
3463,SH688055,光学光电子,电子
3464,SH688053,军工电子,国防军工
3465,SH688052,半导体,电子
3466,SH688051,IT服务,计算机
3467,SH688050,医疗器械,医药生物
3468,SH688049,半导体,电子
3469,SH688048,半导体,电子
3470,SH688047,半导体,电子
3471,SH688046,医疗服务,医药生物
3472,SH688045,半导体,电子
3473,SH688041,半导体,电子
3474,SH688039,IT服务,计算机
3475,SH688038,软件开发,计算机
3476,SH688037,半导体,电子
3477,SH688036,消费电子,电子
3478,SH688035,电子化学品,电子
3479,SH688033,轨交设备,机械设备
3480,SH688032,光伏设备,电力设备
3481,SH688031,软件开发,计算机
3482,SH688030,软件开发,计算机
3483,SH688029,医疗器械,医药生物
3484,SH688028,通用设备,机械设备
3485,SH688027,通信设备,通信
3486,SH688026,医疗器械,医药生物
3487,SH688025,自动化设备,机械设备
3488,SH688023,软件开发,计算机
3489,SH688022,专用设备,机械设备
3490,SH688021,汽车零部件,汽车
3491,SH688020,元件,电子
3492,SH688019,电子化学品,电子
3493,SH688018,半导体,电子
3494,SH688017,自动化设备,机械设备
3495,SH688016,医疗器械,医药生物
3496,SH688015,轨交设备,机械设备
3497,SH688013,医疗器械,医药生物
3498,SH688012,半导体,电子
3499,SH688011,军工电子,国防军工
3500,SH688010,光学光电子,电子
3501,SH688009,轨交设备,机械设备
3502,SH688008,半导体,电子
3503,SH688007,消费电子,电子
3504,SH688006,电池,电力设备
3505,SH688005,电池,电力设备
3506,SH688004,IT服务,计算机
3507,SH688003,自动化设备,机械设备
3508,SH688002,军工电子,国防军工
3509,SH688001,通用设备,机械设备
3510,SH605599,饰品,纺织服饰
3511,SH605598,专业工程,建筑装饰
3512,SH605589,塑料,基础化工
3513,SH605588,光学光电子,电子
3514,SH605580,电力,公用事业
3515,SH605577,出版,传媒
3516,SH605567,食品加工,食品饮料
3517,SH605566,化学制品,基础化工
3518,SH605555,小家电,家用电器
3519,SH605507,化学制药,医药生物
3520,SH605500,造纸,轻工制造
3521,SH605499,饮料乳品,食品饮料
3522,SH605488,塑料,基础化工
3523,SH605399,化学制品,基础化工
3524,SH605398,IT服务,计算机
3525,SH605389,工程机械,机械设备
3526,SH605388,饮料乳品,食品饮料
3527,SH605378,电池,电力设备
3528,SH605377,造纸,轻工制造
3529,SH605376,金属新材料,有色金属
3530,SH605369,医疗器械,医药生物
3531,SH605368,燃气,公用事业
3532,SH605366,化学制品,基础化工
3533,SH605365,照明设备,家用电器
3534,SH605358,半导体,电子
3535,SH605339,休闲食品,食品饮料
3536,SH605338,食品加工,食品饮料
3537,SH605337,饮料乳品,食品饮料
3538,SH605336,厨卫电器,家用电器
3539,SH605333,汽车零部件,汽车
3540,SH605319,汽车零部件,汽车
3541,SH605318,装修建材,建筑材料
3542,SH605305,工程机械,机械设备
3543,SH605303,基础建设,建筑装饰
3544,SH605300,饮料乳品,食品饮料
3545,SH605299,文娱用品,轻工制造
3546,SH605298,轨交设备,机械设备
3547,SH605296,养殖业,农林牧渔
3548,SH605289,专业工程,建筑装饰
3549,SH605288,自动化设备,机械设备
3550,SH605287,装修装饰,建筑装饰
3551,SH605286,专用设备,机械设备
3552,SH605277,消费电子,电子
3553,SH605268,家居用品,轻工制造
3554,SH605266,医药商业,医药生物
3555,SH605259,专用设备,机械设备
3556,SH605258,元件,电子
3557,SH605255,汽车零部件,汽车
3558,SH605228,汽车零部件,汽车
3559,SH605222,电网设备,电力设备
3560,SH605218,光学光电子,电子
3561,SH605208,工业金属,有色金属
3562,SH605199,中药,医药生物
3563,SH605198,农产品加工,农林牧渔
3564,SH605196,电网设备,电力设备
3565,SH605189,纺织制造,纺织服饰
3566,SH605188,一般零售,商贸零售
3567,SH605186,自动化设备,机械设备
3568,SH605183,橡胶,基础化工
3569,SH605180,纺织制造,纺织服饰
3570,SH605179,饮料乳品,食品饮料
3571,SH605178,专业工程,建筑装饰
3572,SH605177,化学制药,医药生物
3573,SH605169,燃气,公用事业
3574,SH605168,广告营销,传媒
3575,SH605167,专业工程,建筑装饰
3576,SH605166,化学纤维,基础化工
3577,SH605162,电力,公用事业
3578,SH605158,金属新材料,有色金属
3579,SH605155,家居用品,轻工制造
3580,SH605151,汽车零部件,汽车
3581,SH605138,服装家纺,纺织服饰
3582,SH605136,互联网电商,商贸零售
3583,SH605133,汽车零部件,汽车
3584,SH605128,汽车零部件,汽车
3585,SH605123,航空装备,国防军工
3586,SH605122,水泥,建筑材料
3587,SH605118,计算机设备,计算机
3588,SH605117,光伏设备,电力设备
3589,SH605116,化学制药,医药生物
3590,SH605111,半导体,电子
3591,SH605108,酒店餐饮,社会服务
3592,SH605100,通用设备,机械设备
3593,SH605099,家居用品,轻工制造
3594,SH605098,教育,社会服务
3595,SH605090,燃气,公用事业
3596,SH605089,食品加工,食品饮料
3597,SH605088,汽车零部件,汽车
3598,SH605086,非金属材料,基础化工
3599,SH605080,文娱用品,轻工制造
3600,SH605077,化学制品,基础化工
3601,SH605069,环境治理,环保
3602,SH605068,汽车零部件,汽车
3603,SH605066,电网设备,电力设备
3604,SH605060,通用设备,机械设备
3605,SH605058,元件,电子
3606,SH605056,通用设备,机械设备
3607,SH605055,纺织制造,纺织服饰
3608,SH605050,物流,交通运输
3609,SH605033,农化制品,基础化工
3610,SH605028,电力,公用事业
3611,SH605020,化学制品,基础化工
3612,SH605018,汽车零部件,汽车
3613,SH605016,化学制品,基础化工
3614,SH605011,电力,公用事业
3615,SH605009,个护用品,美容护理
3616,SH605008,塑料,基础化工
3617,SH605007,造纸,轻工制造
3618,SH605006,玻璃玻纤,建筑材料
3619,SH605005,汽车零部件,汽车
3620,SH605003,服装家纺,纺织服饰
3621,SH605001,轨交设备,机械设备
3622,SH603999,出版,传媒
3623,SH603998,中药,医药生物
3624,SH603997,汽车零部件,汽车
3625,SH603995,特钢,钢铁
3626,SH603993,工业金属,有色金属
3627,SH603992,家居用品,轻工制造
3628,SH603991,半导体,电子
3629,SH603990,软件开发,计算机
3630,SH603989,元件,电子
3631,SH603988,电机,电力设备
3632,SH603987,医疗器械,医药生物
3633,SH603986,半导体,电子
3634,SH603985,风电设备,电力设备
3635,SH603983,化妆品,美容护理
3636,SH603982,汽车零部件,汽车
3637,SH603980,化学制品,基础化工
3638,SH603979,工业金属,有色金属
3639,SH603978,金属新材料,有色金属
3640,SH603977,化学制品,基础化工
3641,SH603976,医疗器械,医药生物
3642,SH603970,农化制品,基础化工
3643,SH603969,通用设备,机械设备
3644,SH603968,化学制品,基础化工
3645,SH603967,物流,交通运输
3646,SH603966,专用设备,机械设备
3647,SH603960,汽车零部件,汽车
3648,SH603959,专业工程,建筑装饰
3649,SH603958,服装家纺,纺织服饰
3650,SH603956,专用设备,机械设备
3651,SH603955,基础建设,建筑装饰
3652,SH603950,汽车零部件,汽车
3653,SH603949,汽车零部件,汽车
3654,SH603948,化学制品,基础化工
3655,SH603939,医药商业,医药生物
3656,SH603938,化学原料,基础化工
3657,SH603937,工业金属,有色金属
3658,SH603936,元件,电子
3659,SH603933,其他电子,电子
3660,SH603931,电子化学品,电子
3661,SH603929,专业工程,建筑装饰
3662,SH603928,塑料,基础化工
3663,SH603927,软件开发,计算机
3664,SH603926,汽车零部件,汽车
3665,SH603922,汽车零部件,汽车
3666,SH603920,元件,电子
3667,SH603919,白酒,食品饮料
3668,SH603918,IT服务,计算机
3669,SH603917,汽车零部件,汽车
3670,SH603916,水泥,建筑材料
3671,SH603915,通用设备,机械设备
3672,SH603912,通用设备,机械设备
3673,SH603909,工程咨询服务,建筑装饰
3674,SH603908,服装家纺,纺织服饰
3675,SH603906,电池,电力设备
3676,SH603903,环境治理,环保
3677,SH603901,专用设备,机械设备
3678,SH603900,饰品,纺织服饰
3679,SH603899,文娱用品,轻工制造
3680,SH603898,家居用品,轻工制造
3681,SH603897,电网设备,电力设备
3682,SH603896,中药,医药生物
3683,SH603895,专用设备,机械设备
3684,SH603893,半导体,电子
3685,SH603890,消费电子,电子
3686,SH603889,纺织制造,纺织服饰
3687,SH603888,数字媒体,传媒
3688,SH603887,IT服务,计算机
3689,SH603886,休闲食品,食品饮料
3690,SH603885,航空机场,交通运输
3691,SH603883,医药商业,医药生物
3692,SH603882,医疗服务,医药生物
3693,SH603881,通信服务,通信
3694,SH603880,医疗器械,医药生物
3695,SH603879,塑料,基础化工
3696,SH603878,普钢,钢铁
3697,SH603877,服装家纺,纺织服饰
3698,SH603876,工业金属,有色金属
3699,SH603871,物流,交通运输
3700,SH603869,IT服务,计算机
3701,SH603868,小家电,家用电器
3702,SH603867,化学制品,基础化工
3703,SH603866,休闲食品,食品饮料
3704,SH603863,造纸,轻工制造
3705,SH603861,电网设备,电力设备
3706,SH603860,工程咨询服务,建筑装饰
3707,SH603859,IT服务,计算机
3708,SH603858,中药,医药生物
3709,SH603856,装修建材,建筑材料
3710,SH603855,专用设备,机械设备
3711,SH603848,家居用品,轻工制造
3712,SH603843,基础建设,建筑装饰
3713,SH603839,服装家纺,纺织服饰
3714,SH603838,家居用品,轻工制造
3715,SH603836,物流,交通运输
3716,SH603833,家居用品,轻工制造
3717,SH603829,电网设备,电力设备
3718,SH603828,装修装饰,建筑装饰
3719,SH603826,非金属材料,基础化工
3720,SH603825,广告营销,传媒
3721,SH603823,化学制品,基础化工
3722,SH603822,化学制品,基础化工
3723,SH603819,电机,电力设备
3724,SH603818,家居用品,轻工制造
3725,SH603817,环境治理,环保
3726,SH603816,家居用品,轻工制造
3727,SH603815,基础建设,建筑装饰
3728,SH603813,物流,交通运输
3729,SH603811,化学制药,医药生物
3730,SH603810,农化制品,基础化工
3731,SH603809,汽车零部件,汽车
3732,SH603808,服装家纺,纺织服饰
3733,SH603806,光伏设备,电力设备
3734,SH603803,通信设备,通信
3735,SH603801,家居用品,轻工制造
3736,SH603800,专用设备,机械设备
3737,SH603799,能源金属,有色金属
3738,SH603798,炼化及贸易,石油石化
3739,SH603797,环境治理,环保
3740,SH603790,化学制品,基础化工
3741,SH603789,专用设备,机械设备
3742,SH603788,汽车零部件,汽车
3743,SH603787,摩托车及其他,汽车
3744,SH603786,汽车零部件,汽车
3745,SH603779,非白酒,食品饮料
3746,SH603778,光伏设备,电力设备
3747,SH603777,休闲食品,食品饮料
3748,SH603776,摩托车及其他,汽车
3749,SH603773,光学光电子,电子
3750,SH603768,汽车零部件,汽车
3751,SH603767,汽车零部件,汽车
3752,SH603766,摩托车及其他,汽车
3753,SH603759,环境治理,环保
3754,SH603758,汽车零部件,汽车
3755,SH603757,通用设备,机械设备
3756,SH603755,调味发酵品,食品饮料
3757,SH603739,化学制品,基础化工
3758,SH603738,元件,电子
3759,SH603737,装修建材,建筑材料
3760,SH603733,造纸,轻工制造
3761,SH603730,汽车零部件,汽车
3762,SH603729,广告营销,传媒
3763,SH603728,电机,电力设备
3764,SH603727,油服工程,石油石化
3765,SH603726,家电零部件,家用电器
3766,SH603725,家居用品,轻工制造
3767,SH603722,化学制品,基础化工
3768,SH603721,影视院线,传媒
3769,SH603719,休闲食品,食品饮料
3770,SH603718,医疗器械,医药生物
3771,SH603717,基础建设,建筑装饰
3772,SH603716,医药商业,医药生物
3773,SH603713,物流,交通运输
3774,SH603712,军工电子,国防军工
3775,SH603711,饮料乳品,食品饮料
3776,SH603709,家居用品,轻工制造
3777,SH603708,一般零售,商贸零售
3778,SH603707,化学制药,医药生物
3779,SH603706,燃气,公用事业
3780,SH603703,光学光电子,电子
3781,SH603701,汽车零部件,汽车
3782,SH603700,通用设备,机械设备
3783,SH603699,通用设备,机械设备
3784,SH603698,专用设备,机械设备
3785,SH603697,休闲食品,食品饮料
3786,SH603696,调味发酵品,食品饮料
3787,SH603693,电力,公用事业
3788,SH603690,半导体,电子
3789,SH603689,燃气,公用事业
3790,SH603688,非金属材料,基础化工
3791,SH603687,包装印刷,轻工制造
3792,SH603686,环境治理,环保
3793,SH603685,光学光电子,电子
3794,SH603683,化学制品,基础化工
3795,SH603682,一般零售,商贸零售
3796,SH603681,化学制品,基础化工
3797,SH603680,轨交设备,机械设备
3798,SH603679,光学光电子,电子
3799,SH603678,军工电子,国防军工
3800,SH603677,家电零部件,家用电器
3801,SH603676,化学制药,医药生物
3802,SH603669,化学制药,医药生物
3803,SH603668,饲料,农林牧渔
3804,SH603667,通用设备,机械设备
3805,SH603666,自动化设备,机械设备
3806,SH603665,服装家纺,纺织服饰
3807,SH603663,化学原料,基础化工
3808,SH603662,通用设备,机械设备
3809,SH603661,家居用品,轻工制造
3810,SH603660,计算机设备,计算机
3811,SH603659,电池,电力设备
3812,SH603658,医疗器械,医药生物
3813,SH603657,家电零部件,家用电器
3814,SH603656,专用设备,机械设备
3815,SH603655,汽车零部件,汽车
3816,SH603650,橡胶,基础化工
3817,SH603648,物流,交通运输
3818,SH603639,农化制品,基础化工
3819,SH603638,工程机械,机械设备
3820,SH603637,专业工程,建筑装饰
3821,SH603636,IT服务,计算机
3822,SH603633,消费电子,电子
3823,SH603630,化妆品,美容护理
3824,SH603629,消费电子,电子
3825,SH603628,光伏设备,电力设备
3826,SH603626,消费电子,电子
3827,SH603619,油服工程,石油石化
3828,SH603618,电网设备,电力设备
3829,SH603617,通用设备,机械设备
3830,SH603616,水泥,建筑材料
3831,SH603615,家居用品,轻工制造
3832,SH603613,互联网电商,商贸零售
3833,SH603612,非金属材料,基础化工
3834,SH603611,工程机械,机械设备
3835,SH603610,家居用品,轻工制造
3836,SH603609,饲料,农林牧渔
3837,SH603608,服装家纺,纺织服饰
3838,SH603607,包装印刷,轻工制造
3839,SH603606,电网设备,电力设备
3840,SH603605,化妆品,美容护理
3841,SH603602,广告营销,传媒
3842,SH603601,专业工程,建筑装饰
3843,SH603600,家居用品,轻工制造
3844,SH603599,农化制品,基础化工
3845,SH603598,广告营销,传媒
3846,SH603596,汽车零部件,汽车
3847,SH603595,消费电子,电子
3848,SH603590,生物制品,医药生物
3849,SH603589,白酒,食品饮料
3850,SH603588,环境治理,环保
3851,SH603587,服装家纺,纺织服饰
3852,SH603586,汽车零部件,汽车
3853,SH603585,农化制品,基础化工
3854,SH603583,自动化设备,机械设备
3855,SH603580,塑料,基础化工
3856,SH603579,其他家电,家用电器
3857,SH603578,家电零部件,家用电器
3858,SH603577,电网设备,电力设备
3859,SH603569,物流,交通运输
3860,SH603568,环境治理,环保
3861,SH603567,中药,医药生物
3862,SH603566,动物保健,农林牧渔
3863,SH603565,航运港口,交通运输
3864,SH603559,通信服务,通信
3865,SH603558,纺织制造,纺织服饰
3866,SH603557,服装家纺,纺织服饰
3867,SH603556,电网设备,电力设备
3868,SH603551,厨卫电器,家用电器
3869,SH603538,化学制药,医药生物
3870,SH603536,食品加工,食品饮料
3871,SH603535,物流,交通运输
3872,SH603533,数字媒体,传媒
3873,SH603530,电网设备,电力设备
3874,SH603529,摩托车及其他,汽车
3875,SH603528,软件开发,计算机
3876,SH603527,工业金属,有色金属
3877,SH603520,化学制药,医药生物
3878,SH603519,家电零部件,家用电器
3879,SH603518,服装家纺,纺织服饰
3880,SH603517,休闲食品,食品饮料
3881,SH603516,计算机设备,计算机
3882,SH603515,照明设备,家用电器
3883,SH603511,服装家纺,纺织服饰
3884,SH603508,计算机设备,计算机
3885,SH603507,风电设备,电力设备
3886,SH603506,房地产服务,房地产
3887,SH603505,化学制品,基础化工
3888,SH603501,半导体,电子
3889,SH603500,轨交设备,机械设备
3890,SH603499,包装印刷,轻工制造
3891,SH603496,计算机设备,计算机
3892,SH603489,电机,电力设备
3893,SH603488,专用设备,机械设备
3894,SH603486,小家电,家用电器
3895,SH603477,养殖业,农林牧渔
3896,SH603468,摩托车及其他,汽车
3897,SH603466,数字媒体,传媒
3898,SH603459,元件,电子
3899,SH603458,工程咨询服务,建筑装饰
3900,SH603456,医疗服务,医药生物
3901,SH603444,游戏,传媒
3902,SH603439,中药,医药生物
3903,SH603435,电子化学品,电子
3904,SH603429,包装印刷,轻工制造
3905,SH603421,通信设备,通信
3906,SH603418,汽车零部件,汽车
3907,SH603416,自动化设备,机械设备
3908,SH603409,汽车零部件,汽车
3909,SH603408,家居用品,轻工制造
3910,SH603407,化学原料,基础化工
3911,SH603406,化学纤维,基础化工
3912,SH603402,旅游及景区,社会服务
3913,SH603400,通用设备,机械设备
3914,SH603399,能源金属,有色金属
3915,SH603398,光伏设备,电力设备
3916,SH603396,光伏设备,电力设备
3917,SH603395,农化制品,基础化工
3918,SH603393,燃气,公用事业
3919,SH603392,医疗器械,医药生物
3920,SH603391,专用设备,机械设备
3921,SH603390,汽车零部件,汽车
3922,SH603389,家居用品,轻工制造
3923,SH603387,医疗器械,医药生物
3924,SH603386,元件,电子
3925,SH603385,家居用品,轻工制造
3926,SH603383,软件开发,计算机
3927,SH603382,化学纤维,基础化工
3928,SH603381,光伏设备,电力设备
3929,SH603380,消费电子,电子
3930,SH603379,化学制品,基础化工
3931,SH603378,装修建材,建筑材料
3932,SH603377,教育,社会服务
3933,SH603376,汽车零部件,汽车
3934,SH603375,半导体,电子
3935,SH603373,专业服务,社会服务
3936,SH603370,电机,电力设备
3937,SH603369,白酒,食品饮料
3938,SH603368,医药商业,医药生物
3939,SH603367,化学制药,医药生物
3940,SH603366,厨卫电器,家用电器
3941,SH603365,服装家纺,纺织服饰
3942,SH603363,饲料,农林牧渔
3943,SH603360,农化制品,基础化工
3944,SH603359,基础建设,建筑装饰
3945,SH603358,汽车零部件,汽车
3946,SH603357,工程咨询服务,建筑装饰
3947,SH603356,专用设备,机械设备
3948,SH603355,小家电,家用电器
3949,SH603353,炼化及贸易,石油石化
3950,SH603352,汽车零部件,汽车
3951,SH603351,化学制药,医药生物
3952,SH603350,电机,电力设备
3953,SH603348,汽车零部件,汽车
3954,SH603345,食品加工,食品饮料
3955,SH603344,电机,电力设备
3956,SH603341,消费电子,电子
3957,SH603339,通用设备,机械设备
3958,SH603338,工程机械,机械设备
3959,SH603337,专用设备,机械设备
3960,SH603336,种植业,农林牧渔
3961,SH603335,汽车零部件,汽车
3962,SH603334,化学制品,基础化工
3963,SH603333,电网设备,电力设备
3964,SH603332,化学纤维,基础化工
3965,SH603331,通用设备,机械设备
3966,SH603330,塑料,基础化工
3967,SH603329,物流,交通运输
3968,SH603328,元件,电子
3969,SH603327,消费电子,电子
3970,SH603326,家居用品,轻工制造
3971,SH603325,专用设备,机械设备
3972,SH603324,环保设备,环保
3973,SH603323,银行,银行
3974,SH603322,通信服务,通信
3975,SH603321,专用设备,机械设备
3976,SH603320,电机,电力设备
3977,SH603319,汽车零部件,汽车
3978,SH603318,燃气,公用事业
3979,SH603317,调味发酵品,食品饮料
3980,SH603316,半导体,电子
3981,SH603315,环境治理,环保
3982,SH603313,家居用品,轻工制造
3983,SH603312,电网设备,电力设备
3984,SH603311,家电零部件,家用电器
3985,SH603310,化学制品,基础化工
3986,SH603309,医疗器械,医药生物
3987,SH603308,通用设备,机械设备
3988,SH603307,服装家纺,纺织服饰
3989,SH603306,汽车零部件,汽车
3990,SH603305,汽车零部件,汽车
3991,SH603303,照明设备,家用电器
3992,SH603301,医疗器械,医药生物
3993,SH603300,多元金融,非银金融
3994,SH603299,化学原料,基础化工
3995,SH603298,工程机械,机械设备
3996,SH603297,光学光电子,电子
3997,SH603296,消费电子,电子
3998,SH603293,汽车零部件,汽车
3999,SH603291,环境治理,环保
4000,SH603290,半导体,电子
4001,SH603289,专用设备,机械设备
4002,SH603288,调味发酵品,食品饮料
4003,SH603286,汽车零部件,汽车
4004,SH603285,化学制品,基础化工
4005,SH603284,造纸,轻工制造
4006,SH603283,自动化设备,机械设备
4007,SH603282,环保设备,环保
4008,SH603281,化学制品,基础化工
4009,SH603280,工程机械,机械设备
4010,SH603279,通用设备,机械设备
4011,SH603278,通用设备,机械设备
4012,SH603277,通用设备,机械设备
4013,SH603276,化学制品,基础化工
4014,SH603275,自动化设备,机械设备
4015,SH603273,工程机械,机械设备
4016,SH603272,家居用品,轻工制造
4017,SH603271,工业金属,有色金属
4018,SH603270,通用设备,机械设备
4019,SH603269,通用设备,机械设备
4020,SH603268,航海装备,国防军工
4021,SH603267,军工电子,国防军工
4022,SH603266,汽车零部件,汽车
4023,SH603262,食品加工,食品饮料
4024,SH603261,航空装备,国防军工
4025,SH603260,化学制品,基础化工
4026,SH603259,医疗服务,医药生物
4027,SH603258,游戏,传媒
4028,SH603257,工程咨询服务,建筑装饰
4029,SH603256,玻璃玻纤,建筑材料
4030,SH603255,化学制品,基础化工
4031,SH603248,风电设备,电力设备
4032,SH603239,汽车零部件,汽车
4033,SH603238,个护用品,美容护理
4034,SH603237,食品加工,食品饮料
4035,SH603236,通信设备,通信
4036,SH603235,化学制品,基础化工
4037,SH603233,医药商业,医药生物
4038,SH603232,软件开发,计算机
4039,SH603231,农产品加工,农林牧渔
4040,SH603230,出版,传媒
4041,SH603229,化学制药,医药生物
4042,SH603228,元件,电子
4043,SH603227,化学制品,基础化工
4044,SH603226,家居用品,轻工制造
4045,SH603225,化学纤维,基础化工
4046,SH603223,炼化及贸易,石油石化
4047,SH603222,医疗器械,医药生物
4048,SH603221,家居用品,轻工制造
4049,SH603220,通信服务,通信
4050,SH603219,小家电,家用电器
4051,SH603218,风电设备,电力设备
4052,SH603217,化学制品,基础化工
4053,SH603216,家居用品,轻工制造
4054,SH603215,小家电,家用电器
4055,SH603214,专业连锁,商贸零售
4056,SH603213,化学原料,基础化工
4057,SH603212,光伏设备,电力设备
4058,SH603211,汽车零部件,汽车
4059,SH603210,汽车零部件,汽车
4060,SH603209,航运港口,交通运输
4061,SH603208,家居用品,轻工制造
4062,SH603207,化学制药,医药生物
4063,SH603206,通信服务,通信
4064,SH603205,医疗器械,医药生物
4065,SH603203,自动化设备,机械设备
4066,SH603202,汽车零部件,汽车
4067,SH603201,汽车零部件,汽车
4068,SH603200,环境治理,环保
4069,SH603199,旅游及景区,社会服务
4070,SH603198,白酒,食品饮料
4071,SH603197,汽车零部件,汽车
4072,SH603196,服装家纺,纺织服饰
4073,SH603195,家居用品,轻工制造
4074,SH603194,工程机械,机械设备
4075,SH603193,个护用品,美容护理
4076,SH603192,化学制品,基础化工
4077,SH603191,电网设备,电力设备
4078,SH603190,汽车零部件,汽车
4079,SH603189,软件开发,计算机
4080,SH603188,化学制品,基础化工
4081,SH603187,通用设备,机械设备
4082,SH603186,元件,电子
4083,SH603185,光伏设备,电力设备
4084,SH603183,专业服务,社会服务
4085,SH603182,农产品加工,农林牧渔
4086,SH603181,化学制品,基础化工
4087,SH603180,家居用品,轻工制造
4088,SH603179,汽车零部件,汽车
4089,SH603178,汽车零部件,汽车
4090,SH603177,环境治理,环保
4091,SH603176,基础建设,建筑装饰
4092,SH603175,元件,电子
4093,SH603173,专用设备,机械设备
4094,SH603172,化学制品,基础化工
4095,SH603171,IT服务,计算机
4096,SH603170,调味发酵品,食品饮料
4097,SH603169,专用设备,机械设备
4098,SH603168,化学制药,医药生物
4099,SH603167,航运港口,交通运输
4100,SH603166,汽车零部件,汽车
4101,SH603165,造纸,轻工制造
4102,SH603163,专业工程,建筑装饰
4103,SH603162,航运港口,交通运输
4104,SH603161,汽车零部件,汽车
4105,SH603160,半导体,电子
4106,SH603159,专用设备,机械设备
4107,SH603158,汽车零部件,汽车
4108,SH603156,饮料乳品,食品饮料
4109,SH603155,化学制品,基础化工
4110,SH603153,工程咨询服务,建筑装饰
4111,SH603151,饲料,农林牧渔
4112,SH603150,塑料,基础化工
4113,SH603139,中药,医药生物
4114,SH603138,IT服务,计算机
4115,SH603137,装修装饰,建筑装饰
4116,SH603136,旅游及景区,社会服务
4117,SH603135,专用设备,机械设备
4118,SH603132,工业金属,有色金属
4119,SH603131,通用设备,机械设备
4120,SH603130,纺织制造,纺织服饰
4121,SH603129,摩托车及其他,汽车
4122,SH603128,物流,交通运输
4123,SH603127,医疗服务,医药生物
4124,SH603126,环保设备,环保
4125,SH603125,化学制品,基础化工
4126,SH603124,金属新材料,有色金属
4127,SH603123,多元金融,非银金融
4128,SH603122,医疗服务,医药生物
4129,SH603121,汽车零部件,汽车
4130,SH603120,化学制品,基础化工
4131,SH603119,汽车零部件,汽车
4132,SH603118,通信设备,通信
4133,SH603117,物流,交通运输
4134,SH603116,服装家纺,纺织服饰
4135,SH603115,元件,电子
4136,SH603113,化学原料,基础化工
4137,SH603112,家电零部件,家用电器
4138,SH603111,轨交设备,机械设备
4139,SH603110,化学制品,基础化工
4140,SH603109,通用设备,机械设备
4141,SH603108,医疗服务,医药生物
4142,SH603107,汽车零部件,汽车
4143,SH603106,计算机设备,计算机
4144,SH603105,电力,公用事业
4145,SH603103,影视院线,传媒
4146,SH603102,食品加工,食品饮料
4147,SH603101,一般零售,商贸零售
4148,SH603100,通用设备,机械设备
4149,SH603099,旅游及景区,社会服务
4150,SH603098,专业工程,建筑装饰
4151,SH603097,电网设备,电力设备
4152,SH603096,出版,传媒
4153,SH603095,专用设备,机械设备
4154,SH603093,多元金融,非银金融
4155,SH603092,风电设备,电力设备
4156,SH603091,包装印刷,轻工制造
4157,SH603090,通用设备,机械设备
4158,SH603089,汽车零部件,汽车
4159,SH603088,通用设备,机械设备
4160,SH603087,生物制品,医药生物
4161,SH603086,农化制品,基础化工
4162,SH603085,汽车零部件,汽车
4163,SH603083,通信设备,通信
4164,SH603082,自动化设备,机械设备
4165,SH603081,专用设备,机械设备
4166,SH603080,燃气,公用事业
4167,SH603079,化学制品,基础化工
4168,SH603078,电子化学品,电子
4169,SH603077,农化制品,基础化工
4170,SH603076,专用设备,机械设备
4171,SH603075,家电零部件,家用电器
4172,SH603073,化学纤维,基础化工
4173,SH603072,金属新材料,有色金属
4174,SH603071,贸易,商贸零售
4175,SH603070,电网设备,电力设备
4176,SH603069,铁路公路,交通运输
4177,SH603068,半导体,电子
4178,SH603067,化学原料,基础化工
4179,SH603066,物流,交通运输
4180,SH603065,化学制品,基础化工
4181,SH603063,风电设备,电力设备
4182,SH603062,化学制品,基础化工
4183,SH603061,半导体,电子
4184,SH603060,专业服务,社会服务
4185,SH603059,个护用品,美容护理
4186,SH603058,包装印刷,轻工制造
4187,SH603057,休闲食品,食品饮料
4188,SH603055,纺织制造,纺织服饰
4189,SH603053,燃气,公用事业
4190,SH603052,消费电子,电子
4191,SH603051,化学制品,基础化工
4192,SH603050,电网设备,电力设备
4193,SH603049,汽车零部件,汽车
4194,SH603048,汽车零部件,汽车
4195,SH603045,金属新材料,有色金属
4196,SH603043,休闲食品,食品饮料
4197,SH603042,通信设备,通信
4198,SH603041,化学制品,基础化工
4199,SH603040,汽车零部件,汽车
4200,SH603039,软件开发,计算机
4201,SH603038,装修建材,建筑材料
4202,SH603037,汽车零部件,汽车
4203,SH603036,专用设备,机械设备
4204,SH603035,汽车零部件,汽车
4205,SH603033,橡胶,基础化工
4206,SH603032,电池,电力设备
4207,SH603031,电池,电力设备
4208,SH603030,装修装饰,建筑装饰
4209,SH603029,专用设备,机械设备
4210,SH603028,通用设备,机械设备
4211,SH603027,调味发酵品,食品饮料
4212,SH603026,电池,电力设备
4213,SH603025,自动化设备,机械设备
4214,SH603023,汽车零部件,汽车
4215,SH603022,包装印刷,轻工制造
4216,SH603021,家居用品,轻工制造
4217,SH603020,化学制品,基础化工
4218,SH603019,计算机设备,计算机
4219,SH603018,工程咨询服务,建筑装饰
4220,SH603017,工程咨询服务,建筑装饰
4221,SH603016,电网设备,电力设备
4222,SH603015,自动化设备,机械设备
4223,SH603014,医疗器械,医药生物
4224,SH603013,汽车零部件,汽车
4225,SH603012,专用设备,机械设备
4226,SH603011,专用设备,机械设备
4227,SH603010,化学制品,基础化工
4228,SH603009,汽车零部件,汽车
4229,SH603008,家居用品,轻工制造
4230,SH603007,汽车零部件,汽车
4231,SH603006,汽车零部件,汽车
4232,SH603005,半导体,电子
4233,SH603004,化学制品,基础化工
4234,SH603002,电子化学品,电子
4235,SH603001,服装家纺,纺织服饰
4236,SH603000,数字媒体,传媒
4237,SH601999,出版,传媒
4238,SH601998,银行,银行
4239,SH601997,银行,银行
4240,SH601996,家居用品,轻工制造
4241,SH601995,证券,非银金融
4242,SH601992,水泥,建筑材料
4243,SH601991,电力,公用事业
4244,SH601990,证券,非银金融
4245,SH601988,银行,银行
4246,SH601985,电力,公用事业
4247,SH601975,航运港口,交通运输
4248,SH601969,油气开采,石油石化
4249,SH601968,包装印刷,轻工制造
4250,SH601966,汽车零部件,汽车
4251,SH601965,专业服务,社会服务
4252,SH601963,银行,银行
4253,SH601958,小金属,有色金属
4254,SH601956,家电零部件,家用电器
4255,SH601952,种植业,农林牧渔
4256,SH601949,出版,传媒
4257,SH601939,银行,银行
4258,SH601933,一般零售,商贸零售
4259,SH601929,电视广播,传媒
4260,SH601928,出版,传媒
4261,SH601921,出版,传媒
4262,SH601919,航运港口,交通运输
4263,SH601918,煤炭开采,煤炭
4264,SH601916,银行,银行
4265,SH601908,电力,公用事业
4266,SH601901,证券,非银金融
4267,SH601900,出版,传媒
4268,SH601899,工业金属,有色金属
4269,SH601898,煤炭开采,煤炭
4270,SH601890,航海装备,国防军工
4271,SH601888,旅游零售,商贸零售
4272,SH601886,装修装饰,建筑装饰
4273,SH601882,通用设备,机械设备
4274,SH601881,证券,非银金融
4275,SH601880,航运港口,交通运输
4276,SH601878,证券,非银金融
4277,SH601877,电网设备,电力设备
4278,SH601872,航运港口,交通运输
4279,SH601869,通信设备,通信
4280,SH601868,基础建设,建筑装饰
4281,SH601866,航运港口,交通运输
4282,SH601865,光伏设备,电力设备
4283,SH601860,银行,银行
4284,SH601858,出版,传媒
4285,SH601857,炼化及贸易,石油石化
4286,SH601838,银行,银行
4287,SH601828,一般零售,商贸零售
4288,SH601827,环境治理,环保
4289,SH601825,银行,银行
4290,SH601818,银行,银行
4291,SH601816,铁路公路,交通运输
4292,SH601811,出版,传媒
4293,SH601808,油服工程,石油石化
4294,SH601801,出版,传媒
4295,SH601800,基础建设,建筑装饰
4296,SH601799,汽车零部件,汽车
4297,SH601798,专用设备,机械设备
4298,SH601789,房屋建设,建筑装饰
4299,SH601788,证券,非银金融
4300,SH601778,电力,公用事业
4301,SH601777,摩托车及其他,汽车
4302,SH601766,轨交设备,机械设备
4303,SH601728,通信服务,通信
4304,SH601727,其他电源设备,电力设备
4305,SH601718,服装家纺,纺织服饰
4306,SH601717,专用设备,机械设备
4307,SH601702,工业金属,有色金属
4308,SH601700,电网设备,电力设备
4309,SH601699,煤炭开采,煤炭
4310,SH601698,航天装备,国防军工
4311,SH601696,证券,非银金融
4312,SH601689,汽车零部件,汽车
4313,SH601688,证券,非银金融
4314,SH601686,普钢,钢铁
4315,SH601678,化学原料,基础化工
4316,SH601677,工业金属,有色金属
4317,SH601669,基础建设,建筑装饰
4318,SH601668,房屋建设,建筑装饰
4319,SH601666,煤炭开采,煤炭
4320,SH601665,银行,银行
4321,SH601658,银行,银行
4322,SH601636,玻璃玻纤,建筑材料
4323,SH601633,乘用车,汽车
4324,SH601628,保险,非银金融
4325,SH601619,电力,公用事业
4326,SH601618,专业工程,建筑装饰
4327,SH601616,电网设备,电力设备
4328,SH601615,风电设备,电力设备
4329,SH601611,基础建设,建筑装饰
4330,SH601609,工业金属,有色金属
4331,SH601608,专用设备,机械设备
4332,SH601607,医药商业,医药生物
4333,SH601606,地面兵装,国防军工
4334,SH601601,保险,非银金融
4335,SH601600,工业金属,有色金属
4336,SH601599,纺织制造,纺织服饰
4337,SH601598,物流,交通运输
4338,SH601595,影视院线,传媒
4339,SH601588,房地产开发,房地产
4340,SH601579,非白酒,食品饮料
4341,SH601577,银行,银行
4342,SH601568,化学原料,基础化工
4343,SH601567,电网设备,电力设备
4344,SH601566,服装家纺,纺织服饰
4345,SH601555,证券,非银金融
4346,SH601528,银行,银行
4347,SH601519,软件开发,计算机
4348,SH601518,铁路公路,交通运输
4349,SH601515,包装印刷,轻工制造
4350,SH601512,房地产开发,房地产
4351,SH601500,汽车零部件,汽车
4352,SH601456,证券,非银金融
4353,SH601399,专用设备,机械设备
4354,SH601398,银行,银行
4355,SH601390,基础建设,建筑装饰
4356,SH601388,工业金属,有色金属
4357,SH601377,证券,非银金融
4358,SH601375,证券,非银金融
4359,SH601369,专用设备,机械设备
4360,SH601368,环境治理,环保
4361,SH601366,一般零售,商贸零售
4362,SH601360,软件开发,计算机
4363,SH601339,纺织制造,纺织服饰
4364,SH601336,保险,非银金融
4365,SH601333,铁路公路,交通运输
4366,SH601330,环境治理,环保
4367,SH601328,银行,银行
4368,SH601326,航运港口,交通运输
4369,SH601319,保险,非银金融
4370,SH601318,保险,非银金融
4371,SH601311,电池,电力设备
4372,SH601298,航运港口,交通运输
4373,SH601288,银行,银行
4374,SH601279,汽车零部件,汽车
4375,SH601238,乘用车,汽车
4376,SH601236,证券,非银金融
4377,SH601233,炼化及贸易,石油石化
4378,SH601231,消费电子,电子
4379,SH601229,银行,银行
4380,SH601228,航运港口,交通运输
4381,SH601226,专业工程,建筑装饰
4382,SH601225,煤炭开采,煤炭
4383,SH601222,电网设备,电力设备
4384,SH601218,风电设备,电力设备
4385,SH601216,化学原料,基础化工
4386,SH601212,工业金属,有色金属
4387,SH601211,证券,非银金融
4388,SH601208,塑料,基础化工
4389,SH601200,环境治理,环保
4390,SH601199,环境治理,环保
4391,SH601198,证券,非银金融
4392,SH601188,铁路公路,交通运输
4393,SH601187,银行,银行
4394,SH601186,基础建设,建筑装饰
4395,SH601179,电网设备,电力设备
4396,SH601177,通用设备,机械设备
4397,SH601169,银行,银行
4398,SH601168,工业金属,有色金属
4399,SH601166,银行,银行
4400,SH601163,汽车零部件,汽车
4401,SH601162,证券,非银金融
4402,SH601158,环境治理,环保
4403,SH601156,物流,交通运输
4404,SH601155,房地产开发,房地产
4405,SH601139,燃气,公用事业
4406,SH601138,消费电子,电子
4407,SH601137,金属新材料,有色金属
4408,SH601136,证券,非银金融
4409,SH601133,专业工程,建筑装饰
4410,SH601128,银行,银行
4411,SH601127,乘用车,汽车
4412,SH601126,电网设备,电力设备
4413,SH601121,冶钢原料,钢铁
4414,SH601118,种植业,农林牧渔
4415,SH601117,专业工程,建筑装饰
4416,SH601116,一般零售,商贸零售
4417,SH601113,化学纤维,基础化工
4418,SH601112,玻璃玻纤,建筑材料
4419,SH601111,航空机场,交通运输
4420,SH601108,证券,非银金融
4421,SH601107,铁路公路,交通运输
4422,SH601106,专用设备,机械设备
4423,SH601101,煤炭开采,煤炭
4424,SH601100,工程机械,机械设备
4425,SH601099,证券,非银金融
4426,SH601098,出版,传媒
4427,SH601096,专业工程,建筑装饰
4428,SH601089,化学制药,医药生物
4429,SH601088,煤炭开采,煤炭
4430,SH601086,一般零售,商贸零售
4431,SH601083,航运港口,交通运输
4432,SH601077,银行,银行
4433,SH601069,贵金属,有色金属
4434,SH601068,专业工程,建筑装饰
4435,SH601066,证券,非银金融
4436,SH601065,化学原料,基础化工
4437,SH601061,贸易,商贸零售
4438,SH601059,证券,非银金融
4439,SH601058,汽车零部件,汽车
4440,SH601038,专用设备,机械设备
4441,SH601033,环境治理,环保
4442,SH601026,风电设备,电力设备
4443,SH601022,航运港口,交通运输
4444,SH601021,航空机场,交通运输
4445,SH601020,工业金属,有色金属
4446,SH601019,出版,传媒
4447,SH601018,航运港口,交通运输
4448,SH601016,电力,公用事业
4449,SH601015,焦炭,煤炭
4450,SH601012,光伏设备,电力设备
4451,SH601011,焦炭,煤炭
4452,SH601010,一般零售,商贸零售
4453,SH601009,银行,银行
4454,SH601008,航运港口,交通运输
4455,SH601007,酒店餐饮,社会服务
4456,SH601006,铁路公路,交通运输
4457,SH601005,普钢,钢铁
4458,SH601003,普钢,钢铁
4459,SH601002,通用设备,机械设备
4460,SH601001,煤炭开采,煤炭
4461,SH601000,航运港口,交通运输
4462,SH600999,证券,非银金融
4463,SH600998,医药商业,医药生物
4464,SH600997,焦炭,煤炭
4465,SH600996,电视广播,传媒
4466,SH600995,电力,公用事业
4467,SH600993,中药,医药生物
4468,SH600992,通用设备,机械设备
4469,SH600990,军工电子,国防军工
4470,SH600989,化学原料,基础化工
4471,SH600988,贵金属,有色金属
4472,SH600987,纺织制造,纺织服饰
4473,SH600986,广告营销,传媒
4474,SH600985,煤炭开采,煤炭
4475,SH600984,工程机械,机械设备
4476,SH600983,白色家电,家用电器
4477,SH600982,电力,公用事业
4478,SH600981,贸易,商贸零售
4479,SH600980,专用设备,机械设备
4480,SH600979,电力,公用事业
4481,SH600977,影视院线,传媒
4482,SH600976,中药,医药生物
4483,SH600975,养殖业,农林牧渔
4484,SH600973,电网设备,电力设备
4485,SH600971,煤炭开采,煤炭
4486,SH600970,专业工程,建筑装饰
4487,SH600969,电力,公用事业
4488,SH600968,油服工程,石油石化
4489,SH600967,地面兵装,国防军工
4490,SH600966,造纸,轻工制造
4491,SH600965,养殖业,农林牧渔
4492,SH600963,造纸,轻工制造
4493,SH600962,农产品加工,农林牧渔
4494,SH600961,工业金属,有色金属
4495,SH600960,汽车零部件,汽车
4496,SH600959,电视广播,传媒
4497,SH600958,证券,非银金融
4498,SH600956,电力,公用事业
4499,SH600955,化学原料,基础化工
4500,SH600941,通信服务,通信
4501,SH600939,房屋建设,建筑装饰
4502,SH600938,油气开采,石油石化
4503,SH600936,IT服务,计算机
4504,SH600935,化学原料,基础化工
4505,SH600933,汽车零部件,汽车
4506,SH600930,电力,公用事业
4507,SH600929,化学原料,基础化工
4508,SH600928,银行,银行
4509,SH600927,多元金融,非银金融
4510,SH600926,银行,银行
4511,SH600925,煤炭开采,煤炭
4512,SH600919,银行,银行
4513,SH600918,证券,非银金融
4514,SH600917,燃气,公用事业
4515,SH600916,饰品,纺织服饰
4516,SH600909,证券,非银金融
4517,SH600908,银行,银行
4518,SH600906,证券,非银金融
4519,SH600905,电力,公用事业
4520,SH600903,燃气,公用事业
4521,SH600901,多元金融,非银金融
4522,SH600900,电力,公用事业
4523,SH600897,航空机场,交通运输
4524,SH600895,房地产开发,房地产
4525,SH600894,专用设备,机械设备
4526,SH600893,航空装备,国防军工
4527,SH600892,游戏,传媒
4528,SH600889,通用设备,机械设备
4529,SH600888,工业金属,有色金属
4530,SH600887,饮料乳品,食品饮料
4531,SH600886,电力,公用事业
4532,SH600885,电网设备,电力设备
4533,SH600884,电池,电力设备
4534,SH600883,种植业,农林牧渔
4535,SH600882,饮料乳品,食品饮料
4536,SH600881,综合,综合
4537,SH600880,教育,社会服务
4538,SH600879,航天装备,国防军工
4539,SH600877,半导体,电子
4540,SH600876,玻璃玻纤,建筑材料
4541,SH600875,其他电源设备,电力设备
4542,SH600874,环境治理,环保
4543,SH600873,化学制品,基础化工
4544,SH600872,调味发酵品,食品饮料
4545,SH600871,油服工程,石油石化
4546,SH600869,电网设备,电力设备
4547,SH600868,电力,公用事业
4548,SH600867,生物制品,医药生物
4549,SH600866,化学制品,基础化工
4550,SH600865,一般零售,商贸零售
4551,SH600864,证券,非银金融
4552,SH600863,电力,公用事业
4553,SH600862,航空装备,国防军工
4554,SH600861,专业服务,社会服务
4555,SH600860,通用设备,机械设备
4556,SH600859,一般零售,商贸零售
4557,SH600858,一般零售,商贸零售
4558,SH600857,一般零售,商贸零售
4559,SH600855,军工电子,国防军工
4560,SH600854,白色家电,家用电器
4561,SH600853,基础建设,建筑装饰
4562,SH600851,化学制药,医药生物
4563,SH600850,IT服务,计算机
4564,SH600848,房地产开发,房地产
4565,SH600847,电池,电力设备
4566,SH600846,工程咨询服务,建筑装饰
4567,SH600845,IT服务,计算机
4568,SH600844,化学原料,基础化工
4569,SH600843,专用设备,机械设备
4570,SH600841,汽车零部件,汽车
4571,SH600839,黑色家电,家用电器
4572,SH600838,一般零售,商贸零售
4573,SH600835,专用设备,机械设备
4574,SH600834,铁路公路,交通运输
4575,SH600833,医药商业,医药生物
4576,SH600831,电视广播,传媒
4577,SH600830,多元金融,非银金融
4578,SH600829,医药商业,医药生物
4579,SH600828,一般零售,商贸零售
4580,SH600827,一般零售,商贸零售
4581,SH600826,专业服务,社会服务
4582,SH600825,出版,传媒
4583,SH600824,一般零售,商贸零售
4584,SH600822,汽车服务,汽车
4585,SH600821,电力,公用事业
4586,SH600820,基础建设,建筑装饰
4587,SH600819,玻璃玻纤,建筑材料
4588,SH600818,摩托车及其他,汽车
4589,SH600817,环保设备,环保
4590,SH600816,多元金融,非银金融
4591,SH600815,工程机械,机械设备
4592,SH600814,一般零售,商贸零售
4593,SH600812,化学制药,医药生物
4594,SH600810,化学纤维,基础化工
4595,SH600809,白酒,食品饮料
4596,SH600808,普钢,钢铁
4597,SH600807,医疗器械,医药生物
4598,SH600805,综合,综合
4599,SH600803,燃气,公用事业
4600,SH600802,水泥,建筑材料
4601,SH600801,水泥,建筑材料
4602,SH600800,炼化及贸易,石油石化
4603,SH600798,航运港口,交通运输
4604,SH600797,IT服务,计算机
4605,SH600796,环境治理,环保
4606,SH600795,电力,公用事业
4607,SH600794,物流,交通运输
4608,SH600793,造纸,轻工制造
4609,SH600792,焦炭,煤炭
4610,SH600791,房地产开发,房地产
4611,SH600790,一般零售,商贸零售
4612,SH600789,化学制药,医药生物
4613,SH600787,物流,交通运输
4614,SH600785,一般零售,商贸零售
4615,SH600784,化学原料,基础化工
4616,SH600783,通用设备,机械设备
4617,SH600782,普钢,钢铁
4618,SH600780,电力,公用事业
4619,SH600779,白酒,食品饮料
4620,SH600778,一般零售,商贸零售
4621,SH600777,油气开采,石油石化
4622,SH600776,通信设备,通信
4623,SH600775,通信设备,通信
4624,SH600774,化学制药,医药生物
4625,SH600773,房地产开发,房地产
4626,SH600771,中药,医药生物
4627,SH600770,综合,综合
4628,SH600769,环境治理,环保
4629,SH600768,工业金属,有色金属
4630,SH600765,航空装备,国防军工
4631,SH600764,航海装备,国防军工
4632,SH600763,医疗服务,医药生物
4633,SH600761,工程机械,机械设备
4634,SH600760,航空装备,国防军工
4635,SH600759,油气开采,石油石化
4636,SH600758,煤炭开采,煤炭
4637,SH600757,出版,传媒
4638,SH600756,IT服务,计算机
4639,SH600755,物流,交通运输
4640,SH600754,酒店餐饮,社会服务
4641,SH600753,物流,交通运输
4642,SH600751,航运港口,交通运输
4643,SH600750,中药,医药生物
4644,SH600749,旅游及景区,社会服务
4645,SH600748,房地产开发,房地产
4646,SH600746,化学原料,基础化工
4647,SH600745,半导体,电子
4648,SH600744,电力,公用事业
4649,SH600743,房地产服务,房地产
4650,SH600742,汽车零部件,汽车
4651,SH600741,汽车零部件,汽车
4652,SH600740,焦炭,煤炭
4653,SH600739,生物制品,医药生物
4654,SH600738,一般零售,商贸零售
4655,SH600737,农产品加工,农林牧渔
4656,SH600736,房地产开发,房地产
4657,SH600735,饰品,纺织服饰
4658,SH600734,IT服务,计算机
4659,SH600733,乘用车,汽车
4660,SH600732,光伏设备,电力设备
4661,SH600731,农化制品,基础化工
4662,SH600730,教育,社会服务
4663,SH600729,一般零售,商贸零售
4664,SH600728,IT服务,计算机
4665,SH600727,化学原料,基础化工
4666,SH600726,电力,公用事业
4667,SH600725,贸易,商贸零售
4668,SH600724,房地产服务,房地产
4669,SH600722,化学原料,基础化工
4670,SH600721,医疗服务,医药生物
4671,SH600720,工程咨询服务,建筑装饰
4672,SH600719,电力,公用事业
4673,SH600718,IT服务,计算机
4674,SH600717,航运港口,交通运输
4675,SH600716,房地产开发,房地产
4676,SH600715,游戏,传媒
4677,SH600714,化学原料,基础化工
4678,SH600713,医药商业,医药生物
4679,SH600712,一般零售,商贸零售
4680,SH600711,工业金属,有色金属
4681,SH600710,贸易,商贸零售
4682,SH600708,房地产开发,房地产
4683,SH600707,光学光电子,电子
4684,SH600706,旅游及景区,社会服务
4685,SH600704,物流,交通运输
4686,SH600703,光学光电子,电子
4687,SH600702,白酒,食品饮料
4688,SH600699,汽车零部件,汽车
4689,SH600698,汽车零部件,汽车
4690,SH600697,一般零售,商贸零售
4691,SH600694,一般零售,商贸零售
4692,SH600693,一般零售,商贸零售
4693,SH600692,房地产开发,房地产
4694,SH600691,农化制品,基础化工
4695,SH600690,白色家电,家用电器
4696,SH600689,综合,综合
4697,SH600688,炼化及贸易,石油石化
4698,SH600686,商用车,汽车
4699,SH600685,航海装备,国防军工
4700,SH600684,房地产服务,房地产
4701,SH600683,房地产开发,房地产
4702,SH600682,综合,综合
4703,SH600681,燃气,公用事业
4704,SH600679,摩托车及其他,汽车
4705,SH600678,水泥,建筑材料
4706,SH600676,体育,社会服务
4707,SH600675,房地产开发,房地产
4708,SH600674,电力,公用事业
4709,SH600673,综合,综合
4710,SH600671,中药,医药生物
4711,SH600668,水泥,建筑材料
4712,SH600667,工程咨询服务,建筑装饰
4713,SH600666,IT服务,计算机
4714,SH600665,房地产开发,房地产
4715,SH600664,化学制药,医药生物
4716,SH600663,房地产开发,房地产
4717,SH600662,专业服务,社会服务
4718,SH600661,教育,社会服务
4719,SH600660,汽车零部件,汽车
4720,SH600658,房地产开发,房地产
4721,SH600657,房地产开发,房地产
4722,SH600655,一般零售,商贸零售
4723,SH600654,软件开发,计算机
4724,SH600653,汽车服务,汽车
4725,SH600651,汽车零部件,汽车
4726,SH600650,铁路公路,交通运输
4727,SH600649,房地产开发,房地产
4728,SH600648,房地产开发,房地产
4729,SH600645,生物制品,医药生物
4730,SH600644,电力,公用事业
4731,SH600643,多元金融,非银金融
4732,SH600642,电力,公用事业
4733,SH600641,半导体,电子
4734,SH600640,广告营销,传媒
4735,SH600639,房地产开发,房地产
4736,SH600638,房地产开发,房地产
4737,SH600637,电视广播,传媒
4738,SH600635,燃气,公用事业
4739,SH600633,游戏,传媒
4740,SH600630,服装家纺,纺织服饰
4741,SH600629,工程咨询服务,建筑装饰
4742,SH600628,一般零售,商贸零售
4743,SH600626,汽车零部件,汽车
4744,SH600624,化学制药,医药生物
4745,SH600623,化学原料,基础化工
4746,SH600622,房地产开发,房地产
4747,SH600621,证券,非银金融
4748,SH600620,综合,综合
4749,SH600619,家电零部件,家用电器
4750,SH600618,化学原料,基础化工
4751,SH600617,燃气,公用事业
4752,SH600616,非白酒,食品饮料
4753,SH600615,工业金属,有色金属
4754,SH600613,化学制药,医药生物
4755,SH600612,饰品,纺织服饰
4756,SH600611,铁路公路,交通运输
4757,SH600610,化学原料,基础化工
4758,SH600609,汽车零部件,汽车
4759,SH600606,房地产开发,房地产
4760,SH600605,一般零售,商贸零售
4761,SH600604,房地产开发,房地产
4762,SH600603,物流,交通运输
4763,SH600602,软件开发,计算机
4764,SH600601,元件,电子
4765,SH600600,非白酒,食品饮料
4766,SH600598,种植业,农林牧渔
4767,SH600597,饮料乳品,食品饮料
4768,SH600596,农化制品,基础化工
4769,SH600595,工业金属,有色金属
4770,SH600594,中药,医药生物
4771,SH600593,旅游及景区,社会服务
4772,SH600592,通用设备,机械设备
4773,SH600590,其他电源设备,电力设备
4774,SH600589,IT服务,计算机
4775,SH600588,软件开发,计算机
4776,SH600587,医疗器械,医药生物
4777,SH600586,玻璃玻纤,建筑材料
4778,SH600585,水泥,建筑材料
4779,SH600584,半导体,电子
4780,SH600583,油服工程,石油石化
4781,SH600582,专用设备,机械设备
4782,SH600581,普钢,钢铁
4783,SH600580,电机,电力设备
4784,SH600579,专用设备,机械设备
4785,SH600578,电力,公用事业
4786,SH600577,电网设备,电力设备
4787,SH600576,旅游及景区,社会服务
4788,SH600575,电力,公用事业
4789,SH600573,非白酒,食品饮料
4790,SH600572,中药,医药生物
4791,SH600571,IT服务,计算机
4792,SH600570,软件开发,计算机
4793,SH600569,普钢,钢铁
4794,SH600568,医疗服务,医药生物
4795,SH600567,造纸,轻工制造
4796,SH600566,中药,医药生物
4797,SH600563,元件,电子
4798,SH600562,军工电子,国防军工
4799,SH600561,铁路公路,交通运输
4800,SH600560,专用设备,机械设备
4801,SH600559,白酒,食品饮料
4802,SH600558,通用设备,机械设备
4803,SH600557,中药,医药生物
4804,SH600556,广告营销,传媒
4805,SH600552,光学光电子,电子
4806,SH600551,出版,传媒
4807,SH600550,电网设备,电力设备
4808,SH600549,小金属,有色金属
4809,SH600548,铁路公路,交通运输
4810,SH600547,贵金属,有色金属
4811,SH600546,煤炭开采,煤炭
4812,SH600545,专用设备,机械设备
4813,SH600543,非白酒,食品饮料
4814,SH600540,种植业,农林牧渔
4815,SH600539,互联网电商,商贸零售
4816,SH600538,医疗器械,医药生物
4817,SH600537,光伏设备,电力设备
4818,SH600536,IT服务,计算机
4819,SH600535,中药,医药生物
4820,SH600533,房地产开发,房地产
4821,SH600531,工业金属,有色金属
4822,SH600530,食品加工,食品饮料
4823,SH600529,医疗器械,医药生物
4824,SH600528,基础建设,建筑装饰
4825,SH600527,纺织制造,纺织服饰
4826,SH600526,环保设备,环保
4827,SH600525,电网设备,电力设备
4828,SH600523,汽车零部件,汽车
4829,SH600522,通信设备,通信
4830,SH600521,化学制药,医药生物
4831,SH600520,半导体,电子
4832,SH600519,白酒,食品饮料
4833,SH600518,中药,医药生物
4834,SH600517,多元金融,非银金融
4835,SH600516,冶钢原料,钢铁
4836,SH600515,航空机场,交通运输
4837,SH600513,化学制药,医药生物
4838,SH600512,基础建设,建筑装饰
4839,SH600511,医药商业,医药生物
4840,SH600510,房地产开发,房地产
4841,SH600509,电力,公用事业
4842,SH600508,煤炭开采,煤炭
4843,SH600507,特钢,钢铁
4844,SH600506,炼化及贸易,石油石化
4845,SH600505,电力,公用事业
4846,SH600503,房地产开发,房地产
4847,SH600502,基础建设,建筑装饰
4848,SH600501,专用设备,机械设备
4849,SH600500,化学制品,基础化工
4850,SH600499,专用设备,机械设备
4851,SH600498,通信设备,通信
4852,SH600497,工业金属,有色金属
4853,SH600496,专业工程,建筑装饰
4854,SH600495,轨交设备,机械设备
4855,SH600493,纺织制造,纺织服饰
4856,SH600491,房屋建设,建筑装饰
4857,SH600490,工业金属,有色金属
4858,SH600489,贵金属,有色金属
4859,SH600488,化学制药,医药生物
4860,SH600487,通信设备,通信
4861,SH600486,农化制品,基础化工
4862,SH600483,电力,公用事业
4863,SH600482,其他电源设备,电力设备
4864,SH600481,光伏设备,电力设备
4865,SH600480,汽车零部件,汽车
4866,SH600479,中药,医药生物
4867,SH600478,电池,电力设备
4868,SH600477,专业工程,建筑装饰
4869,SH600476,IT服务,计算机
4870,SH600475,电力,公用事业
4871,SH600470,农化制品,基础化工
4872,SH600469,汽车零部件,汽车
4873,SH600468,电网设备,电力设备
4874,SH600467,渔业,农林牧渔
4875,SH600463,房地产开发,房地产
4876,SH600461,环境治理,环保
4877,SH600460,半导体,电子
4878,SH600459,小金属,有色金属
4879,SH600458,综合,综合
4880,SH600456,小金属,有色金属
4881,SH600455,软件开发,计算机
4882,SH600452,电力,公用事业
4883,SH600449,水泥,建筑材料
4884,SH600448,纺织制造,纺织服饰
4885,SH600446,IT服务,计算机
4886,SH600444,专用设备,机械设备
4887,SH600439,饰品,纺织服饰
4888,SH600438,光伏设备,电力设备
4889,SH600436,中药,医药生物
4890,SH600435,地面兵装,国防军工
4891,SH600433,造纸,轻工制造
4892,SH600429,饮料乳品,食品饮料
4893,SH600428,航运港口,交通运输
4894,SH600426,农化制品,基础化工
4895,SH600425,水泥,建筑材料
4896,SH600423,化学原料,基础化工
4897,SH600422,中药,医药生物
4898,SH600420,化学制药,医药生物
4899,SH600419,饮料乳品,食品饮料
4900,SH600418,商用车,汽车
4901,SH600416,电机,电力设备
4902,SH600415,一般零售,商贸零售
4903,SH600410,IT服务,计算机
4904,SH600409,化学原料,基础化工
4905,SH600408,焦炭,煤炭
4906,SH600406,电网设备,电力设备
4907,SH600405,其他电源设备,电力设备
4908,SH600403,煤炭开采,煤炭
4909,SH600400,服装家纺,纺织服饰
4910,SH600399,特钢,钢铁
4911,SH600398,服装家纺,纺织服饰
4912,SH600397,专用设备,机械设备
4913,SH600396,电力,公用事业
4914,SH600395,煤炭开采,煤炭
4915,SH600392,小金属,有色金属
4916,SH600391,航空装备,国防军工
4917,SH600390,多元金融,非银金融
4918,SH600389,农化制品,基础化工
4919,SH600388,环保设备,环保
4920,SH600386,汽车服务,汽车
4921,SH600383,房地产开发,房地产
4922,SH600382,冶钢原料,钢铁
4923,SH600381,食品加工,食品饮料
4924,SH600380,化学制药,医药生物
4925,SH600379,电网设备,电力设备
4926,SH600378,化学制品,基础化工
4927,SH600377,铁路公路,交通运输
4928,SH600376,房地产开发,房地产
4929,SH600375,商用车,汽车
4930,SH600373,出版,传媒
4931,SH600372,航空装备,国防军工
4932,SH600371,种植业,农林牧渔
4933,SH600370,化学纤维,基础化工
4934,SH600369,证券,非银金融
4935,SH600368,铁路公路,交通运输
4936,SH600367,化学原料,基础化工
4937,SH600366,金属新材料,有色金属
4938,SH600365,非白酒,食品饮料
4939,SH600363,消费电子,电子
4940,SH600362,工业金属,有色金属
4941,SH600361,工业金属,有色金属
4942,SH600360,半导体,电子
4943,SH600359,种植业,农林牧渔
4944,SH600358,广告营销,传媒
4945,SH600356,造纸,轻工制造
4946,SH600354,种植业,农林牧渔
4947,SH600353,其他电子,电子
4948,SH600352,化学制品,基础化工
4949,SH600351,中药,医药生物
4950,SH600350,铁路公路,交通运输
4951,SH600348,煤炭开采,煤炭
4952,SH600346,炼化及贸易,石油石化
4953,SH600345,通信设备,通信
4954,SH600343,通用设备,机械设备
4955,SH600340,房地产开发,房地产
4956,SH600339,油服工程,石油石化
4957,SH600338,工业金属,有色金属
4958,SH600337,家居用品,轻工制造
4959,SH600336,白色家电,家用电器
4960,SH600335,汽车服务,汽车
4961,SH600333,燃气,公用事业
4962,SH600332,中药,医药生物
4963,SH600331,农化制品,基础化工
4964,SH600330,电子化学品,电子
4965,SH600329,中药,医药生物
4966,SH600328,化学原料,基础化工
4967,SH600327,一般零售,商贸零售
4968,SH600326,水泥,建筑材料
4969,SH600325,房地产开发,房地产
4970,SH600323,环境治理,环保
4971,SH600322,房地产开发,房地产
4972,SH600320,专用设备,机械设备
4973,SH600319,化学原料,基础化工
4974,SH600318,多元金融,非银金融
4975,SH600316,航空装备,国防军工
4976,SH600315,化妆品,美容护理
4977,SH600313,种植业,农林牧渔
4978,SH600312,电网设备,电力设备
4979,SH600310,电力,公用事业
4980,SH600309,化学制品,基础化工
4981,SH600308,造纸,轻工制造
4982,SH600307,普钢,钢铁
4983,SH600305,调味发酵品,食品饮料
4984,SH600303,商用车,汽车
4985,SH600302,专用设备,机械设备
4986,SH600301,小金属,有色金属
4987,SH600300,饮料乳品,食品饮料
4988,SH600299,化学制品,基础化工
4989,SH600298,调味发酵品,食品饮料
4990,SH600295,冶钢原料,钢铁
4991,SH600293,玻璃玻纤,建筑材料
4992,SH600292,电力,公用事业
4993,SH600289,通信服务,通信
4994,SH600288,软件开发,计算机
4995,SH600287,贸易,商贸零售
4996,SH600285,中药,医药生物
4997,SH600284,基础建设,建筑装饰
4998,SH600283,环境治理,环保
4999,SH600282,普钢,钢铁
5000,SH600281,小金属,有色金属
5001,SH600280,一般零售,商贸零售
5002,SH600279,航运港口,交通运输
5003,SH600278,贸易,商贸零售
5004,SH600276,化学制药,医药生物
5005,SH600273,化学制品,基础化工
5006,SH600272,医药商业,医药生物
5007,SH600271,IT服务,计算机
5008,SH600269,铁路公路,交通运输
5009,SH600268,电网设备,电力设备
5010,SH600267,化学制药,医药生物
5011,SH600266,房地产开发,房地产
5012,SH600265,林业,农林牧渔
5013,SH600262,专用设备,机械设备
5014,SH600261,照明设备,家用电器
5015,SH600259,小金属,有色金属
5016,SH600258,酒店餐饮,社会服务
5017,SH600257,渔业,农林牧渔
5018,SH600256,煤炭开采,煤炭
5019,SH600255,金属新材料,有色金属
5020,SH600252,中药,医药生物
5021,SH600251,农产品加工,农林牧渔
5022,SH600250,旅游及景区,社会服务
5023,SH600249,个护用品,美容护理
5024,SH600248,房屋建设,建筑装饰
5025,SH600246,房地产开发,房地产
5026,SH600243,通用设备,机械设备
5027,SH600241,电池,电力设备
5028,SH600239,房地产开发,房地产
5029,SH600238,非白酒,食品饮料
5030,SH600237,元件,电子
5031,SH600236,电力,公用事业
5032,SH600235,造纸,轻工制造
5033,SH600234,装修装饰,建筑装饰
5034,SH600233,物流,交通运输
5035,SH600232,专用设备,机械设备
5036,SH600231,普钢,钢铁
5037,SH600230,化学制品,基础化工
5038,SH600229,出版,传媒
5039,SH600228,数字媒体,传媒
5040,SH600227,农化制品,基础化工
5041,SH600226,电力,公用事业
5042,SH600223,化妆品,美容护理
5043,SH600222,中药,医药生物
5044,SH600221,航空机场,交通运输
5045,SH600219,工业金属,有色金属
5046,SH600218,汽车零部件,汽车
5047,SH600217,环境治理,环保
5048,SH600216,化学制药,医药生物
5049,SH600215,自动化设备,机械设备
5050,SH600212,其他电源设备,电力设备
5051,SH600211,生物制品,医药生物
5052,SH600210,包装印刷,轻工制造
5053,SH600208,房地产开发,房地产
5054,SH600207,光伏设备,电力设备
5055,SH600206,半导体,电子
5056,SH600203,消费电子,电子
5057,SH600202,通用设备,机械设备
5058,SH600201,动物保健,农林牧渔
5059,SH600199,白酒,食品饮料
5060,SH600198,通信设备,通信
5061,SH600197,白酒,食品饮料
5062,SH600196,化学制药,医药生物
5063,SH600195,动物保健,农林牧渔
5064,SH600192,电网设备,电力设备
5065,SH600191,农产品加工,农林牧渔
5066,SH600189,饮料乳品,食品饮料
5067,SH600188,煤炭开采,煤炭
5068,SH600187,环境治理,环保
5069,SH600186,调味发酵品,食品饮料
5070,SH600185,旅游零售,商贸零售
5071,SH600184,地面兵装,国防军工
5072,SH600183,元件,电子
5073,SH600182,汽车零部件,汽车
5074,SH600180,物流,交通运输
5075,SH600179,航运港口,交通运输
5076,SH600178,汽车零部件,汽车
5077,SH600177,服装家纺,纺织服饰
5078,SH600176,玻璃玻纤,建筑材料
5079,SH600173,房地产开发,房地产
5080,SH600172,通用设备,机械设备
5081,SH600171,半导体,电子
5082,SH600170,房屋建设,建筑装饰
5083,SH600169,专用设备,机械设备
5084,SH600168,环境治理,环保
5085,SH600167,电力,公用事业
5086,SH600166,商用车,汽车
5087,SH600165,化学制品,基础化工
5088,SH600163,电力,公用事业
5089,SH600162,房地产开发,房地产
5090,SH600161,生物制品,医药生物
5091,SH600160,化学制品,基础化工
5092,SH600159,房地产开发,房地产
5093,SH600158,体育,社会服务
5094,SH600157,电力,公用事业
5095,SH600156,纺织制造,纺织服饰
5096,SH600155,证券,非银金融
5097,SH600153,物流,交通运输
5098,SH600152,电池,电力设备
5099,SH600151,汽车零部件,汽车
5100,SH600150,航海装备,国防军工
5101,SH600149,电力,公用事业
5102,SH600148,汽车零部件,汽车
5103,SH600143,塑料,基础化工
5104,SH600141,农化制品,基础化工
5105,SH600138,旅游及景区,社会服务
5106,SH600137,服装家纺,纺织服饰
5107,SH600136,房地产服务,房地产
5108,SH600135,塑料,基础化工
5109,SH600133,环境治理,环保
5110,SH600132,非白酒,食品饮料
5111,SH600131,IT服务,计算机
5112,SH600130,消费电子,电子
5113,SH600129,中药,医药生物
5114,SH600128,贸易,商贸零售
5115,SH600127,农产品加工,农林牧渔
5116,SH600126,普钢,钢铁
5117,SH600125,铁路公路,交通运输
5118,SH600123,煤炭开采,煤炭
5119,SH600121,煤炭开采,煤炭
5120,SH600120,多元金融,非银金融
5121,SH600119,物流,交通运输
5122,SH600118,航天装备,国防军工
5123,SH600117,特钢,钢铁
5124,SH600116,电力,公用事业
5125,SH600115,航空机场,交通运输
5126,SH600114,通用设备,机械设备
5127,SH600113,一般零售,商贸零售
5128,SH600111,小金属,有色金属
5129,SH600110,电池,电力设备
5130,SH600109,证券,非银金融
5131,SH600108,种植业,农林牧渔
5132,SH600107,服装家纺,纺织服饰
5133,SH600106,铁路公路,交通运输
5134,SH600105,通信设备,通信
5135,SH600104,乘用车,汽车
5136,SH600103,造纸,轻工制造
5137,SH600101,电力,公用事业
5138,SH600100,计算机设备,计算机
5139,SH600099,摩托车及其他,汽车
5140,SH600098,电力,公用事业
5141,SH600097,渔业,农林牧渔
5142,SH600096,农化制品,基础化工
5143,SH600095,证券,非银金融
5144,SH600094,房地产开发,房地产
5145,SH600089,电网设备,电力设备
5146,SH600088,影视院线,传媒
5147,SH600085,中药,医药生物
5148,SH600084,非白酒,食品饮料
5149,SH600082,房地产开发,房地产
5150,SH600081,汽车零部件,汽车
5151,SH600080,中药,医药生物
5152,SH600079,化学制药,医药生物
5153,SH600078,农化制品,基础化工
5154,SH600076,包装印刷,轻工制造
5155,SH600075,化学原料,基础化工
5156,SH600073,食品加工,食品饮料
5157,SH600072,风电设备,电力设备
5158,SH600071,光学光电子,电子
5159,SH600067,电网设备,电力设备
5160,SH600066,商用车,汽车
5161,SH600064,房地产开发,房地产
5162,SH600063,化学纤维,基础化工
5163,SH600062,化学制药,医药生物
5164,SH600061,多元金融,非银金融
5165,SH600060,黑色家电,家用电器
5166,SH600059,非白酒,食品饮料
5167,SH600058,贸易,商贸零售
5168,SH600057,物流,交通运输
5169,SH600056,医药商业,医药生物
5170,SH600055,医疗器械,医药生物
5171,SH600054,旅游及景区,社会服务
5172,SH600053,多元金融,非银金融
5173,SH600052,电力,公用事业
5174,SH600051,综合,综合
5175,SH600050,通信服务,通信
5176,SH600048,房地产开发,房地产
5177,SH600039,基础建设,建筑装饰
5178,SH600038,航空装备,国防军工
5179,SH600037,电视广播,传媒
5180,SH600036,银行,银行
5181,SH600035,铁路公路,交通运输
5182,SH600033,铁路公路,交通运输
5183,SH600032,电力,公用事业
5184,SH600031,工程机械,机械设备
5185,SH600030,证券,非银金融
5186,SH600029,航空机场,交通运输
5187,SH600028,炼化及贸易,石油石化
5188,SH600027,电力,公用事业
5189,SH600026,航运港口,交通运输
5190,SH600025,电力,公用事业
5191,SH600023,电力,公用事业
5192,SH600022,普钢,钢铁
5193,SH600021,电力,公用事业
5194,SH600020,铁路公路,交通运输
5195,SH600019,普钢,钢铁
5196,SH600018,航运港口,交通运输
5197,SH600017,航运港口,交通运输
5198,SH600016,银行,银行
5199,SH600015,银行,银行
5200,SH600012,铁路公路,交通运输
5201,SH600011,电力,公用事业
5202,SH600010,普钢,钢铁
5203,SH600009,航空机场,交通运输
5204,SH600008,环境治理,环保
5205,SH600007,房地产开发,房地产
5206,SH600006,商用车,汽车
5207,SH600004,航空机场,交通运输
5208,SH600000,银行,银行
