idx,symbol,industry,sector
0,ZYME,生物技术,医疗保健
1,ZYBT,药品制造商,医疗保健
2,ZVRA,生物技术,医疗保健
3,ZURA,生物技术,医疗保健
4,ZUMZ,服装零售,可选消费
5,ZTG,咨询服务,工业
6,ZTEK,医疗仪器用品,医疗保健
7,ZSTK,资产管理,金融服务
8,ZSQR,软件,科技
9,ZS,软件,科技
10,ZOOZ,电气设备零件,工业
11,ZNTL,生物技术,医疗保健
12,ZNB,娱乐,通讯服务
13,ZM,软件,科技
14,ZLAB,生物技术,医疗保健
15,ZKPU,空壳公司,金融服务
16,ZKP,空壳公司,金融服务
17,ZKIN,钢铁,基础材料
18,ZJYL,医疗仪器用品,医疗保健
19,ZJK,专业工业机械,工业
20,ZIONP,区域性银行,金融服务
21,ZION,区域性银行,金融服务
22,ZG,互联网内容信息,通讯服务
23,ZEO,太阳能,科技
24,ZENA,软件,科技
25,ZDAI,工程与建筑,工业
26,ZD,广告代理,通讯服务
27,ZCMD,健康信息服务,医疗保健
28,ZBRA,通信设备,科技
29,ZBIO,生物技术,医疗保健
30,ZBAO,保险经纪,金融服务
31,Z,互联网内容信息,通讯服务
32,YYGH,专业商业服务,工业
33,YYAI,软件,科技
34,YXT,软件,科技
35,YTRA,旅行服务,可选消费
36,YSXT,专业商业服务,工业
37,YSWY,杂货店,必需消费
38,YQ,教育培训服务,必需消费
39,YOUL,教育培训服务,必需消费
40,YORW,受监管水务公司,公用事业
41,YMT,软件,科技
42,YMAT,专业化学品,基础材料
43,YJ,互联网零售,可选消费
44,YICCU,空壳公司,金融服务
45,YICC,空壳公司,金融服务
46,YIBO,计算机硬件,科技
47,YI,医疗分销,医疗保健
48,YHNA,空壳公司,金融服务
49,YHGJ,包装容器,可选消费
50,YHC,酒庄与酿酒厂,必需消费
51,YDKG,广告代理,通讯服务
52,YDES,生物技术,医疗保健
53,YDDL,废物管理,工业
54,YB,软件,科技
55,YARW,生物技术,医疗保健
56,YAAS,软件,科技
57,XXII,烟草,必需消费
58,XWEL,诊断与研究,医疗保健
59,XTLB,生物技术,医疗保健
60,XTIA,航空航天国防,工业
61,XSLL,空壳公司,金融服务
62,XRX,商业设备用品,工业
63,XRTX,生物技术,医疗保健
64,XRPNU,空壳公司,金融服务
65,XRPN,空壳公司,金融服务
66,XRAY,医疗仪器用品,医疗保健
67,XPON,电气设备零件,工业
68,XPEL,汽车零部件,可选消费
69,XP,资本市场,金融服务
70,XOS,农用重型机械,工业
71,XNET,软件,科技
72,XNDU,软件,科技
73,XNCR,生物技术,医疗保健
74,XMTR,工业分销,工业
75,XMAX,家用器具家电,可选消费
76,XLO,生物技术,医疗保健
77,XIIIU,空壳公司,金融服务
78,XHLD,广播媒体,通讯服务
79,XHG,保险经纪,金融服务
80,XGN,诊断与研究,医疗保健
81,XFOR,生物技术,医疗保健
82,XERS,药品制造商,医疗保健
83,XENE,生物技术,医疗保健
84,XELB,服装制造,可选消费
85,XEL,受监管电力公司,公用事业
86,XE,专业工业机械,工业
87,XCUR,生物技术,医疗保健
88,XCH,电气设备零件,工业
89,XCBE,空壳公司,金融服务
90,XBP,软件,科技
91,XBIT,生物技术,医疗保健
92,XBIO,生物技术,医疗保健
93,XAIR,医疗设备,医疗保健
94,WYNN,度假村与赌场,可选消费
95,WYHG,包装食品,必需消费
96,WYFI,信息技术服务,科技
97,WXM,工业分销,工业
98,WWD,航空航天国防,工业
99,WW,医疗设施,医疗保健
100,WVVIP,酒庄与酿酒厂,必需消费
101,WVVI,酒庄与酿酒厂,必需消费
102,WVE,生物技术,医疗保健
103,WULF,资本市场,金融服务
104,WTW,保险经纪,金融服务
105,WTG,空壳公司,金融服务
106,WTFCN,区域性银行,金融服务
107,WTFC,区域性银行,金融服务
108,WTF,资本市场,金融服务
109,WTBA,区域性银行,金融服务
110,WSTN,空壳公司,金融服务
111,WSHP,互联网内容信息,通讯服务
112,WSFS,区域性银行,金融服务
113,WSE,信息技术服务,科技
114,WSC,租赁服务,工业
115,WSBK,区域性银行,金融服务
116,WSBF,区域性银行,金融服务
117,WSBCO,区域性银行,金融服务
118,WSBC,区域性银行,金融服务
119,WRLD,信贷服务,金融服务
120,WRD,软件,科技
121,WRAP,科学技术仪器,科技
122,WPRT,汽车零部件,可选消费
123,WOOF,专业零售,可选消费
124,WOK,医疗设备,医疗保健
125,WNW,互联网零售,可选消费
126,WNEB,区域性银行,金融服务
127,WMT,折扣商店,必需消费
128,WMG,娱乐,通讯服务
129,WLTH,软件,科技
130,WLII,空壳公司,金融服务
131,WLFC,租赁服务,工业
132,WLDS,消费电子,科技
133,WLDN,工程与建筑,工业
134,WLCO,空壳公司,金融服务
135,WKSP,汽车零部件,可选消费
136,WKHS,汽车制造,可选消费
137,WKEY,半导体,科技
138,WIX,软件,科技
139,WING,餐厅,可选消费
140,WINA,专业零售,可选消费
141,WIMI,广告代理,通讯服务
142,WILC,食品分销,必需消费
143,WHWK,生物技术,医疗保健
144,WHLRP,零售地产REIT,房地产
145,WHLRD,零售地产REIT,房地产
146,WHLR,零售地产REIT,房地产
147,WHF,资产管理,金融服务
148,WGS,诊断与研究,医疗保健
149,WFRD,石油天然气设备服务,能源
150,WFF,专业工业机械,工业
151,WFCF,专业商业服务,工业
152,WEYS,鞋类与配饰,可选消费
153,WETO,软件,科技
154,WETH,电子元件,科技
155,WEST,包装食品,必需消费
156,WERN,卡车运输,工业
157,WENN,空壳公司,金融服务
158,WEN,餐厅,可选消费
159,WDFC,专业化学品,基础材料
160,WDC,计算机硬件,科技
161,WDAY,软件,科技
162,WCT,软件,科技
163,WBUY,互联网零售,可选消费
164,WBTN,互联网内容信息,通讯服务
165,WBD,娱乐,通讯服务
166,WB,互联网内容信息,通讯服务
167,WAY,健康信息服务,医疗保健
168,WAVE,可再生能源公用事业,公用事业
169,WATT,通信设备,科技
170,WATR,工业分销,工业
171,WASH,区域性银行,金融服务
172,WALD,家庭个人用品,必需消费
173,WAFU,教育培训服务,必需消费
174,WAFDP,区域性银行,金融服务
175,WAFD,区域性银行,金融服务
176,WABC,区域性银行,金融服务
177,VYGR,生物技术,医疗保健
178,VWAV,航空航天国防,工业
179,VVOS,医疗设备,医疗保健
180,VUZI,消费电子,科技
181,VTVT,生物技术,医疗保健
182,VTSI,软件,科技
183,VTRS,药品制造商,医疗保健
184,VTIX,计算机硬件,科技
185,VTGN,生物技术,医疗保健
186,VSTM,生物技术,医疗保健
187,VSNT,娱乐,通讯服务
188,VSME,广告代理,通讯服务
189,VSECU,航空航天国防,工业
190,VSEC,航空航天国防,工业
191,VSAT,通信设备,科技
192,VSA,教育培训服务,必需消费
193,VS,软件,科技
194,VRXA,生物技术,医疗保健
195,VRTX,生物技术,医疗保健
196,VRSN,软件,科技
197,VRSK,咨询服务,工业
198,VRRM,信息技术服务,科技
199,VRNS,软件,科技
200,VRME,安保服务,工业
201,VRM,信贷服务,金融服务
202,VREX,医疗设备,医疗保健
203,VRDN,生物技术,医疗保健
204,VRCA,生物技术,医疗保健
205,VRAX,生物技术,医疗保健
206,VRA,鞋类与配饰,可选消费
207,VOXR,贵金属采矿,基础材料
208,VOR,生物技术,医疗保健
209,VOGX,生物技术,医疗保健
210,VOD,电信服务,通讯服务
211,VNOM,石油天然气,能源
212,VNME,空壳公司,金融服务
213,VNET,信息技术服务,科技
214,VNDA,生物技术,医疗保健
215,VNCE,服装制造,可选消费
216,VMET,贵金属采矿,基础材料
217,VMD,医疗设备,医疗保健
218,VMAR,休闲车辆,可选消费
219,VLYPP,区域性银行,金融服务
220,VLYPO,区域性银行,金融服务
221,VLYPN,区域性银行,金融服务
222,VLY,区域性银行,金融服务
223,VLOS,空壳公司,金融服务
224,VLGEA,杂货店,必需消费
225,VKTX,生物技术,医疗保健
226,VIVS,生物技术,医疗保健
227,VIVO,软件,科技
228,VIVK,石油天然气,能源
229,VITL,农产品,必需消费
230,VISN,通信设备,科技
231,VIRC,家用器具家电,可选消费
232,VIR,生物技术,医疗保健
233,VIP,资本市场,金融服务
234,VIOT,家用器具家电,可选消费
235,VINP,资产管理,金融服务
236,VICR,电子元件,科技
237,VIAV,通信设备,科技
238,VHUB,杂货店,必需消费
239,VHCP,空壳公司,金融服务
240,VHC,软件,科技
241,VGAS,可再生能源公用事业,公用事业
242,VFS,汽车制造,可选消费
243,VFF,农产品,必需消费
244,VERX,软件,科技
245,VERU,生物技术,医疗保健
246,VERI,软件,科技
247,VERA,生物技术,医疗保健
248,VEON,电信服务,通讯服务
249,VELO,计算机硬件,科技
250,VEEE,休闲车辆,可选消费
251,VEEA,信息技术服务,科技
252,VECO,半导体设备材料,科技
253,VCYT,诊断与研究,医疗保健
254,VCTR,资产管理,金融服务
255,VCRE,生物技术,医疗保健
256,VCIG,咨询服务,工业
257,VCEL,生物技术,医疗保健
258,VC,汽车零部件,可选消费
259,VBNK,区域性银行,金融服务
260,VBIO,生物技术,医疗保健
261,VANI,生物技术,医疗保健
262,VALU,金融证券交易所,金融服务
263,VALN,生物技术,医疗保健
264,VABK,区域性银行,金融服务
265,UZX,互联网零售,可选消费
266,UYSC,空壳公司,金融服务
267,UXIN,汽车卡车经销,可选消费
268,UVSP,区域性银行,金融服务
269,UTSI,通信设备,科技
270,UTMD,医疗仪器用品,医疗保健
271,UTHR,药品制造商,医疗保健
272,USLM,建筑材料,基础材料
273,USIO,软件,科技
274,USGO,工业金属采矿,基础材料
275,USEA,海运,工业
276,USDE,资本市场,金融服务
277,USCB,区域性银行,金融服务
278,USAU,黄金,基础材料
279,USAR,工业金属采矿,基础材料
280,UROY,铀业,能源
281,URGN,生物技术,医疗保健
282,URBN,服装零售,可选消费
283,UPXI,互联网内容信息,通讯服务
284,UPWK,互联网内容信息,通讯服务
285,UPST,信贷服务,金融服务
286,UPLD,软件,科技
287,UPC,药品制造商,医疗保健
288,UPBD,软件,科技
289,UPB,生物技术,医疗保健
290,UONEK,广播媒体,通讯服务
291,UONE,广播媒体,通讯服务
292,UNTY,区域性银行,金融服务
293,UNIT,特殊品类REIT,房地产
294,UNCY,生物技术,医疗保健
295,UNB,区域性银行,金融服务
296,UMBFO,区域性银行,金融服务
297,UMBF,区域性银行,金融服务
298,ULTA,专业零售,可选消费
299,ULH,卡车运输,工业
300,ULCC,航空公司,工业
301,ULBI,电气设备零件,工业
302,UK,房地产,房地产
303,UG,家庭个人用品,必需消费
304,UFPT,医疗设备,医疗保健
305,UFPI,木材木制品生产,基础材料
306,UFG,海运,工业
307,UFCS,财产意外保险,金融服务
308,UEIC,消费电子,科技
309,UCTT,半导体设备材料,科技
310,UCL,电信服务,通讯服务
311,UCAR,汽车卡车经销,可选消费
312,UBSI,区域性银行,金融服务
313,UBCP,区域性银行,金融服务
314,UAL,航空公司,工业
315,TZOO,互联网内容信息,通讯服务
316,TYRA,生物技术,医疗保健
317,TYGO,太阳能,科技
318,TXRH,餐厅,可选消费
319,TXN,半导体,科技
320,TXMD,药品制造商,医疗保健
321,TXG,健康信息服务,医疗保健
322,TWST,诊断与研究,医疗保健
323,TWLV,空壳公司,金融服务
324,TWIN,专业工业机械,工业
325,TWG,食品分销,必需消费
326,TWFG,保险经纪,金融服务
327,TWAV,资产管理,金融服务
328,TW,资本市场,金融服务
329,TVTX,生物技术,医疗保健
330,TVRD,生物技术,医疗保健
331,TVIVU,空壳公司,金融服务
332,TVIV,空壳公司,金融服务
333,TVGN,生物技术,医疗保健
334,TVAI,空壳公司,金融服务
335,TVA,空壳公司,金融服务
336,TUSK,综合企业,工业
337,TURB,太阳能,科技
338,TULP,农产品,必需消费
339,TTWO,电子游戏多媒体,通讯服务
340,TTRX,生物技术,医疗保健
341,TTMI,电子元件,科技
342,TTGT,信息技术服务,科技
343,TTEK,工程与建筑,工业
344,TTEC,信息技术服务,科技
345,TTD,广告代理,通讯服务
346,TTAN,软件,科技
347,TSSI,信息技术服务,科技
348,TSLA,汽车制造,可选消费
349,TSHA,生物技术,医疗保健
350,TSEM,半导体,科技
351,TSCO,专业零售,可选消费
352,TSBK,区域性银行,金融服务
353,TSAT,通信设备,科技
354,TRVI,生物技术,医疗保健
355,TRVG,互联网内容信息,通讯服务
356,TRUP,财产意外保险,金融服务
357,TRUG,休闲,可选消费
358,TRST,区域性银行,金融服务
359,TRSG,金属加工,工业
360,TRS,包装容器,可选消费
361,TROW,资产管理,金融服务
362,TROO,信贷服务,金融服务
363,TRON,休闲,可选消费
364,TRNS,专业商业服务,工业
365,TRNR,个人服务,可选消费
366,TRMK,区域性银行,金融服务
367,TRMD,石油天然气,能源
368,TRMB,科学技术仪器,科技
369,TRIP,旅行服务,可选消费
370,TRIB,医疗设备,医疗保健
371,TRI,专业商业服务,工业
372,TRGS,空壳公司,金融服务
373,TREO,工业金属采矿,基础材料
374,TREE,金融集团,金融服务
375,TRDA,生物技术,医疗保健
376,TRAX,生物技术,医疗保健
377,TRAW,生物技术,医疗保健
378,TPST,生物技术,医疗保健
379,TPG,资产管理,金融服务
380,TPCS,金属加工,工业
381,TOYO,太阳能,科技
382,TOWN,区域性银行,金融服务
383,TOUR,旅行服务,可选消费
384,TORO,石油天然气,能源
385,TOP,资本市场,金融服务
386,TONX,软件,科技
387,TOMZ,污染处理控制,工业
388,TNYA,生物技术,医疗保健
389,TNXP,生物技术,医疗保健
390,TNON,医疗设备,医疗保健
391,TNMG,出版,通讯服务
392,TNGX,生物技术,医疗保健
393,TNDM,医疗设备,医疗保健
394,TMUS,电信服务,通讯服务
395,TMTS,空壳公司,金融服务
396,TMS,金融集团,金融服务
397,TMDX,医疗设备,医疗保健
398,TMCR,工业金属采矿,基础材料
399,TMCI,医疗设备,医疗保健
400,TMC,工业金属采矿,基础材料
401,TLX,生物技术,医疗保健
402,TLSI,医疗设备,医疗保健
403,TLSA,生物技术,医疗保健
404,TLS,软件,科技
405,TLRY,药品制造商,医疗保健
406,TLPH,药品制造商,医疗保健
407,TLNCU,空壳公司,金融服务
408,TLNC,空壳公司,金融服务
409,TLN,独立发电商,公用事业
410,TLIH,工业分销,工业
411,TLF,专业零售,可选消费
412,TKNO,药品制造商,医疗保健
413,TKLF,专业零售,可选消费
414,TJGC,广告代理,通讯服务
415,TITN,工业分销,工业
416,TIPT,资产管理,金融服务
417,TILE,家用器具家电,可选消费
418,TIL,生物技术,医疗保健
419,TIGR,资本市场,金融服务
420,TIGO,电信服务,通讯服务
421,THRY,软件,科技
422,THRM,汽车零部件,可选消费
423,THH,专业商业服务,工业
424,THFF,区域性银行,金融服务
425,THEOU,空壳公司,金融服务
426,THEO,空壳公司,金融服务
427,THCH,餐厅,可选消费
428,TH,专业商业服务,工业
429,TGTX,生物技术,医疗保健
430,TGL,软件,科技
431,TGHL,软件,科技
432,TFSL,区域性银行,金融服务
433,TER,半导体设备材料,科技
434,TENX,生物技术,医疗保健
435,TENB,软件,科技
436,TEM,健康信息服务,医疗保健
437,TELO,生物技术,医疗保健
438,TELA,医疗设备,医疗保健
439,TECX,生物技术,医疗保健
440,TECH,生物技术,医疗保健
441,TEAM,软件,科技
442,TEAD,互联网内容信息,通讯服务
443,TDWD,空壳公司,金融服务
444,TDUP,互联网零售,可选消费
445,TDTH,信息技术服务,科技
446,TDIC,广告代理,通讯服务
447,TDACU,空壳公司,金融服务
448,TDAC,空壳公司,金融服务
449,TCX,软件,科技
450,TCRX,生物技术,医疗保健
451,TCRT,生物技术,医疗保健
452,TCPC,资产管理,金融服务
453,TCOM,旅行服务,可选消费
454,TCMD,医疗设备,医疗保健
455,TCGX,空壳公司,金融服务
456,TCBS,区域性银行,金融服务
457,TCBK,区域性银行,金融服务
458,TCBIO,区域性银行,金融服务
459,TCBI,区域性银行,金融服务
460,TC,广告代理,通讯服务
461,TBPH,生物技术,医疗保健
462,TBLA,互联网内容信息,通讯服务
463,TBCVU,空壳公司,金融服务
464,TBCH,消费电子,科技
465,TBBK,区域性银行,金融服务
466,TAYD,专业工业机械,工业
467,TAVI,空壳公司,金融服务
468,TATT,航空航天国防,工业
469,TASK,信息技术服务,科技
470,TARS,生物技术,医疗保健
471,TARA,生物技术,医疗保健
472,TAOX,资本市场,金融服务
473,TAOP,软件,科技
474,TANH,家庭个人用品,必需消费
475,TACT,计算机硬件,科技
476,TACO,空壳公司,金融服务
477,TACH,空壳公司,金融服务
478,SZZLU,空壳公司,金融服务
479,SZZL,空壳公司,金融服务
480,SYRE,生物技术,医疗保健
481,SYPR,汽车零部件,可选消费
482,SYNA,半导体,科技
483,SYM,专业工业机械,工业
484,SYBT,区域性银行,金融服务
485,SY,健康信息服务,医疗保健
486,SXTP,生物技术,医疗保健
487,SXTC,药品制造商,医疗保健
488,SWVL,铁路,工业
489,SWMR,软件,科技
490,SWKS,半导体,科技
491,SWIM,建筑产品设备,工业
492,SWBI,航空航天国防,工业
493,SWAG,广告代理,通讯服务
494,SVRN,海运,工业
495,SVRE,科学技术仪器,科技
496,SVRA,生物技术,医疗保健
497,SVIV,空壳公司,金融服务
498,SVCO,软件,科技
499,SVCCU,空壳公司,金融服务
500,SVCC,空壳公司,金融服务
501,SVC,酒店汽车旅馆REIT,房地产
502,SVAQ,空壳公司,金融服务
503,SURG,电信服务,通讯服务
504,SUPX,软件,科技
505,SUPN,药品制造商,医疗保健
506,SUNS,抵押贷款REIT,房地产
507,SUNE,太阳能,科技
508,SUMA,空壳公司,金融服务
509,SUJA,非酒精饮料,必需消费
510,SUIG,信贷服务,金融服务
511,SUGP,安保服务,工业
512,STX,计算机硬件,科技
513,STTK,生物技术,医疗保健
514,STRZ,娱乐,通讯服务
515,STRT,汽车零部件,可选消费
516,STRRP,人力资源就业服务,工业
517,STRR,人力资源就业服务,工业
518,STRO,生物技术,医疗保健
519,STRL,工程与建筑,工业
520,STRK,软件,科技
521,STRF,软件,科技
522,STRD,软件,科技
523,STRC,软件,科技
524,STRA,教育培训服务,必需消费
525,STOK,生物技术,医疗保健
526,STNE,软件,科技
527,STLN,医疗设施,医疗保健
528,STLD,钢铁,基础材料
529,STKS,餐厅,可选消费
530,STKH,包装食品,必需消费
531,STKE,资本市场,金融服务
532,STIM,医疗设备,医疗保健
533,STI,电气设备零件,工业
534,STHO,房地产,房地产
535,STGW,广告代理,通讯服务
536,STFS,广告代理,通讯服务
537,STEX,资本市场,金融服务
538,STEP,资产管理,金融服务
539,STBA,区域性银行,金融服务
540,STAK,石油天然气设备服务,能源
541,STAA,医疗仪器用品,医疗保健
542,SSYS,计算机硬件,科技
543,SSTI,软件,科技
544,SSRM,黄金,基础材料
545,SSP,广播媒体,通讯服务
546,SSNC,软件,科技
547,SSM,汽车制造,可选消费
548,SSII,医疗设备,医疗保健
549,SSEA,空壳公司,金融服务
550,SSBI,区域性银行,金融服务
551,SSACU,空壳公司,金融服务
552,SSAC,空壳公司,金融服务
553,SRZN,生物技术,医疗保健
554,SRTS,医疗设备,医疗保健
555,SRTA,医疗设施,医疗保健
556,SRRK,生物技术,医疗保健
557,SRPT,生物技术,医疗保健
558,SRCE,区域性银行,金融服务
559,SRBK,区域性银行,金融服务
560,SRAD,软件,科技
561,SQFTP,多元化地产REIT,房地产
562,SQFT,多元化地产REIT,房地产
563,SPWR,太阳能,科技
564,SPWH,专业零售,可选消费
565,SPTX,生物技术,医疗保健
566,SPT,软件,科技
567,SPSC,软件,科技
568,SPRY,生物技术,医疗保健
569,SPRO,生物技术,医疗保健
570,SPRC,生物技术,医疗保健
571,SPRB,生物技术,医疗保健
572,SPPL,专业工业机械,工业
573,SPOK,健康信息服务,医疗保健
574,SPKL,空壳公司,金融服务
575,SPHL,住宅建筑,可选消费
576,SPFI,区域性银行,金融服务
577,SPEGU,空壳公司,金融服务
578,SPEG,空壳公司,金融服务
579,SPCX,航空航天国防,工业
580,SPCB,安保服务,工业
581,SPAI,航空航天国防,工业
582,SOWG,糖果制造,必需消费
583,SOUN,软件,科技
584,SOTK,科学技术仪器,科技
585,SORN,空壳公司,金融服务
586,SORA,奢侈品,可选消费
587,SOPH,健康信息服务,医疗保健
588,SONO,消费电子,科技
589,SONM,资本市场,金融服务
590,SOLS,专业化学品,基础材料
591,SOHU,电子游戏多媒体,通讯服务
592,SOGP,互联网内容信息,通讯服务
593,SOFI,信贷服务,金融服务
594,SOCA,空壳公司,金融服务
595,SOBR,科学技术仪器,科技
596,SNYR,医疗分销,医疗保健
597,SNY,药品制造商,医疗保健
598,SNWV,医疗设备,医疗保健
599,SNTI,生物技术,医疗保健
600,SNTG,信贷服务,金融服务
601,SNT,安保服务,工业
602,SNPS,软件,科技
603,SNOA,药品制造商,医疗保健
604,SNGX,生物技术,医疗保健
605,SNFCA,人寿保险,金融服务
606,SNEX,资本市场,金融服务
607,SNES,专业化学品,基础材料
608,SNDX,生物技术,医疗保健
609,SNDL,酒庄与酿酒厂,必需消费
610,SNDK,计算机硬件,科技
611,SND,石油天然气设备服务,能源
612,SNAL,电子游戏多媒体,通讯服务
613,SMXT,太阳能,科技
614,SMX,专业商业服务,工业
615,SMTK,半导体设备材料,科技
616,SMTI,医疗仪器用品,医疗保健
617,SMTC,半导体,科技
618,SMSI,软件,科技
619,SMPL,包装食品,必需消费
620,SMMT,生物技术,医疗保健
621,SMID,建筑材料,基础材料
622,SMCIP,计算机硬件,科技
623,SMCI,计算机硬件,科技
624,SMBC,区域性银行,金融服务
625,SLXN,生物技术,医疗保健
626,SLSN,家庭个人用品,必需消费
627,SLS,生物技术,医疗保健
628,SLRC,资产管理,金融服务
629,SLP,健康信息服务,医疗保健
630,SLNHP,资本市场,金融服务
631,SLNH,资本市场,金融服务
632,SLNG,石油天然气,能源
633,SLN,生物技术,医疗保健
634,SLMT,软件,科技
635,SLMBP,信贷服务,金融服务
636,SLM,信贷服务,金融服务
637,SLGL,生物技术,医疗保健
638,SLGB,综合货运物流,工业
639,SLE,互联网内容信息,通讯服务
640,SLDP,汽车零部件,可选消费
641,SLDE,财产意外保险,金融服务
642,SLDB,生物技术,医疗保健
643,SLBT,生物技术,医疗保健
644,SLAB,半导体,科技
645,SKYX,电气设备零件,工业
646,SKYW,航空公司,工业
647,SKYQ,石油天然气,能源
648,SKYE,生物技术,医疗保健
649,SKYA,软件,科技
650,SKWD,财产意外保险,金融服务
651,SKK,工程与建筑,工业
652,SKIN,家庭个人用品,必需消费
653,SKHY,半导体,科技
654,SJ,互联网内容信息,通讯服务
655,SITM,半导体,科技
656,SIRI,娱乐,通讯服务
657,SION,生物技术,医疗保健
658,SINT,医疗设备,医疗保健
659,SIMO,半导体,科技
660,SIMA,空壳公司,金融服务
661,SILO,生物技术,医疗保健
662,SILC,通信设备,科技
663,SIGIP,财产意外保险,金融服务
664,SIGI,财产意外保险,金融服务
665,SIGA,药品制造商,医疗保健
666,SIFY,电信服务,通讯服务
667,SIEB,资本市场,金融服务
668,SIDU,航空航天国防,工业
669,SIBN,医疗设备,医疗保健
670,SHPH,药品制造商,医疗保健
671,SHOTU,空壳公司,金融服务
672,SHOT,空壳公司,金融服务
673,SHOP,软件,科技
674,SHOO,鞋类与配饰,可选消费
675,SHOE,服装零售,可选消费
676,SHMD,专业工业机械,工业
677,SHLS,太阳能,科技
678,SHIP,海运,工业
679,SHIM,工程与建筑,工业
680,SHFS,区域性银行,金融服务
681,SHEN,电信服务,通讯服务
682,SHC,诊断与研究,医疗保健
683,SHBI,区域性银行,金融服务
684,SHAZ,信息技术服务,科技
685,SGRY,医疗设施,医疗保健
686,SGP,生物技术,医疗保健
687,SGMT,生物技术,医疗保健
688,SGML,工业金属采矿,基础材料
689,SGLY,综合货运物流,工业
690,SGHT,医疗设备,医疗保健
691,SGC,服装制造,可选消费
692,SGA,广播媒体,通讯服务
693,SFWL,综合货运物流,工业
694,SFST,区域性银行,金融服务
695,SFNC,区域性银行,金融服务
696,SFM,杂货店,必需消费
697,SFIX,服装零售,可选消费
698,SFHG,专业商业服务,工业
699,SFD,包装食品,必需消费
700,SFBC,区域性银行,金融服务
701,SEZL,信贷服务,金融服务
702,SERV,综合货运物流,工业
703,SERA,医疗设备,医疗保健
704,SEPN,生物技术,医疗保健
705,SENS,医疗设备,医疗保健
706,SENEB,包装食品,必需消费
707,SENEA,包装食品,必需消费
708,SELF,特殊品类REIT,房地产
709,SEIC,资产管理,金融服务
710,SEGG,博彩,可选消费
711,SEER,生物技术,医疗保健
712,SEED,农业投入,基础材料
713,SEDG,太阳能,科技
714,SEAT,互联网内容信息,通讯服务
715,SDST,电气设备零件,工业
716,SDOT,农产品,必需消费
717,SDHI,空壳公司,金融服务
718,SDGR,健康信息服务,医疗保健
719,SDA,汽车卡车经销,可选消费
720,SCZM,工业金属采矿,基础材料
721,SCYX,药品制造商,医疗保健
722,SCWO,污染处理控制,工业
723,SCTX,生物技术,医疗保健
724,SCSC,电子计算机分销,科技
725,SCPQ,空壳公司,金融服务
726,SCOR,软件,科技
727,SCNX,药品零售商,医疗保健
728,SCNI,生物技术,医疗保健
729,SCLX,药品制造商,医疗保健
730,SCKT,计算机硬件,科技
731,SCII,空壳公司,金融服务
732,SCHL,出版,通讯服务
733,SCAG,农用重型机械,工业
734,SBUX,餐厅,可选消费
735,SBRA,医疗保健地产REIT,房地产
736,SBLK,海运,工业
737,SBGI,广播媒体,通讯服务
738,SBFM,药品制造商,医疗保健
739,SBFG,区域性银行,金融服务
740,SBET,资本市场,金融服务
741,SBCF,区域性银行,金融服务
742,SBC,咨询服务,工业
743,SBAC,特殊品类REIT,房地产
744,SATL,航空航天国防,工业
745,SATA,资产管理,金融服务
746,SANM,电子元件,科技
747,SANG,软件,科技
748,SANA,生物技术,医疗保健
749,SAMG,资产管理,金融服务
750,SAIL,软件,科技
751,SAIH,信息技术服务,科技
752,SAIC,信息技术服务,科技
753,SAIA,卡车运输,工业
754,SAGT,软件,科技
755,SAFX,可再生能源公用事业,公用事业
756,SAFT,财产意外保险,金融服务
757,SABS,生物技术,医疗保健
758,SABR,软件,科技
759,SAAQU,空壳公司,金融服务
760,SAAQ,空壳公司,金融服务
761,RZLV,软件,科技
762,RZLT,生物技术,医疗保健
763,RYTM,生物技术,医疗保健
764,RYOJ,咨询服务,工业
765,RYM,烟草,必需消费
766,RYET,教育培训服务,必需消费
767,RYAAY,航空公司,工业
768,RXT,软件,科技
769,RXST,医疗设备,医疗保健
770,RXRX,生物技术,医疗保健
771,RWAY,资产管理,金融服务
772,RVSN,铁路,工业
773,RVSB,区域性银行,金融服务
774,RVMD,生物技术,医疗保健
775,RUSHB,汽车卡车经销,可选消费
776,RUSHA,汽车卡车经销,可选消费
777,RUN,太阳能,科技
778,RUM,互联网内容信息,通讯服务
779,RUBI,海运,工业
780,RTB,软件,科技
781,RTACU,空壳公司,金融服务
782,RTAC,空壳公司,金融服务
783,RSVR,娱乐,通讯服务
784,RSSS,软件,科技
785,RRR,度假村与赌场,可选消费
786,RRGB,餐厅,可选消费
787,RREVU,空壳公司,金融服务
788,RREV,空壳公司,金融服务
789,RRBI,区域性银行,金融服务
790,RR,专业工业机械,工业
791,RPRX,生物技术,医疗保健
792,RPID,医疗设备,医疗保健
793,RPGL,软件,科技
794,RPD,软件,科技
795,RPAY,软件,科技
796,ROST,服装零售,可选消费
797,ROP,软件,科技
798,ROOT,财产意外保险,金融服务
799,ROMA,咨询服务,工业
800,ROKU,娱乐,通讯服务
801,ROIV,生物技术,医疗保健
802,ROCK,建筑产品设备,工业
803,ROAD,工程与建筑,工业
804,RNXT,生物技术,医疗保健
805,RNW,可再生能源公用事业,公用事业
806,RNTX,生物技术,医疗保健
807,RNGT,空壳公司,金融服务
808,RNAZ,生物技术,医疗保健
809,RNAC,生物技术,医疗保健
810,RNA,生物技术,医疗保健
811,RMTI,药品制造商,医疗保健
812,RMSG,软件,科技
813,RMR,房地产,房地产
814,RMNI,软件,科技
815,RMIX,建筑材料,基础材料
816,RMCO,资产管理,金融服务
817,RMCF,糖果制造,必需消费
818,RMBS,半导体,科技
819,RMBI,区域性银行,金融服务
820,RLYB,生物技术,医疗保健
821,RLMD,生物技术,医疗保健
822,RLAY,生物技术,医疗保健
823,RKTO,软件,科技
824,RKLB,航空航天国防,工业
825,RKDA,包装食品,必需消费
826,RJET,航空公司,工业
827,RIVN,汽车制造,可选消费
828,RITR,工程与建筑,工业
829,RIOT,资本市场,金融服务
830,RIME,消费电子,科技
831,RILYP,金融集团,金融服务
832,RILYL,金融集团,金融服务
833,RILY,金融集团,金融服务
834,RIGL,生物技术,医疗保健
835,RICK,餐厅,可选消费
836,RIBB,空壳公司,金融服务
837,RGTI,计算机硬件,科技
838,RGS,个人服务,可选消费
839,RGP,咨询服务,工业
840,RGNX,生物技术,医疗保健
841,RGLD,黄金,基础材料
842,RGEN,医疗仪器用品,医疗保健
843,RGCO,受监管燃气公司,公用事业
844,RGC,药品制造商,医疗保健
845,RFIL,电气设备零件,工业
846,RFAMU,空壳公司,金融服务
847,RFAM,空壳公司,金融服务
848,RFAIU,空壳公司,金融服务
849,RFAI,空壳公司,金融服务
850,REYN,包装容器,可选消费
851,REVB,生物技术,医疗保健
852,RETO,建筑材料,基础材料
853,REPL,生物技术,医疗保健
854,RENX,房地产,房地产
855,RENT,服装零售,可选消费
856,RELY,软件,科技
857,RELL,电子元件,科技
858,REKR,软件,科技
859,REGN,生物技术,医疗保健
860,REGCP,零售地产REIT,房地产
861,REGCO,零售地产REIT,房地产
862,REG,零售地产REIT,房地产
863,REFR,电子元件,科技
864,REFI,抵押贷款REIT,房地产
865,RECT,专业零售,可选消费
866,REBN,餐厅,可选消费
867,REAX,房地产,房地产
868,REAL,奢侈品,可选消费
869,RDZN,软件,科技
870,RDWR,软件,科技
871,RDVT,软件,科技
872,RDNW,汽车卡车经销,可选消费
873,RDNT,诊断与研究,医疗保健
874,RDIB,娱乐,通讯服务
875,RDI,娱乐,通讯服务
876,RDHL,药品制造商,医疗保健
877,RDGT,药品零售商,医疗保健
878,RDCM,电信服务,通讯服务
879,RDAGU,空壳公司,金融服务
880,RDAG,空壳公司,金融服务
881,RDAC,空壳公司,金融服务
882,RCT,软件,科技
883,RCON,石油天然气设备服务,能源
884,RCMT,综合企业,工业
885,RCKY,鞋类与配饰,可选消费
886,RCKT,生物技术,医疗保健
887,RCEL,医疗设备,医疗保健
888,RCBC,区域性银行,金融服务
889,RCAT,航空航天国防,工业
890,RBNE,石油天然气,能源
891,RBKB,区域性银行,金融服务
892,RBCAA,区域性银行,金融服务
893,RBBN,软件,科技
894,RBB,区域性银行,金融服务
895,RAYA,电气设备零件,工业
896,RAY,家庭个人用品,必需消费
897,RAVE,餐厅,可选消费
898,RARE,生物技术,医疗保健
899,RAPP,生物技术,医疗保健
900,RANI,生物技术,医疗保健
901,RANG,空壳公司,金融服务
902,RAND,资产管理,金融服务
903,RAIN,污染处理控制,工业
904,RAIL,铁路,工业
905,RADX,生物技术,医疗保健
906,RACD,空壳公司,金融服务
907,RACC,空壳公司,金融服务
908,QXL,信息技术服务,科技
909,QVCG,专业零售,可选消费
910,QURE,生物技术,医疗保健
911,QUMS,空壳公司,金融服务
912,QUIK,半导体,科技
913,QUCY,诊断与研究,医疗保健
914,QUBT,计算机硬件,科技
915,QTTB,生物技术,医疗保健
916,QTRX,医疗设备,医疗保健
917,QTI,医疗设备,医疗保健
918,QTEX,计算机硬件,科技
919,QSI,医疗设备,医疗保健
920,QSEA,空壳公司,金融服务
921,QS,汽车零部件,可选消费
922,QRVO,半导体,科技
923,QRHC,废物管理,工业
924,QNTM,生物技术,医疗保健
925,QNT,软件,科技
926,QNST,广告代理,通讯服务
927,QNRX,生物技术,医疗保健
928,QNME,综合货运物流,工业
929,QNCX,生物技术,医疗保健
930,QNBC,区域性银行,金融服务
931,QMLS,软件,科技
932,QMCO,计算机硬件,科技
933,QLYS,软件,科技
934,QH,软件,科技
935,QFIN,信贷服务,金融服务
936,QETA,空壳公司,金融服务
937,QDEL,医疗设备,医疗保健
938,QCRH,区域性银行,金融服务
939,QCOM,半导体,科技
940,QCLS,计算机硬件,科技
941,QBTS,计算机硬件,科技
942,QADR,空壳公司,金融服务
943,PZZA,餐厅,可选消费
944,PYXS,生物技术,医疗保健
945,PYPL,信贷服务,金融服务
946,PYPD,生物技术,医疗保健
947,PXS,石油天然气,能源
948,PXLW,半导体,科技
949,PWP,资本市场,金融服务
950,PWCM,资本市场,金融服务
951,PVLA,生物技术,医疗保健
952,PUSA,休闲,可选消费
953,PURR,资本市场,金融服务
954,PULM,生物技术,医疗保健
955,PUBM,软件,科技
956,PTRN,软件,科技
957,PTOR,空壳公司,金融服务
958,PTON,休闲,可选消费
959,PTN,生物技术,医疗保健
960,PTLO,餐厅,可选消费
961,PTLE,专业零售,可选消费
962,PTGX,生物技术,医疗保健
963,PTEN,石油天然气钻探,能源
964,PTCT,生物技术,医疗保健
965,PTC,软件,科技
966,PTACU,空壳公司,金融服务
967,PTAC,空壳公司,金融服务
968,PSNY,汽车制造,可选消费
969,PSNL,诊断与研究,医疗保健
970,PSMT,折扣商店,必需消费
971,PSKY,娱乐,通讯服务
972,PSIX,专业工业机械,工业
973,PSIG,综合货运物流,工业
974,PSHG,海运,工业
975,PSEC,资产管理,金融服务
976,PRZO,航空航天国防,工业
977,PRVA,健康信息服务,医疗保健
978,PRTS,汽车零部件,可选消费
979,PRTH,软件,科技
980,PRTA,生物技术,医疗保健
981,PRSO,半导体,科技
982,PRQR,生物技术,医疗保健
983,PRPO,诊断与研究,医疗保健
984,PRPL,家用器具家电,可选消费
985,PROV,区域性银行,金融服务
986,PROP,石油天然气勘探生产,能源
987,PROK,生物技术,医疗保健
988,PROF,医疗设备,医疗保健
989,PRME,生物技术,医疗保健
990,PRLD,生物技术,医疗保健
991,PRHI,财产意外保险,金融服务
992,PRGS,软件,科技
993,PRFX,药品制造商,医疗保健
994,PRE,包装食品,必需消费
995,PRDO,教育培训服务,必需消费
996,PRCT,医疗设备,医疗保健
997,PRCH,财产意外保险,金融服务
998,PRAX,生物技术,医疗保健
999,PRAA,信贷服务,金融服务
1000,PPTA,贵金属采矿,基础材料
1001,PPSI,电气设备零件,工业
1002,PPLI,互联网内容信息,通讯服务
1003,PPIH,建筑产品设备,工业
1004,PPHC,咨询服务,工业
1005,PPCB,生物技术,医疗保健
1006,PPC,包装食品,必需消费
1007,PPBT,生物技术,医疗保健
1008,POWWP,航空航天国防,工业
1009,POWW,航空航天国防,工业
1010,POWL,电气设备零件,工业
1011,POWI,半导体,科技
1012,POOL,工业分销,工业
1013,PONY,信息技术服务,科技
1014,PONO,空壳公司,金融服务
1015,POM,药品零售商,医疗保健
1016,POLE,空壳公司,金融服务
1017,POLA,电气设备零件,工业
1018,POET,半导体,科技
1019,PODD,医疗设备,医疗保健
1020,PODC,互联网内容信息,通讯服务
1021,POCI,医疗仪器用品,医疗保健
1022,PNTG,医疗设施,医疗保健
1023,PNRG,石油天然气勘探生产,能源
1024,PNBK,区域性银行,金融服务
1025,PN,太阳能,科技
1026,PMVP,生物技术,医疗保健
1027,PMTS,信贷服务,金融服务
1028,PMTR,空壳公司,金融服务
1029,PMN,生物技术,医疗保健
1030,PMEC,专业商业服务,工业
1031,PMCB,生物技术,医疗保健
1032,PMAX,资本市场,金融服务
1033,PMA,工程与建筑,工业
1034,PLYX,生物技术,医疗保健
1035,PLXS,电子元件,科技
1036,PLUT,资本市场,金融服务
1037,PLUS,软件,科技
1038,PLUR,生物技术,医疗保健
1039,PLUG,电气设备零件,工业
1040,PLTR,软件,科技
1041,PLTK,电子游戏多媒体,通讯服务
1042,PLSM,医疗设备,医疗保健
1043,PLSE,医疗仪器用品,医疗保健
1044,PLRZ,生物技术,医疗保健
1045,PLRX,生物技术,医疗保健
1046,PLPC,电气设备零件,工业
1047,PLMR,财产意外保险,金融服务
1048,PLMK,空壳公司,金融服务
1049,PLCIU,空壳公司,金融服务
1050,PLCI,空壳公司,金融服务
1051,PLCE,服装制造,可选消费
1052,PLBY,休闲,可选消费
1053,PLBL,百货商店,可选消费
1054,PLBC,区域性银行,金融服务
1055,PLAY,娱乐,通讯服务
1056,PLAB,半导体设备材料,科技
1057,PKOH,专业工业机械,工业
1058,PKBK,区域性银行,金融服务
1059,PIII,医疗设施,医疗保健
1060,PICS,软件,科技
1061,PI,半导体,科技
1062,PHVS,生物技术,医疗保健
1063,PHUN,软件,科技
1064,PHOS,工业金属采矿,基础材料
1065,PHOE,工程与建筑,工业
1066,PHIO,生物技术,医疗保健
1067,PHAT,生物技术,医疗保健
1068,PHAR,生物技术,医疗保健
1069,PGY,软件,科技
1070,PGNY,医疗保险,医疗保健
1071,PGEN,生物技术,医疗保健
1072,PGC,区域性银行,金融服务
1073,PGAC,空壳公司,金融服务
1074,PFX,资产管理,金融服务
1075,PFSA,医疗设备,医疗保健
1076,PFIS,区域性银行,金融服务
1077,PFG,资产管理,金融服务
1078,PFBC,区域性银行,金融服务
1079,PFAI,农产品,必需消费
1080,PETZ,房地产,房地产
1081,PETS,药品零售商,医疗保健
1082,PESI,废物管理,工业
1083,PERI,互联网内容信息,通讯服务
1084,PEPG,生物技术,医疗保健
1085,PEP,非酒精饮料,必需消费
1086,PENN,度假村与赌场,可选消费
1087,PENG,信息技术服务,科技
1088,PEGA,软件,科技
1089,PECO,零售地产REIT,房地产
1090,PECE,空壳公司,金融服务
1091,PEBO,区域性银行,金融服务
1092,PEBK,区域性银行,金融服务
1093,PDYN,软件,科技
1094,PDSB,生物技术,医疗保健
1095,PDLB,区域性银行,金融服务
1096,PDFS,软件,科技
1097,PDEX,医疗仪器用品,医疗保健
1098,PDD,互联网零售,可选消费
1099,PDC,软件,科技
1100,PCYO,受监管水务公司,公用事业
1101,PCVX,生物技术,医疗保健
1102,PCTY,软件,科技
1103,PCT,污染处理控制,工业
1104,PCSA,生物技术,医疗保健
1105,PCRX,药品制造商,医疗保健
1106,PCLA,电信服务,通讯服务
1107,PCB,区域性银行,金融服务
1108,PCAR,农用重型机械,工业
1109,PCAPU,空壳公司,金融服务
1110,PCAP,空壳公司,金融服务
1111,PBYI,生物技术,医疗保健
1112,PBM,生物技术,医疗保健
1113,PBLS,生物技术,医疗保健
1114,PBK,可再生能源公用事业,公用事业
1115,PBHC,区域性银行,金融服务
1116,PBFS,区域性银行,金融服务
1117,PBAM,区域性银行,金融服务
1118,PAYX,软件,科技
1119,PAYS,软件,科技
1120,PAYP,软件,科技
1121,PAYO,软件,科技
1122,PAX,资产管理,金融服务
1123,PAVS,包装食品,必需消费
1124,PAVM,医疗设备,医疗保健
1125,PATK,休闲车辆,可选消费
1126,PASW,纺织制造,可选消费
1127,PASG,生物技术,医疗保健
1128,PARK,医疗设施,医疗保健
1129,PARA,软件,科技
1130,PANW,软件,科技
1131,PANL,海运,工业
1132,PAMT,卡车运输,工业
1133,PALO,空壳公司,金融服务
1134,PALI,生物技术,医疗保健
1135,PAL,综合货运物流,工业
1136,PAHC,药品制造商,医疗保健
1137,PAGP,石油天然气,能源
1138,PACHU,空壳公司,金融服务
1139,PACH,空壳公司,金融服务
1140,PACB,医疗设备,医疗保健
1141,PAACU,空壳公司,金融服务
1142,PAAC,空壳公司,金融服务
1143,PAA,石油天然气,能源
1144,OZKAP,区域性银行,金融服务
1145,OZK,区域性银行,金融服务
1146,OYSE,空壳公司,金融服务
1147,OXSQ,资产管理,金融服务
1148,OXLCO,资产管理,金融服务
1149,OXLCN,资产管理,金融服务
1150,OXBR,再保险,金融服务
1151,OWLS,软件,科技
1152,OVLY,区域性银行,金融服务
1153,OVID,生物技术,医疗保健
1154,OVBC,区域性银行,金融服务
1155,OUST,电子元件,科技
1156,OTTR,综合企业,工业
1157,OTLY,包装食品,必需消费
1158,OTLK,生物技术,医疗保健
1159,OTGA,空壳公司,金融服务
1160,OTEX,软件,科技
1161,OSW,休闲,可选消费
1162,OSUR,医疗仪器用品,医疗保健
1163,OSS,计算机硬件,科技
1164,OSPRU,空壳公司,金融服务
1165,OSPR,空壳公司,金融服务
1166,OSPN,软件,科技
1167,OSIS,电子元件,科技
1168,OSBC,区域性银行,金融服务
1169,ORRF,区域性银行,金融服务
1170,ORMP,生物技术,医疗保健
1171,ORLY,汽车零部件,可选消费
1172,ORKT,软件,科技
1173,ORKA,生物技术,医疗保健
1174,ORIQ,空壳公司,金融服务
1175,ORIO,软件,科技
1176,ORIC,生物技术,医疗保健
1177,ORGO,药品制造商,医疗保健
1178,ORBS,包装容器,可选消费
1179,OPXS,航空航天国防,工业
1180,OPTX,电子元件,科技
1181,OPTH,药品制造商,医疗保健
1182,OPRX,健康信息服务,医疗保健
1183,OPRT,信贷服务,金融服务
1184,OPRA,互联网内容信息,通讯服务
1185,OPK,诊断与研究,医疗保健
1186,OPI,办公地产REIT,房地产
1187,OPEN,房地产,房地产
1188,OPCH,医疗设施,医疗保健
1189,OPBK,区域性银行,金融服务
1190,OPAL,受监管燃气公司,公用事业
1191,ONMD,健康信息服务,医疗保健
1192,ONFO,互联网内容信息,通讯服务
1193,ONEW,专业零售,可选消费
1194,ONEG,工程与建筑,工业
1195,ONDS,通信设备,科技
1196,ONCY,生物技术,医疗保健
1197,ONCO,生物技术,医疗保健
1198,ONCHU,空壳公司,金融服务
1199,ONCH,空壳公司,金融服务
1200,ONC,生物技术,医疗保健
1201,ONBPP,区域性银行,金融服务
1202,ONBPO,区域性银行,金融服务
1203,ONB,区域性银行,金融服务
1204,ON,半导体,科技
1205,OMSE,石油天然气设备服务,能源
1206,OMH,房地产,房地产
1207,OMEX,工业金属采矿,基础材料
1208,OMER,生物技术,医疗保健
1209,OMDA,健康信息服务,医疗保健
1210,OMCL,健康信息服务,医疗保健
1211,OMAB,机场航空服务,工业
1212,OM,医疗设备,医疗保健
1213,OLOX,金属加工,工业
1214,OLMA,生物技术,医疗保健
1215,OLLI,折扣商店,必需消费
1216,OLED,电子元件,科技
1217,OLB,软件,科技
1218,OKYO,生物技术,医疗保健
1219,OKUR,生物技术,医疗保健
1220,OKTA,软件,科技
1221,OIO,废物管理,工业
1222,OIM,空壳公司,金融服务
1223,OHAC,空壳公司,金融服务
1224,OGI,药品制造商,医疗保健
1225,OFS,资产管理,金融服务
1226,OFLX,专业工业机械,工业
1227,OFIX,医疗设备,医疗保健
1228,OFAL,工程与建筑,工业
1229,OESX,电气设备零件,工业
1230,ODYS,科学技术仪器,科技
1231,ODTX,生物技术,医疗保健
1232,ODFL,卡车运输,工业
1233,ODD,家庭个人用品,必需消费
1234,OCUL,生物技术,医疗保健
1235,OCTV,软件,科技
1236,OCSL,资产管理,金融服务
1237,OCS,生物技术,医疗保健
1238,OCLTU,空壳公司,金融服务
1239,OCGN,生物技术,医疗保健
1240,OCG,互联网零售,可选消费
1241,OCFC,区域性银行,金融服务
1242,OCCIN,资产管理,金融服务
1243,OCCIM,资产管理,金融服务
1244,OCCI,资产管理,金融服务
1245,OCC,通信设备,科技
1246,OBX,生物技术,医疗保健
1247,OBT,区域性银行,金融服务
1248,OBIO,生物技术,医疗保健
1249,OBAI,软件,科技
1250,OBA,空壳公司,金融服务
1251,OACCU,空壳公司,金融服务
1252,OACC,空壳公司,金融服务
1253,OABI,生物技术,医疗保健
1254,NYXH,医疗仪器用品,医疗保健
1255,NYAX,软件,科技
1256,NXXT,可再生能源公用事业,公用事业
1257,NXTT,软件,科技
1258,NXTS,农业投入,基础材料
1259,NXTC,生物技术,医疗保健
1260,NXT,太阳能,科技
1261,NXST,广播媒体,通讯服务
1262,NXPL,软件,科技
1263,NXPI,半导体,科技
1264,NXL,医疗设备,医疗保健
1265,NXH,互联网零售,可选消费
1266,NXGL,医疗仪器用品,医疗保健
1267,NWTG,休闲,可选消费
1268,NWSA,娱乐,通讯服务
1269,NWS,娱乐,通讯服务
1270,NWPX,钢铁,基础材料
1271,NWL,家庭个人用品,必需消费
1272,NWGL,木材木制品生产,基础材料
1273,NWFL,区域性银行,金融服务
1274,NWE,受监管电力公司,公用事业
1275,NWBI,区域性银行,金融服务
1276,NVX,电气设备零件,工业
1277,NVTS,半导体,科技
1278,NVNO,医疗设备,医疗保健
1279,NVNI,软件,科技
1280,NVMI,半导体设备材料,科技
1281,NVEC,半导体,科技
1282,NVDA,半导体,科技
1283,NVCT,生物技术,医疗保健
1284,NVCR,医疗设备,医疗保健
1285,NVAX,生物技术,医疗保健
1286,NUWE,医疗设备,医疗保健
1287,NUTX,医疗设施,医疗保健
1288,NUR,通信设备,科技
1289,NUCL,铀业,能源
1290,NUAI,软件,科技
1291,NTWOU,空壳公司,金融服务
1292,NTWO,空壳公司,金融服务
1293,NTWK,软件,科技
1294,NTSK,软件,科技
1295,NTRSO,资产管理,金融服务
1296,NTRS,资产管理,金融服务
1297,NTRP,旅行服务,可选消费
1298,NTRB,生物技术,医疗保健
1299,NTRA,诊断与研究,医疗保健
1300,NTNX,软件,科技
1301,NTLA,生物技术,医疗保健
1302,NTIC,专业化学品,基础材料
1303,NTHI,生物技术,医疗保健
1304,NTGR,通信设备,科技
1305,NTES,电子游戏多媒体,通讯服务
1306,NTCT,软件,科技
1307,NTCL,软件,科技
1308,NTAP,软件,科技
1309,NSYS,医疗设备,医疗保健
1310,NSTS,区域性银行,金融服务
1311,NSSC,安保服务,工业
1312,NSPR,医疗设备,医疗保健
1313,NSLR,资产管理,金融服务
1314,NSIT,电子计算机分销,科技
1315,NSAIU,空壳公司,金融服务
1316,NRXP,生物技术,医疗保健
1317,NRSN,生物技术,医疗保健
1318,NRIX,生物技术,医疗保健
1319,NRIM,区域性银行,金融服务
1320,NRDS,互联网内容信息,通讯服务
1321,NRC,健康信息服务,医疗保健
1322,NPT,专业零售,可选消费
1323,NPCE,医疗设备,医疗保健
1324,NPAC,空壳公司,金融服务
1325,NOVTU,科学技术仪器,科技
1326,NOVT,科学技术仪器,科技
1327,NOMA,休闲,可选消费
1328,NOEM,空壳公司,金融服务
1329,NODK,财产意外保险,金融服务
1330,NNOX,医疗设备,医疗保健
1331,NNNN,医疗仪器用品,医疗保健
1332,NNE,专业工业机械,工业
1333,NNDM,计算机硬件,科技
1334,NNBR,综合企业,工业
1335,NN,软件,科技
1336,NMTC,医疗设备,医疗保健
1337,NMRK,房地产,房地产
1338,NMRA,生物技术,医疗保健
1339,NMP,空壳公司,金融服务
1340,NMIH,专业保险,金融服务
1341,NMFC,资产管理,金融服务
1342,NMAD,电气设备零件,工业
1343,NKTX,生物技术,医疗保健
1344,NKTR,生物技术,医疗保健
1345,NKSH,区域性银行,金融服务
1346,NKLR,受监管电力公司,公用事业
1347,NIXX,电信服务,通讯服务
1348,NIVF,医疗设施,医疗保健
1349,NIU,汽车制造,可选消费
1350,NIPG,娱乐,通讯服务
1351,NIKI,生物技术,医疗保健
1352,NICM,工业金属采矿,基础材料
1353,NICE,软件,科技
1354,NHTC,互联网零售,可选消费
1355,NHPBP,医疗保健地产REIT,房地产
1356,NHPAP,医疗保健地产REIT,房地产
1357,NHP,医疗保健地产REIT,房地产
1358,NHIV,空壳公司,金融服务
1359,NGNE,生物技术,医疗保健
1360,NGEN,生物技术,医疗保健
1361,NFLX,娱乐,通讯服务
1362,NFE,石油天然气,能源
1363,NEXT,石油天然气设备服务,能源
1364,NEXR,互联网零售,可选消费
1365,NEXN,广告代理,通讯服务
1366,NEXM,工业金属采矿,基础材料
1367,NEWTP,区域性银行,金融服务
1368,NEWT,区域性银行,金融服务
1369,NEUP,生物技术,医疗保健
1370,NESR,石油天然气设备服务,能源
1371,NERV,生物技术,医疗保健
1372,NEPH,医疗仪器用品,医疗保健
1373,NEOV,电气设备零件,工业
1374,NEON,电子元件,科技
1375,NEOG,医疗设备,医疗保健
1376,NEO,诊断与研究,医疗保健
1377,NEGG,互联网零售,可选消费
1378,NECB,区域性银行,金融服务
1379,NDSN,专业工业机械,工业
1380,NDRA,诊断与研究,医疗保健
1381,NDLS,餐厅,可选消费
1382,NDAQ,金融证券交易所,金融服务
1383,NCTY,资本市场,金融服务
1384,NCT,海运,工业
1385,NCSM,石油天然气设备服务,能源
1386,NCRA,包装食品,必需消费
1387,NCPL,资本市场,金融服务
1388,NCO,空壳公司,金融服务
1389,NCNO,软件,科技
1390,NCNA,生物技术,医疗保健
1391,NCMI,广告代理,通讯服务
1392,NCI,服装制造,可选消费
1393,NCEW,综合货运物流,工业
1394,NCEL,生物技术,医疗保健
1395,NBTX,生物技术,医疗保健
1396,NBTB,区域性银行,金融服务
1397,NBRGU,空壳公司,金融服务
1398,NBRG,空壳公司,金融服务
1399,NBP,生物技术,医疗保健
1400,NBN,区域性银行,金融服务
1401,NBIX,药品制造商,医疗保健
1402,NBIS,互联网内容信息,通讯服务
1403,NBBK,区域性银行,金融服务
1404,NB,工业金属采矿,基础材料
1405,NAVN,软件,科技
1406,NAVI,信贷服务,金融服务
1407,NAUT,生物技术,医疗保健
1408,NATR,包装食品,必需消费
1409,NATH,餐厅,可选消费
1410,NAMS,生物技术,医疗保健
1411,NAMM,黄金,基础材料
1412,NAMI,互联网内容信息,通讯服务
1413,NAKA,资本市场,金融服务
1414,NAII,包装食品,必需消费
1415,NAGE,生物技术,医疗保健
1416,NAAS,专业零售,可选消费
1417,MZTI,包装食品,必需消费
1418,MYXXU,空壳公司,金融服务
1419,MYX,空壳公司,金融服务
1420,MYSZ,服装零售,可选消费
1421,MYSE,软件,科技
1422,MYRG,工程与建筑,工业
1423,MYPS,电子游戏多媒体,通讯服务
1424,MYGN,诊断与研究,医疗保健
1425,MYFW,区域性银行,金融服务
1426,MXL,半导体,科技
1427,MXCT,医疗设备,医疗保健
1428,MWYN,家用器具家电,可选消费
1429,MWH,可再生能源公用事业,公用事业
1430,MWC,汽车零部件,可选消费
1431,MVST,汽车零部件,可选消费
1432,MVIS,科学技术仪器,科技
1433,MVBF,区域性银行,金融服务
1434,MUZE,空壳公司,金融服务
1435,MU,半导体,科技
1436,MTVA,生物技术,医疗保健
1437,MTSI,半导体,科技
1438,MTRX,工程与建筑,工业
1439,MTLS,软件,科技
1440,MTEX,食品分销,必需消费
1441,MTEN,金属加工,工业
1442,MTEK,电子元件,科技
1443,MTCH,互联网内容信息,通讯服务
1444,MTC,资本市场,金融服务
1445,MTAKU,空壳公司,金融服务
1446,MSTR,软件,科技
1447,MSS,杂货店,必需消费
1448,MSLE,生物技术,医疗保健
1449,MSGY,工程与建筑,工业
1450,MSGM,电子游戏多媒体,通讯服务
1451,MSFT,软件,科技
1452,MSEX,受监管水务公司,公用事业
1453,MSBIP,区域性银行,金融服务
1454,MSBI,区域性银行,金融服务
1455,MSAI,电子元件,科技
1456,MRX,资本市场,金融服务
1457,MRVL,半导体,科技
1458,MRVI,生物技术,医疗保健
1459,MRTN,卡车运输,工业
1460,MRNO,房地产,房地产
1461,MRNA,生物技术,医疗保健
1462,MRM,个人服务,可选消费
1463,MRLN,航空航天国防,工业
1464,MRKR,生物技术,医疗保健
1465,MREO,生物技术,医疗保健
1466,MRDN,博彩,可选消费
1467,MRCY,航空航天国防,工业
1468,MRCOU,空壳公司,金融服务
1469,MRCO,空壳公司,金融服务
1470,MRBK,区域性银行,金融服务
1471,MRAM,半导体,科技
1472,MQ,软件,科技
1473,MPWR,半导体,科技
1474,MPLT,生物技术,医疗保健
1475,MPB,区域性银行,金融服务
1476,MPAA,汽车零部件,可选消费
1477,MOVE,软件,科技
1478,MORN,金融证券交易所,金融服务
1479,MOMO,互联网内容信息,通讯服务
1480,MOLN,生物技术,医疗保健
1481,MODD,医疗设备,医疗保健
1482,MOBX,半导体,科技
1483,MOBI,医疗设备,医疗保健
1484,MOB,航空航天国防,工业
1485,MNY,互联网内容信息,通讯服务
1486,MNTS,航空航天国防,工业
1487,MNTK,专业化学品,基础材料
1488,MNST,非酒精饮料,必需消费
1489,MNSBP,区域性银行,金融服务
1490,MNSB,区域性银行,金融服务
1491,MNRO,汽车零部件,可选消费
1492,MNPR,生物技术,医疗保健
1493,MNOV,生物技术,医疗保健
1494,MNKD,生物技术,医疗保健
1495,MNDY,软件,科技
1496,MNDR,健康信息服务,医疗保健
1497,MNDO,软件,科技
1498,MMYT,旅行服务,可选消费
1499,MMTX,空壳公司,金融服务
1500,MMSI,医疗仪器用品,医疗保健
1501,MMLP,石油天然气,能源
1502,MMED,医疗仪器用品,医疗保健
1503,MLYS,生物技术,医疗保健
1504,MLTX,生物技术,医疗保健
1505,MLKN,家用器具家电,可选消费
1506,MLGO,软件,科技
1507,MLEC,生物技术,医疗保健
1508,MLCO,度假村与赌场,可选消费
1509,MLCI,资产管理,金融服务
1510,MLAB,科学技术仪器,科技
1511,MLAA,空壳公司,金融服务
1512,MKZR,多元化地产REIT,房地产
1513,MKTX,资本市场,金融服务
1514,MKTW,金融证券交易所,金融服务
1515,MKSI,科学技术仪器,科技
1516,MKLYU,空壳公司,金融服务
1517,MKLY,空壳公司,金融服务
1518,MKDW,汽车零部件,可选消费
1519,MITK,软件,科技
1520,MIST,生物技术,医疗保健
1521,MIRM,生物技术,医疗保健
1522,MIRA,药品制造商,医疗保健
1523,MIND,科学技术仪器,科技
1524,MIMI,工程与建筑,工业
1525,MIDD,专业工业机械,工业
1526,MIACU,空壳公司,金融服务
1527,MIAC,空壳公司,金融服务
1528,MGYR,区域性银行,金融服务
1529,MGX,生物技术,医疗保健
1530,MGTX,生物技术,医疗保健
1531,MGRX,健康信息服务,医疗保健
1532,MGRT,信息技术服务,科技
1533,MGRC,租赁服务,工业
1534,MGPI,酒庄与酿酒厂,必需消费
1535,MGNX,生物技术,医疗保健
1536,MGNI,广告代理,通讯服务
1537,MGN,工程与建筑,工业
1538,MGIH,包装容器,可选消费
1539,MGEE,受监管电力公司,公用事业
1540,MFP,专业工业机械,工业
1541,MFIN,信贷服务,金融服务
1542,MFIC,资产管理,金融服务
1543,MFI,软件,科技
1544,MF,广告代理,通讯服务
1545,MEVO,空壳公司,金融服务
1546,METCB,焦煤,基础材料
1547,METC,焦煤,基础材料
1548,META,互联网内容信息,通讯服务
1549,MESO,生物技术,医疗保健
1550,MESHU,空壳公司,金融服务
1551,MESH,空壳公司,金融服务
1552,MERC,纸制品,基础材料
1553,MEOH,化学品,基础材料
1554,MENS,生物技术,医疗保健
1555,MELI,互联网零售,可选消费
1556,MEGL,资本市场,金融服务
1557,MEDS,医疗分销,医疗保健
1558,MEDP,诊断与研究,医疗保健
1559,MDXH,诊断与研究,医疗保健
1560,MDXG,生物技术,医疗保健
1561,MDWD,生物技术,医疗保健
1562,MDRR,房地产,房地产
1563,MDLZ,糖果制造,必需消费
1564,MDLN,医疗仪器用品,医疗保健
1565,MDIA,广播媒体,通讯服务
1566,MDGL,生物技术,医疗保健
1567,MDCX,药品制造商,医疗保健
1568,MDBH,资本市场,金融服务
1569,MDB,软件,科技
1570,MDAI,医疗设备,医疗保健
1571,MCRI,度假村与赌场,可选消费
1572,MCRB,生物技术,医疗保健
1573,MCHX,广告代理,通讯服务
1574,MCHPP,半导体,科技
1575,MCHP,半导体,科技
1576,MCHB,区域性银行,金融服务
1577,MCGAU,空壳公司,金融服务
1578,MCGA,空壳公司,金融服务
1579,MCFT,休闲车辆,可选消费
1580,MCBS,区域性银行,金融服务
1581,MCAH,空壳公司,金融服务
1582,MBX,生物技术,医疗保健
1583,MBWM,区域性银行,金融服务
1584,MBVI,空壳公司,金融服务
1585,MBUU,休闲车辆,可选消费
1586,MBRX,生物技术,医疗保健
1587,MBOT,医疗设备,医疗保健
1588,MBNKO,区域性银行,金融服务
1589,MBLY,汽车零部件,可选消费
1590,MBIO,生物技术,医疗保健
1591,MBINN,区域性银行,金融服务
1592,MBINM,区域性银行,金融服务
1593,MBINL,区域性银行,金融服务
1594,MBIN,区域性银行,金融服务
1595,MBBC,区域性银行,金融服务
1596,MBAI,诊断与研究,医疗保健
1597,MB,餐厅,可选消费
1598,MAZE,生物技术,医疗保健
1599,MAYS,房地产,房地产
1600,MATW,综合企业,工业
1601,MATH,资本市场,金融服务
1602,MAT,休闲,可选消费
1603,MASS,医疗设备,医疗保健
1604,MASK,软件,科技
1605,MARPS,石油天然气,能源
1606,MARA,资本市场,金融服务
1607,MAR,住宿,可选消费
1608,MANH,软件,科技
1609,MAMO,休闲车辆,可选消费
1610,MAMA,包装食品,必需消费
1611,MAKO,黄金,基础材料
1612,MACI,空壳公司,金融服务
1613,MAAS,资产管理,金融服务
1614,LZMH,信息技术服务,科技
1615,LZ,专业商业服务,工业
1616,LYTS,电子元件,科技
1617,LYFT,软件,科技
1618,LYEL,生物技术,医疗保健
1619,LXRX,生物技术,医疗保健
1620,LXEO,生物技术,医疗保健
1621,LXEH,教育培训服务,必需消费
1622,LX,信贷服务,金融服务
1623,LWLG,专业化学品,基础材料
1624,LWAY,包装食品,必需消费
1625,LWAC,空壳公司,金融服务
1626,LVO,互联网内容信息,通讯服务
1627,LVLU,服装零售,可选消费
1628,LUNR,航空航天国防,工业
1629,LUNG,医疗设备,医疗保健
1630,LULU,服装零售,可选消费
1631,LUCY,医疗仪器用品,医疗保健
1632,LUCD,医疗设备,医疗保健
1633,LTRX,通信设备,科技
1634,LTRN,生物技术,医疗保健
1635,LTGRU,空壳公司,金融服务
1636,LTGR,空壳公司,金融服务
1637,LTGO,生物技术,医疗保健
1638,LTBR,电气设备零件,工业
1639,LSTR,综合货运物流,工业
1640,LSTA,生物技术,医疗保健
1641,LSE,石油天然气设备服务,能源
1642,LSCC,半导体,科技
1643,LSBK,区域性银行,金融服务
1644,LSAK,软件,科技
1645,LRMR,生物技术,医疗保健
1646,LRHC,房地产,房地产
1647,LRE,房地产,房地产
1648,LRCX,半导体设备材料,科技
1649,LQDT,互联网零售,可选消费
1650,LQDA,药品制造商,医疗保健
1651,LPTH,电子元件,科技
1652,LPSN,软件,科技
1653,LPLA,资本市场,金融服务
1654,LPCVU,空壳公司,金融服务
1655,LPCV,空壳公司,金融服务
1656,LPCN,生物技术,医疗保健
1657,LPBB,空壳公司,金融服务
1658,LPAA,空壳公司,金融服务
1659,LOVE,家用器具家电,可选消费
1660,LOT,汽车制造,可选消费
1661,LOPE,教育培训服务,必需消费
1662,LOOP,专业化学品,基础材料
1663,LONA,生物技术,医疗保健
1664,LOGI,计算机硬件,科技
1665,LOCO,餐厅,可选消费
1666,LOBO,汽车制造,可选消费
1667,LOAN,抵押贷款REIT,房地产
1668,LNZA,废物管理,工业
1669,LNTH,药品制造商,医疗保健
1670,LNT,受监管电力公司,公用事业
1671,LNSR,医疗设备,医疗保健
1672,LNKS,电气设备零件,工业
1673,LNAI,生物技术,医疗保健
1674,LMRI,医疗设备,医疗保健
1675,LMNR,农产品,必需消费
1676,LMB,建筑产品设备,工业
1677,LMAT,医疗仪器用品,医疗保健
1678,LLYVK,娱乐,通讯服务
1679,LLYVA,娱乐,通讯服务
1680,LKSP,空壳公司,金融服务
1681,LKQ,汽车零部件,可选消费
1682,LKFT,生物技术,医疗保健
1683,LKFN,区域性银行,金融服务
1684,LIVN,医疗设备,医疗保健
1685,LIVE,家居改善零售,可选消费
1686,LITS,生物技术,医疗保健
1687,LITE,通信设备,科技
1688,LIQT,污染处理控制,工业
1689,LINK,电子元件,科技
1690,LINE,工业地产REIT,房地产
1691,LIND,旅行服务,可选消费
1692,LINC,教育培训服务,必需消费
1693,LIN,专业化学品,基础材料
1694,LIMN,生物技术,医疗保健
1695,LIME,租赁服务,工业
1696,LILAP,电信服务,通讯服务
1697,LILAK,电信服务,通讯服务
1698,LILA,电信服务,通讯服务
1699,LIFE,保险经纪,金融服务
1700,LIF,软件,科技
1701,LIEN,资产管理,金融服务
1702,LIDR,软件,科技
1703,LICN,专业商业服务,工业
1704,LI,汽车制造,可选消费
1705,LHSW,软件,科技
1706,LHAI,房地产,房地产
1707,LGVN,生物技术,医疗保健
1708,LGO,工业金属采矿,基础材料
1709,LGND,生物技术,医疗保健
1710,LGN,工程与建筑,工业
1711,LGIH,住宅建筑,可选消费
1712,LGHL,资本市场,金融服务
1713,LGCL,软件,科技
1714,LFWD,医疗设备,医疗保健
1715,LFVN,包装食品,必需消费
1716,LFUS,电子元件,科技
1717,LFTO,广告代理,通讯服务
1718,LFST,医疗设施,医疗保健
1719,LFS,娱乐,通讯服务
1720,LFMDP,健康信息服务,医疗保健
1721,LFMD,健康信息服务,医疗保健
1722,LFCR,药品制造商,医疗保健
1723,LFAC,空壳公司,金融服务
1724,LEXX,生物技术,医疗保健
1725,LESL,专业零售,可选消费
1726,LENZ,生物技术,医疗保健
1727,LEGN,生物技术,医疗保健
1728,LEGH,住宅建筑,可选消费
1729,LEE,出版,通讯服务
1730,LEDS,半导体,科技
1731,LECO,工具与配件,工业
1732,LE,服装零售,可选消费
1733,LCUT,家用器具家电,可选消费
1734,LCNB,区域性银行,金融服务
1735,LCID,汽车制造,可选消费
1736,LCFY,互联网内容信息,通讯服务
1737,LCCC,空壳公司,金融服务
1738,LBTYK,电信服务,通讯服务
1739,LBTYB,电信服务,通讯服务
1740,LBTYA,电信服务,通讯服务
1741,LBRX,生物技术,医疗保健
1742,LBGJ,专业工业机械,工业
1743,LAUR,教育培训服务,必需消费
1744,LATA,空壳公司,金融服务
1745,LASR,半导体,科技
1746,LASE,专业工业机械,工业
1747,LARK,区域性银行,金融服务
1748,LANDP,特殊品类REIT,房地产
1749,LANDO,特殊品类REIT,房地产
1750,LAND,特殊品类REIT,房地产
1751,LAMR,特殊品类REIT,房地产
1752,LAKE,服装制造,可选消费
1753,LAFA,空壳公司,金融服务
1754,LAES,半导体,科技
1755,LABT,生物技术,医疗保健
1756,LAB,医疗设备,医疗保健
1757,KZIA,生物技术,医疗保健
1758,KYTX,生物技术,医疗保健
1759,KYNB,生物技术,医疗保健
1760,KYMR,生物技术,医疗保健
1761,KYIV,电信服务,通讯服务
1762,KXIN,汽车卡车经销,可选消费
1763,KWM,娱乐,通讯服务
1764,KVHI,电信服务,通讯服务
1765,KUST,娱乐,通讯服务
1766,KURA,生物技术,医疗保健
1767,KTWO,空壳公司,金融服务
1768,KTTA,生物技术,医疗保健
1769,KTOS,航空航天国防,工业
1770,KTCC,计算机硬件,科技
1771,KSPI,软件,科技
1772,KSCP,安保服务,工业
1773,KRYS,生物技术,医疗保健
1774,KRUS,餐厅,可选消费
1775,KRT,包装容器,可选消费
1776,KRRO,生物技术,医疗保健
1777,KROS,生物技术,医疗保健
1778,KRNY,区域性银行,金融服务
1779,KRNT,专业工业机械,工业
1780,KRMD,医疗仪器用品,医疗保健
1781,KRKR,广告代理,通讯服务
1782,KRAQU,空壳公司,金融服务
1783,KRAQ,空壳公司,金融服务
1784,KPTI,生物技术,医疗保健
1785,KPRX,生物技术,医疗保健
1786,KPLT,软件,科技
1787,KOYNU,空壳公司,金融服务
1788,KOYN,空壳公司,金融服务
1789,KOSS,消费电子,科技
1790,KOPN,电子元件,科技
1791,KOD,生物技术,医疗保健
1792,KNSA,药品制造商,医疗保健
1793,KNDI,休闲车辆,可选消费
1794,KMTS,医疗仪器用品,医疗保健
1795,KMRK,休闲,可选消费
1796,KMDA,药品制造商,医疗保健
1797,KMB,家庭个人用品,必需消费
1798,KLXE,石油天然气设备服务,能源
1799,KLTR,软件,科技
1800,KLRS,生物技术,医疗保健
1801,KLRA,生物技术,医疗保健
1802,KLIC,半导体设备材料,科技
1803,KLAC,半导体设备材料,科技
1804,KITT,航空航天国防,工业
1805,KINS,财产意外保险,金融服务
1806,KIDZ,教育培训服务,必需消费
1807,KIDS,医疗设备,医疗保健
1808,KHC,包装食品,必需消费
1809,KGEI,石油天然气勘探生产,能源
1810,KG,再保险,金融服务
1811,KFII,空壳公司,金融服务
1812,KFFB,区域性银行,金融服务
1813,KEYY,空壳公司,金融服务
1814,KEQU,家用器具家电,可选消费
1815,KELYB,人力资源就业服务,工业
1816,KELYA,人力资源就业服务,工业
1817,KEEL,信息技术服务,科技
1818,KE,电气设备零件,工业
1819,KDP,非酒精饮料,必需消费
1820,KDK,软件,科技
1821,KCHVU,空壳公司,金融服务
1822,KCHV,空壳公司,金融服务
1823,KC,软件,科技
1824,KBSX,休闲,可选消费
1825,KBONU,空壳公司,金融服务
1826,KBON,空壳公司,金融服务
1827,KAZR,工程与建筑,工业
1828,KARO,软件,科技
1829,KARD,生物技术,医疗保健
1830,KALU,铝业,基础材料
1831,KALA,生物技术,医疗保健
1832,JZXN,汽车卡车经销,可选消费
1833,JZ,信息技术服务,科技
1834,JYNT,医疗设施,医疗保健
1835,JYD,综合货运物流,工业
1836,JXG,服装制造,可选消费
1837,JWEL,互联网零售,可选消费
1838,JVA,包装食品,必需消费
1839,JUNS,生物技术,医疗保健
1840,JTAI,软件,科技
1841,JSPR,生物技术,医疗保健
1842,JRVR,专业保险,金融服务
1843,JRSH,服装制造,可选消费
1844,JOYY,互联网内容信息,通讯服务
1845,JOUT,休闲,可选消费
1846,JMSB,区域性银行,金融服务
1847,JLHL,建筑产品设备,工业
1848,JL,服装制造,可选消费
1849,JKHY,信息技术服务,科技
1850,JJSF,包装食品,必需消费
1851,JG,软件,科技
1852,JFU,信息技术服务,科技
1853,JFIN,信贷服务,金融服务
1854,JFB,房地产,房地产
1855,JF,信贷服务,金融服务
1856,JEM,服装零售,可选消费
1857,JDZG,教育培训服务,必需消费
1858,JD,互联网零售,可选消费
1859,JCTC,木材木制品生产,基础材料
1860,JCSE,专业工业机械,工业
1861,JCAP,信贷服务,金融服务
1862,JBSS,包装食品,必需消费
1863,JBLU,航空公司,工业
1864,JBIO,生物技术,医疗保健
1865,JBHT,综合货运物流,工业
1866,JBDI,专业零售,可选消费
1867,JAZZ,生物技术,医疗保健
1868,JATT,空壳公司,金融服务
1869,JANX,生物技术,医疗保健
1870,JAKK,休闲,可选消费
1871,JAGX,生物技术,医疗保健
1872,JACK,餐厅,可选消费
1873,JABRU,空壳公司,金融服务
1874,JAB,空壳公司,金融服务
1875,IZM,电子计算机分销,科技
1876,IZEA,广告代理,通讯服务
1877,IXHL,药品制造商,医疗保健
1878,IVVD,生物技术,医疗保健
1879,IVF,医疗设备,医疗保健
1880,IVDA,安保服务,工业
1881,IVA,生物技术,医疗保健
1882,ITRN,科学技术仪器,科技
1883,ITRI,科学技术仪器,科技
1884,ITOC,医疗设备,医疗保健
1885,ITIC,专业保险,金融服务
1886,ITHAU,空壳公司,金融服务
1887,ITHA,空壳公司,金融服务
1888,ITG,工程与建筑,工业
1889,ISTR,区域性银行,金融服务
1890,ISRG,医疗仪器用品,医疗保健
1891,ISPR,烟草,必需消费
1892,ISPC,诊断与研究,医疗保健
1893,ISNRU,空壳公司,金融服务
1894,ISNR,空壳公司,金融服务
1895,ISBA,区域性银行,金融服务
1896,IRWD,药品制造商,医疗保健
1897,IRTC,医疗设备,医疗保健
1898,IRON,生物技术,医疗保健
1899,IRMD,医疗设备,医疗保健
1900,IRIX,医疗设备,医疗保健
1901,IRHO,空壳公司,金融服务
1902,IREN,资本市场,金融服务
1903,IRDM,电信服务,通讯服务
1904,IRD,生物技术,医疗保健
1905,IQST,电信服务,通讯服务
1906,IQMX,计算机硬件,科技
1907,IQ,娱乐,通讯服务
1908,IPX,工业金属采矿,基础材料
1909,IPWR,半导体,科技
1910,IPW,互联网零售,可选消费
1911,IPVVU,空壳公司,金融服务
1912,IPVV,空壳公司,金融服务
1913,IPST,资本市场,金融服务
1914,IPSC,生物技术,医疗保健
1915,IPM,软件,科技
1916,IPHA,生物技术,医疗保健
1917,IPGP,半导体设备材料,科技
1918,IPFXU,空壳公司,金融服务
1919,IPFX,空壳公司,金融服务
1920,IPEXU,空壳公司,金融服务
1921,IPEX,空壳公司,金融服务
1922,IPDN,人力资源就业服务,工业
1923,IPAR,家庭个人用品,必需消费
1924,IOVA,生物技术,医疗保健
1925,IOTR,电信服务,通讯服务
1926,IOSP,专业化学品,基础材料
1927,IONS,生物技术,医疗保健
1928,IONR,工业金属采矿,基础材料
1929,IOND,资本市场,金融服务
1930,INVZ,汽车零部件,可选消费
1931,INVE,建筑产品设备,工业
1932,INVA,生物技术,医疗保健
1933,INV,资产管理,金融服务
1934,INTZ,软件,科技
1935,INTU,软件,科技
1936,INTS,生物技术,医疗保健
1937,INTR,区域性银行,金融服务
1938,INTJ,咨询服务,工业
1939,INTG,住宿,可选消费
1940,INTC,半导体,科技
1941,INTA,软件,科技
1942,INSM,生物技术,医疗保健
1943,INSG,通信设备,科技
1944,INSE,博彩,可选消费
1945,INOD,信息技术服务,科技
1946,INO,生物技术,医疗保健
1947,INNV,医疗设施,医疗保健
1948,INMD,医疗设备,医疗保健
1949,INMB,生物技术,医疗保健
1950,INM,药品制造商,医疗保健
1951,INLF,专业工业机械,工业
1952,INKT,生物技术,医疗保健
1953,INIO,专业工业机械,工业
1954,INHD,钢铁,基础材料
1955,INGN,医疗设备,医疗保健
1956,INEO,汽车零部件,可选消费
1957,INDV,药品制造商,医疗保健
1958,INDP,生物技术,医疗保健
1959,INDI,半导体,科技
1960,INDB,区域性银行,金融服务
1961,INCY,生物技术,医疗保健
1962,INCR,药品制造商,医疗保健
1963,INBX,生物技术,医疗保健
1964,INBS,医疗设备,医疗保健
1965,INBK,区域性银行,金融服务
1966,INAC,空壳公司,金融服务
1967,INAB,生物技术,医疗保健
1968,IMXI,软件,科技
1969,IMVT,生物技术,医疗保健
1970,IMUX,生物技术,医疗保健
1971,IMTX,生物技术,医疗保健
1972,IMTE,电子元件,科技
1973,IMSR,受监管电力公司,公用事业
1974,IMRX,生物技术,医疗保健
1975,IMRN,生物技术,医疗保健
1976,IMPPP,石油天然气,能源
1977,IMPP,石油天然气,能源
1978,IMOS,半导体,科技
1979,IMNN,生物技术,医疗保健
1980,IMNM,生物技术,医疗保健
1981,IMMX,生物技术,医疗保健
1982,IMMR,软件,科技
1983,IMMP,生物技术,医疗保健
1984,IMKTA,杂货店,必需消费
1985,IMDX,诊断与研究,医疗保健
1986,IMCR,生物技术,医疗保健
1987,IMCC,药品制造商,医疗保健
1988,IMA,生物技术,医疗保健
1989,ILPT,工业地产REIT,房地产
1990,ILMN,诊断与研究,医疗保健
1991,ILLU,空壳公司,金融服务
1992,ILLR,软件,科技
1993,ILAG,建筑产品设备,工业
1994,IKT,生物技术,医疗保健
1995,IIIV,软件,科技
1996,III,信息技术服务,科技
1997,IHRT,广播媒体,通讯服务
1998,IGIC,多元化保险,金融服务
1999,IGAC,空壳公司,金融服务
2000,IFRX,生物技术,医疗保健
2001,IFBD,软件,科技
2002,IESC,工程与建筑,工业
2003,IEP,石油天然气炼制销售,能源
2004,IEAGU,空壳公司,金融服务
2005,IEAG,空壳公司,金融服务
2006,IDYA,生物技术,医疗保健
2007,IDXX,诊断与研究,医疗保健
2008,IDN,软件,科技
2009,IDCC,软件,科技
2010,IDAI,软件,科技
2011,IDACU,空壳公司,金融服务
2012,IDAC,空壳公司,金融服务
2013,ICUI,医疗仪器用品,医疗保健
2014,ICU,生物技术,医疗保健
2015,ICON,海运,工业
2016,ICMB,资产管理,金融服务
2017,ICLR,诊断与研究,医疗保健
2018,ICHR,半导体设备材料,科技
2019,ICG,半导体,科技
2020,ICFI,咨询服务,工业
2021,ICCM,医疗设备,医疗保健
2022,ICCC,生物技术,医疗保健
2023,IBRX,生物技术,医疗保健
2024,IBOC,区域性银行,金融服务
2025,IBKR,资本市场,金融服务
2026,IBIO,生物技术,医疗保健
2027,IBG,酒庄与酿酒厂,必需消费
2028,IBEX,信息技术服务,科技
2029,IBCP,区域性银行,金融服务
2030,IBAC,空壳公司,金融服务
2031,IART,医疗设备,医疗保健
2032,IACQU,空壳公司,金融服务
2033,IACQ,空壳公司,金融服务
2034,IACO,空壳公司,金融服务
2035,IA,航空航天国防,工业
2036,HYPR,医疗设备,医疗保健
2037,HYPD,生物技术,医疗保健
2038,HYNE,区域性银行,金融服务
2039,HYMC,黄金,基础材料
2040,HYFT,生物技术,医疗保健
2041,HYFM,农用重型机械,工业
2042,HXHX,综合货运物流,工业
2043,HWKN,专业化学品,基础材料
2044,HWH,餐厅,可选消费
2045,HWC,区域性银行,金融服务
2046,HWBK,区域性银行,金融服务
2047,HVMC,空壳公司,金融服务
2048,HVII,空壳公司,金融服务
2049,HUT,资本市场,金融服务
2050,HURN,咨询服务,工业
2051,HURC,专业工业机械,工业
2052,HURA,生物技术,医疗保健
2053,HUMA,生物技术,医疗保健
2054,HUIZ,保险经纪,金融服务
2055,HUHU,专业工业机械,工业
2056,HUDI,钢铁,基础材料
2057,HUBG,综合货运物流,工业
2058,HUBC,软件,科技
2059,HTZ,租赁服务,工业
2060,HTOO,可再生能源公用事业,公用事业
2061,HTO,受监管水务公司,公用事业
2062,HTLM,专业零售,可选消费
2063,HTLD,卡车运输,工业
2064,HTHT,住宿,可选消费
2065,HTFL,健康信息服务,医疗保健
2066,HTCR,软件,科技
2067,HTCO,海运,工业
2068,HSTM,健康信息服务,医疗保健
2069,HST,酒店汽车旅馆REIT,房地产
2070,HSIC,医疗分销,医疗保健
2071,HSDT,资产管理,金融服务
2072,HSCS,医疗设备,医疗保健
2073,HSAI,汽车零部件,可选消费
2074,HRZN,资产管理,金融服务
2075,HRTX,生物技术,医疗保健
2076,HROW,药品制造商,医疗保健
2077,HRMY,生物技术,医疗保健
2078,HQY,健康信息服务,医疗保健
2079,HQI,人力资源就业服务,工业
2080,HQ,软件,科技
2081,HPK,石油天然气勘探生产,能源
2082,HPAI,软件,科技
2083,HOWL,生物技术,医疗保健
2084,HOVR,航空航天国防,工业
2085,HOUR,互联网零售,可选消费
2086,HOPE,区域性银行,金融服务
2087,HOOD,资本市场,金融服务
2088,HONA,航空航天国防,工业
2089,HON,综合企业,工业
2090,HOLO,软件,科技
2091,HOFT,家用器具家电,可选消费
2092,HODO,软件,科技
2093,HNVR,区域性银行,金融服务
2094,HNST,家庭个人用品,必需消费
2095,HNRG,独立发电商,公用事业
2096,HNNA,资产管理,金融服务
2097,HMR,海运,工业
2098,HMH,石油天然气设备服务,能源
2099,HLXC,空壳公司,金融服务
2100,HLP,钢铁,基础材料
2101,HLNE,资产管理,金融服务
2102,HLMN,工具与配件,工业
2103,HLIT,通信设备,科技
2104,HKPD,医疗分销,医疗保健
2105,HKIT,信息技术服务,科技
2106,HIVE,资本市场,金融服务
2107,HITI,药品零售商,医疗保健
2108,HIT,软件,科技
2109,HIND,生物技术,医疗保健
2110,HIMX,半导体,科技
2111,HIHO,金属加工,工业
2112,HIFS,区域性银行,金融服务
2113,HHS,综合企业,工业
2114,HGBL,资本市场,金融服务
2115,HFWA,区域性银行,金融服务
2116,HFFG,食品分销,必需消费
2117,HFBL,区域性银行,金融服务
2118,HERE,休闲,可选消费
2119,HEPS,互联网零售,可选消费
2120,HELP,生物技术,医疗保健
2121,HELE,家庭个人用品,必需消费
2122,HDSN,专业化学品,基础材料
2123,HDRN,专业工业机械,工业
2124,HDL,餐厅,可选消费
2125,HCWB,生物技术,医疗保健
2126,HCTI,健康信息服务,医疗保健
2127,HCSG,医疗设施,医疗保健
2128,HCMAU,空壳公司,金融服务
2129,HCMA,空壳公司,金融服务
2130,HCM,药品制造商,医疗保健
2131,HCKT,信息技术服务,科技
2132,HCIC,空壳公司,金融服务
2133,HCAT,健康信息服务,医疗保健
2134,HCAI,农用重型机械,工业
2135,HCACU,空壳公司,金融服务
2136,HCAC,空壳公司,金融服务
2137,HBT,区域性银行,金融服务
2138,HBNC,区域性银行,金融服务
2139,HBNB,房地产,房地产
2140,HBIO,医疗仪器用品,医疗保健
2141,HBCP,区域性银行,金融服务
2142,HBANZ,区域性银行,金融服务
2143,HBANP,区域性银行,金融服务
2144,HBANM,区域性银行,金融服务
2145,HBANL,区域性银行,金融服务
2146,HBAN,区域性银行,金融服务
2147,HAVA,空壳公司,金融服务
2148,HAS,休闲,可选消费
2149,HAPN,区域性银行,金融服务
2150,HAO,广告代理,通讯服务
2151,HALO,生物技术,医疗保健
2152,HAIN,包装食品,必需消费
2153,HAFC,区域性银行,金融服务
2154,HACQ,空壳公司,金融服务
2155,GYRO,房地产,房地产
2156,GYRE,生物技术,医疗保健
2157,GYGY,软件,科技
2158,GXAI,电子游戏多媒体,通讯服务
2159,GWRS,受监管水务公司,公用事业
2160,GWAV,废物管理,工业
2161,GVH,综合货运物流,工业
2162,GUTS,生物技术,医疗保健
2163,GURE,化学品,基础材料
2164,GUAC,空壳公司,金融服务
2165,GTX,汽车零部件,可选消费
2166,GTM,软件,科技
2167,GTLB,软件,科技
2168,GTIM,餐厅,可选消费
2169,GTERA,空壳公司,金融服务
2170,GTEN,空壳公司,金融服务
2171,GTEC,汽车零部件,可选消费
2172,GTBP,生物技术,医疗保健
2173,GT,汽车零部件,可选消费
2174,GSUN,教育培训服务,必需消费
2175,GSRV,空壳公司,金融服务
2176,GSRF,空壳公司,金融服务
2177,GSM,工业金属采矿,基础材料
2178,GSIW,资本市场,金融服务
2179,GSIT,半导体,科技
2180,GSHR,空壳公司,金融服务
2181,GSHD,保险经纪,金融服务
2182,GSBC,区域性银行,金融服务
2183,GSAT,电信服务,通讯服务
2184,GRWG,专业零售,可选消费
2185,GRVY,电子游戏多媒体,通讯服务
2186,GRSD,博彩,可选消费
2187,GRRR,软件,科技
2188,GRPN,互联网内容信息,通讯服务
2189,GROW,资产管理,金融服务
2190,GRNQ,咨询服务,工业
2191,GRML,贵金属采矿,基础材料
2192,GRI,生物技术,医疗保健
2193,GRFS,药品制造商,医疗保健
2194,GRDX,生物技术,医疗保健
2195,GRCE,生物技术,医疗保健
2196,GRAN,资本市场,金融服务
2197,GRAL,诊断与研究,医疗保健
2198,GRAB,软件,科技
2199,GPRO,消费电子,科技
2200,GPRE,化学品,基础材料
2201,GPCR,生物技术,医疗保健
2202,GPAT,空壳公司,金融服务
2203,GPACU,空壳公司,金融服务
2204,GPAC,空壳公司,金融服务
2205,GP,农用重型机械,工业
2206,GOVX,生物技术,医疗保健
2207,GOSS,生物技术,医疗保健
2208,GOOGL,互联网内容信息,通讯服务
2209,GOOG,互联网内容信息,通讯服务
2210,GOODN,多元化地产REIT,房地产
2211,GOOD,多元化地产REIT,房地产
2212,GOGO,电信服务,通讯服务
2213,GOAI,软件,科技
2214,GO,杂货店,必需消费
2215,GNTX,汽车零部件,可选消费
2216,GNTA,生物技术,医疗保健
2217,GNSS,科学技术仪器,科技
2218,GNPX,生物技术,医疗保健
2219,GNLX,生物技术,医疗保健
2220,GNLN,烟草,必需消费
2221,GMM,信息技术服务,科技
2222,GMHS,电子游戏多媒体,通讯服务
2223,GMEX,消费电子,科技
2224,GMAB,生物技术,医疗保健
2225,GLXY,资本市场,金融服务
2226,GLXG,人力资源就业服务,工业
2227,GLUE,生物技术,医疗保健
2228,GLSI,生物技术,医疗保健
2229,GLRE,再保险,金融服务
2230,GLPI,特殊品类REIT,房地产
2231,GLOO,软件,科技
2232,GLNG,石油天然气,能源
2233,GLND,石油天然气勘探生产,能源
2234,GLMD,生物技术,医疗保健
2235,GLIBK,电信服务,通讯服务
2236,GLIBA,电信服务,通讯服务
2237,GLE,信息技术服务,科技
2238,GLBS,海运,工业
2239,GLBE,互联网零售,可选消费
2240,GLAD,资产管理,金融服务
2241,GIX,空壳公司,金融服务
2242,GIW,空壳公司,金融服务
2243,GITS,互联网内容信息,通讯服务
2244,GIPR,多元化地产REIT,房地产
2245,GILT,通信设备,科技
2246,GILD,药品制造商,医疗保健
2247,GIII,服装制造,可选消费
2248,GIGM,电子游戏多媒体,通讯服务
2249,GIFT,互联网内容信息,通讯服务
2250,GIBO,互联网内容信息,通讯服务
2251,GHXI,空壳公司,金融服务
2252,GHRS,生物技术,医疗保健
2253,GH,诊断与研究,医疗保健
2254,GGR,汽车制造,可选消费
2255,GGAL,区域性银行,金融服务
2256,GFUZ,专业工业机械,工业
2257,GFS,半导体,科技
2258,GFAI,安保服务,工业
2259,GEVO,专业化学品,基础材料
2260,GERN,生物技术,医疗保健
2261,GEOS,石油天然气设备服务,能源
2262,GENK,餐厅,可选消费
2263,GENB,生物技术,医疗保健
2264,GEN,软件,科技
2265,GEMI,资本市场,金融服务
2266,GELS,药品制造商,医疗保健
2267,GEHC,医疗设备,医疗保健
2268,GEG,资产管理,金融服务
2269,GECC,资产管理,金融服务
2270,GDYN,信息技术服务,科技
2271,GDTC,生物技术,医疗保健
2272,GDS,信息技术服务,科技
2273,GDRX,健康信息服务,医疗保健
2274,GDHG,休闲,可选消费
2275,GDEV,电子游戏多媒体,通讯服务
2276,GDC,电子游戏多媒体,通讯服务
2277,GCTK,医疗设备,医疗保健
2278,GCT,软件,科技
2279,GCMG,资产管理,金融服务
2280,GCL,电子游戏多媒体,通讯服务
2281,GCGRU,空壳公司,金融服务
2282,GCGR,空壳公司,金融服务
2283,GCBC,区域性银行,金融服务
2284,GBLI,财产意外保险,金融服务
2285,GBFH,区域性银行,金融服务
2286,GBDC,资产管理,金融服务
2287,GAUZ,电子元件,科技
2288,GASS,海运,工业
2289,GANX,生物技术,医疗保健
2290,GAME,电子游戏多媒体,通讯服务
2291,GALT,生物技术,医疗保健
2292,GAIN,资产管理,金融服务
2293,GAIA,娱乐,通讯服务
2294,GABC,区域性银行,金融服务
2295,FXNC,区域性银行,金融服务
2296,FXHO,消费电子,科技
2297,FXAC,空壳公司,金融服务
2298,FWRG,餐厅,可选消费
2299,FWRD,综合货运物流,工业
2300,FWONK,娱乐,通讯服务
2301,FWONA,娱乐,通讯服务
2302,FWDI,鞋类与配饰,可选消费
2303,FWAC,空壳公司,金融服务
2304,FVNNU,空壳公司,金融服务
2305,FVN,空壳公司,金融服务
2306,FVCB,区域性银行,金融服务
2307,FVAV,空壳公司,金融服务
2308,FUTU,资本市场,金融服务
2309,FUSE,软件,科技
2310,FUSB,区域性银行,金融服务
2311,FUNC,区域性银行,金融服务
2312,FULTP,区域性银行,金融服务
2313,FULT,区域性银行,金融服务
2314,FULC,生物技术,医疗保健
2315,FUFU,资本市场,金融服务
2316,FTRE,生物技术,医疗保健
2317,FTNT,软件,科技
2318,FTLF,包装食品,必需消费
2319,FTHM,房地产,房地产
2320,FTHAU,空壳公司,金融服务
2321,FTHA,空壳公司,金融服务
2322,FTH,生物技术,医疗保健
2323,FTFT,软件,科技
2324,FTEK,污染处理控制,工业
2325,FTDR,个人服务,可选消费
2326,FTCI,太阳能,科技
2327,FTAIM,航空航天国防,工业
2328,FTAI,航空航天国防,工业
2329,FSV,房地产,房地产
2330,FSUN,区域性银行,金融服务
2331,FSTR,铁路,工业
2332,FSLY,软件,科技
2333,FSLR,太阳能,科技
2334,FSHP,空壳公司,金融服务
2335,FSEA,区域性银行,金融服务
2336,FSBW,区域性银行,金融服务
2337,FSBC,区域性银行,金融服务
2338,FRVO,可再生能源公用事业,公用事业
2339,FRTT,互联网零售,可选消费
2340,FRSX,汽车零部件,可选消费
2341,FRST,区域性银行,金融服务
2342,FRSH,软件,科技
2343,FRPT,包装食品,必需消费
2344,FRPH,房地产,房地产
2345,FROG,软件,科技
2346,FRNM,诊断与研究,医疗保健
2347,FRMM,软件,科技
2348,FRMI,特殊品类REIT,房地产
2349,FRMEP,区域性银行,金融服务
2350,FRME,区域性银行,金融服务
2351,FRHC,金融集团,金融服务
2352,FRGT,软件,科技
2353,FRD,钢铁,基础材料
2354,FRBT,多元化银行,金融服务
2355,FRBA,区域性银行,金融服务
2356,FRAF,区域性银行,金融服务
2357,FOXX,消费电子,科技
2358,FOXF,汽车零部件,可选消费
2359,FOXA,娱乐,通讯服务
2360,FOX,娱乐,通讯服务
2361,FOSL,鞋类与配饰,可选消费
2362,FORTY,信息技术服务,科技
2363,FORR,咨询服务,工业
2364,FORM,半导体设备材料,科技
2365,FOFO,咨询服务,工业
2366,FOCL,医疗分销,医疗保健
2367,FNWD,区域性银行,金融服务
2368,FNWB,区域性银行,金融服务
2369,FNUC,工业金属采矿,基础材料
2370,FNRN,区域性银行,金融服务
2371,FNLC,区域性银行,金融服务
2372,FNKO,休闲,可选消费
2373,FNGR,电信服务,通讯服务
2374,FMST,工业金属采矿,基础材料
2375,FMNB,区域性银行,金融服务
2376,FMFC,鞋类与配饰,可选消费
2377,FMBH,区域性银行,金融服务
2378,FMAO,区域性银行,金融服务
2379,FMAC,空壳公司,金融服务
2380,FLYW,软件,科技
2381,FLYE,汽车制造,可选消费
2382,FLY,航空航天国防,工业
2383,FLXS,家用器具家电,可选消费
2384,FLX,综合货运物流,工业
2385,FLWS,专业零售,可选消费
2386,FLUX,电气设备零件,工业
2387,FLNT,广告代理,通讯服务
2388,FLNC,可再生能源公用事业,公用事业
2389,FLNA,生物技术,医疗保健
2390,FLL,度假村与赌场,可选消费
2391,FLGT,诊断与研究,医疗保健
2392,FLEX,电子元件,科技
2393,FLD,资本市场,金融服务
2394,FKWL,通信设备,科技
2395,FJDIU,空壳公司,金融服务
2396,FIZZ,非酒精饮料,必需消费
2397,FIVN,软件,科技
2398,FIVE,专业零售,可选消费
2399,FISN,专业工业机械,工业
2400,FISI,区域性银行,金融服务
2401,FIP,综合企业,工业
2402,FINW,区域性银行,金融服务
2403,FIGX,空壳公司,金融服务
2404,FIGR,资本市场,金融服务
2405,FIEE,通信设备,科技
2406,FIBK,区域性银行,金融服务
2407,FHTX,生物技术,医疗保健
2408,FHB,区域性银行,金融服务
2409,FGNXP,资产管理,金融服务
2410,FGNX,资产管理,金融服务
2411,FGL,工程与建筑,工业
2412,FGII,空壳公司,金融服务
2413,FGI,家用器具家电,可选消费
2414,FGBIP,区域性银行,金融服务
2415,FGBI,区域性银行,金融服务
2416,FFIV,软件,科技
2417,FFIN,区域性银行,金融服务
2418,FFBC,区域性银行,金融服务
2419,FFAI,汽车制造,可选消费
2420,FERA,空壳公司,金融服务
2421,FER,工程与建筑,工业
2422,FENC,生物技术,医疗保健
2423,FEMY,医疗仪器用品,医疗保健
2424,FELE,专业工业机械,工业
2425,FEIM,通信设备,科技
2426,FEED,医疗设备,医疗保健
2427,FEBO,消费电子,科技
2428,FEAM,专业化学品,基础材料
2429,FDUS,资产管理,金融服务
2430,FDSB,区域性银行,金融服务
2431,FDMT,生物技术,医疗保健
2432,FDMMU,空壳公司,金融服务
2433,FDMM,空壳公司,金融服务
2434,FDBC,区域性银行,金融服务
2435,FCUV,科学技术仪器,科技
2436,FCNCP,区域性银行,金融服务
2437,FCNCO,区域性银行,金融服务
2438,FCNCA,区域性银行,金融服务
2439,FCHL,教育培训服务,必需消费
2440,FCFS,信贷服务,金融服务
2441,FCEL,电气设备零件,工业
2442,FCCO,区域性银行,金融服务
2443,FCBC,区域性银行,金融服务
2444,FCAP,区域性银行,金融服务
2445,FBYD,综合企业,工业
2446,FBRX,生物技术,医疗保健
2447,FBNC,区域性银行,金融服务
2448,FBLG,生物技术,医疗保健
2449,FBLA,区域性银行,金融服务
2450,FBIZ,区域性银行,金融服务
2451,FBIOP,生物技术,医疗保健
2452,FBIO,生物技术,医疗保健
2453,FBGL,工程与建筑,工业
2454,FBDT,航空航天国防,工业
2455,FATN,软件,科技
2456,FATE,生物技术,医疗保健
2457,FAST,工业分销,工业
2458,FANG,石油天然气勘探生产,能源
2459,FAMI,包装食品,必需消费
2460,FAC,电气设备零件,工业
2461,FABC,半导体,科技
2462,FA,专业商业服务,工业
2463,EZRA,保险经纪,金融服务
2464,EZPW,信贷服务,金融服务
2465,EZGO,休闲车辆,可选消费
2466,EYPT,生物技术,医疗保健
2467,EYE,专业零售,可选消费
2468,EXYN,软件,科技
2469,EXTR,通信设备,科技
2470,EXPO,工程与建筑,工业
2471,EXPE,旅行服务,可选消费
2472,EXOZ,生物技术,医疗保健
2473,EXLS,信息技术服务,科技
2474,EXFY,软件,科技
2475,EXEL,生物技术,医疗保健
2476,EXE,石油天然气勘探生产,能源
2477,EXC,受监管电力公司,公用事业
2478,EWTX,生物技术,医疗保健
2479,EWBC,区域性银行,金融服务
2480,EWAV,空壳公司,金融服务
2481,EVRG,受监管电力公司,公用事业
2482,EVOXU,空壳公司,金融服务
2483,EVOX,空壳公司,金融服务
2484,EVO,药品制造商,医疗保健
2485,EVLV,安保服务,工业
2486,EVGO,专业零售,可选消费
2487,EVGN,生物技术,医疗保健
2488,EVER,互联网内容信息,通讯服务
2489,EVCM,软件,科技
2490,EVAX,生物技术,医疗保健
2491,EURK,空壳公司,金融服务
2492,EUDA,房地产,房地产
2493,EU,铀业,能源
2494,ETS,卡车运输,工业
2495,ETOR,资本市场,金融服务
2496,ETON,药品制造商,医疗保健
2497,ESTA,医疗设备,医疗保健
2498,ESQ,区域性银行,金融服务
2499,ESOA,工程与建筑,工业
2500,ESLT,航空航天国防,工业
2501,ESLA,生物技术,医疗保健
2502,ESEA,海运,工业
2503,ESCA,休闲,可选消费
2504,ERNA,生物技术,医疗保健
2505,ERII,污染处理控制,工业
2506,ERIE,保险经纪,金融服务
2507,ERIC,通信设备,科技
2508,ERAS,生物技术,医疗保健
2509,EQPT,租赁服务,工业
2510,EQIX,特殊品类REIT,房地产
2511,EQ,生物技术,医疗保健
2512,EPSN,石油天然气勘探生产,能源
2513,EPSM,酒庄与酿酒厂,必需消费
2514,EPRX,生物技术,医疗保健
2515,EPOW,电气设备零件,工业
2516,EOSE,电气设备零件,工业
2517,EOLS,药品制造商,医疗保健
2518,ENVX,电气设备零件,工业
2519,ENVB,生物技术,医疗保健
2520,ENTX,生物技术,医疗保健
2521,ENTG,半导体设备材料,科技
2522,ENTA,生物技术,医疗保健
2523,ENSG,医疗设施,医疗保健
2524,ENSC,生物技术,医疗保健
2525,ENRD,软件,科技
2526,ENPH,太阳能,科技
2527,ENLV,生物技术,医疗保健
2528,ENLT,可再生能源公用事业,公用事业
2529,ENGS,废物管理,工业
2530,ENGN,生物技术,医疗保健
2531,EMPD,汽车制造,可选消费
2532,EML,工具与配件,工业
2533,EMIS,空壳公司,金融服务
2534,EMBC,医疗仪器用品,医疗保健
2535,EMAT,工业金属采矿,基础材料
2536,ELWT,电信服务,通讯服务
2537,ELVR,工业金属采矿,基础材料
2538,ELVN,生物技术,医疗保健
2539,ELVA,电气设备零件,工业
2540,ELUT,医疗设备,医疗保健
2541,ELTX,生物技术,医疗保健
2542,ELTK,电子元件,科技
2543,ELPW,电气设备零件,工业
2544,ELOX,生物技术,医疗保健
2545,ELOG,综合货运物流,工业
2546,ELMT,航空航天国防,工业
2547,ELE,贵金属采矿,基础材料
2548,ELDN,生物技术,医疗保健
2549,ELBM,工业金属采矿,基础材料
2550,ELAB,生物技术,医疗保健
2551,EJH,个人服务,可选消费
2552,EIKN,生物技术,医疗保健
2553,EHTH,保险经纪,金融服务
2554,EHLD,海运,工业
2555,EHGO,商业设备用品,工业
2556,EH,航空航天国防,工业
2557,EGHT,软件,科技
2558,EGHA,空壳公司,金融服务
2559,EGBN,区域性银行,金融服务
2560,EGAN,软件,科技
2561,EFSI,区域性银行,金融服务
2562,EFSCP,区域性银行,金融服务
2563,EFSC,区域性银行,金融服务
2564,EFOI,家用器具家电,可选消费
2565,EEIQ,教育培训服务,必需消费
2566,EEFT,软件,科技
2567,EDUC,出版,通讯服务
2568,EDTK,教育培训服务,必需消费
2569,EDSA,生物技术,医疗保健
2570,EDRY,海运,工业
2571,EDIT,生物技术,医疗保健
2572,EDHL,广告代理,通讯服务
2573,EDBL,农产品,必需消费
2574,ECX,汽车零部件,可选消费
2575,ECPG,信贷服务,金融服务
2576,ECOR,医疗设备,医疗保健
2577,ECHO,电信服务,通讯服务
2578,ECBK,区域性银行,金融服务
2579,EBON,计算机硬件,科技
2580,EBMT,区域性银行,金融服务
2581,EBC,区域性银行,金融服务
2582,EBAY,互联网零售,可选消费
2583,DYOR,空壳公司,金融服务
2584,DYNCU,空壳公司,金融服务
2585,DYNC,空壳公司,金融服务
2586,DYN,生物技术,医疗保健
2587,DYAI,生物技术,医疗保健
2588,DXST,废物管理,工业
2589,DXR,医疗仪器用品,医疗保健
2590,DXPE,工业分销,工业
2591,DXLG,服装零售,可选消费
2592,DXCM,医疗设备,医疗保健
2593,DWTX,生物技术,医疗保健
2594,DWSN,石油天然气设备服务,能源
2595,DVLT,软件,科技
2596,DUOT,软件,科技
2597,DUOL,软件,科技
2598,DUO,房地产,房地产
2599,DUKR,航空航天国防,工业
2600,DTST,信息技术服务,科技
2601,DTSS,软件,科技
2602,DTSQ,空壳公司,金融服务
2603,DTIL,生物技术,医疗保健
2604,DTI,石油天然气设备服务,能源
2605,DTCX,金融证券交易所,金融服务
2606,DSY,家庭个人用品,必需消费
2607,DSWL,电子元件,科技
2608,DSP,软件,科技
2609,DSGX,软件,科技
2610,DSGR,工业分销,工业
2611,DSGN,生物技术,医疗保健
2612,DSC,汽车卡车经销,可选消费
2613,DSAC,空壳公司,金融服务
2614,DRVN,汽车卡车经销,可选消费
2615,DRUG,生物技术,医疗保健
2616,DRTS,生物技术,医疗保健
2617,DRS,航空航天国防,工业
2618,DRMA,生物技术,医疗保健
2619,DRIO,健康信息服务,医疗保健
2620,DRH,酒店汽车旅馆REIT,房地产
2621,DRDB,空壳公司,金融服务
2622,DRCT,广告代理,通讯服务
2623,DPZ,餐厅,可选消费
2624,DPRO,计算机硬件,科技
2625,DOYU,互联网内容信息,通讯服务
2626,DOX,软件,科技
2627,DORM,汽车零部件,可选消费
2628,DOO,休闲车辆,可选消费
2629,DOMO,软件,科技
2630,DOMH,资本市场,金融服务
2631,DOGZ,休闲,可选消费
2632,DOCU,软件,科技
2633,DNUT,杂货店,必需消费
2634,DNTH,生物技术,医疗保健
2635,DNMXU,空壳公司,金融服务
2636,DNMX,空壳公司,金融服务
2637,DNLI,生物技术,医疗保健
2638,DMRC,软件,科技
2639,DMRA,生物技术,医疗保健
2640,DMLP,石油天然气勘探生产,能源
2641,DMIIU,空壳公司,金融服务
2642,DMII,空壳公司,金融服务
2643,DMAC,生物技术,医疗保健
2644,DMAA,空壳公司,金融服务
2645,DLXY,石油天然气炼制销售,能源
2646,DLTR,折扣商店,必需消费
2647,DLTH,服装零售,可选消费
2648,DLPN,广告代理,通讯服务
2649,DLO,软件,科技
2650,DLHC,专业商业服务,工业
2651,DKNG,博彩,可选消费
2652,DKI,电子游戏多媒体,通讯服务
2653,DJT,互联网内容信息,通讯服务
2654,DJCO,软件,科技
2655,DIOD,半导体,科技
2656,DIBS,互联网内容信息,通讯服务
2657,DHC,医疗保健地产REIT,房地产
2658,DH,健康信息服务,医疗保健
2659,DGXX,独立发电商,公用事业
2660,DGNX,咨询服务,工业
2661,DGII,通信设备,科技
2662,DGICB,财产意外保险,金融服务
2663,DGICA,财产意外保险,金融服务
2664,DFTX,生物技术,医疗保健
2665,DFSC,航空航天国防,工业
2666,DFNS,航空航天国防,工业
2667,DFLI,电气设备零件,工业
2668,DFDV,资产管理,金融服务
2669,DETX,安保服务,工业
2670,DERM,药品制造商,医疗保健
2671,DEFT,资本市场,金融服务
2672,DDOG,软件,科技
2673,DDI,电子游戏多媒体,通讯服务
2674,DCX,汽车制造,可选消费
2675,DCTH,医疗设备,医疗保健
2676,DCOY,生物技术,医疗保健
2677,DCGO,医疗设施,医疗保健
2678,DCBO,软件,科技
2679,DBX,软件,科技
2680,DBVT,生物技术,医疗保健
2681,DBGI,服装零售,可选消费
2682,DBCA,空壳公司,金融服务
2683,DAVE,软件,科技
2684,DASH,互联网零售,可选消费
2685,DARE,生物技术,医疗保健
2686,DAKT,电子元件,科技
2687,DAIO,电子元件,科技
2688,DAIC,信息技术服务,科技
2689,DAAQU,空壳公司,金融服务
2690,DAAQ,空壳公司,金融服务
2691,CZWI,区域性银行,金融服务
2692,CZR,度假村与赌场,可选消费
2693,CZNC,区域性银行,金融服务
2694,CZFS,区域性银行,金融服务
2695,CYTK,生物技术,医疗保健
2696,CYRX,综合货运物流,工业
2697,CYPH,资产管理,金融服务
2698,CYN,软件,科技
2699,CYCU,信息技术服务,科技
2700,CYCN,生物技术,医疗保健
2701,CYAB,软件,科技
2702,CXII,空壳公司,金融服务
2703,CXDO,电信服务,通讯服务
2704,CXAI,软件,科技
2705,CWST,废物管理,工业
2706,CWD,资产管理,金融服务
2707,CWCO,受监管水务公司,公用事业
2708,CWBC,区域性银行,金融服务
2709,CVV,专业工业机械,工业
2710,CVRX,医疗设备,医疗保健
2711,CVLT,软件,科技
2712,CVKD,生物技术,医疗保健
2713,CVGI,汽车零部件,可选消费
2714,CVCO,住宅建筑,可选消费
2715,CVBF,区域性银行,金融服务
2716,CV,医疗设备,医疗保健
2717,CUVL,生物技术,医疗保健
2718,CURX,生物技术,医疗保健
2719,CURR,软件,科技
2720,CURI,广播媒体,通讯服务
2721,CUPR,医疗仪器用品,医疗保健
2722,CULP,纺织制造,可选消费
2723,CUE,生物技术,医疗保健
2724,CUB,空壳公司,金融服务
2725,CTXR,生物技术,医疗保健
2726,CTW,电子游戏多媒体,通讯服务
2727,CTSO,医疗设备,医疗保健
2728,CTSH,信息技术服务,科技
2729,CTRN,服装零售,可选消费
2730,CTRM,海运,工业
2731,CTOR,药品制造商,医疗保健
2732,CTNT,综合货运物流,工业
2733,CTNM,生物技术,医疗保健
2734,CTMX,生物技术,医疗保健
2735,CTKB,医疗设备,医疗保健
2736,CTBI,区域性银行,金融服务
2737,CTAS,专业商业服务,工业
2738,CTAA,空壳公司,金融服务
2739,CSX,铁路,工业
2740,CSWC,资产管理,金融服务
2741,CSTL,诊断与研究,医疗保健
2742,CSTE,建筑产品设备,工业
2743,CSPI,信息技术服务,科技
2744,CSIQ,太阳能,科技
2745,CSHR,资本市场,金融服务
2746,CSGP,房地产,房地产
2747,CSCO,通信设备,科技
2748,CSBR,生物技术,医疗保健
2749,CSAI,软件,科技
2750,CRWV,软件,科技
2751,CRWS,家用器具家电,可选消费
2752,CRWD,软件,科技
2753,CRVS,生物技术,医疗保健
2754,CRVO,生物技术,医疗保健
2755,CRVL,保险经纪,金融服务
2756,CRUS,半导体,科技
2757,CRTO,广告代理,通讯服务
2758,CRSR,计算机硬件,科技
2759,CRSP,生物技术,医疗保健
2760,CROX,鞋类与配饰,可选消费
2761,CRON,药品制造商,医疗保健
2762,CRNX,生物技术,医疗保健
2763,CRNT,通信设备,科技
2764,CRNC,软件,科技
2765,CRMT,汽车卡车经销,可选消费
2766,CRML,工业金属采矿,基础材料
2767,CRMD,生物技术,医疗保健
2768,CRIS,生物技术,医疗保健
2769,CRGO,综合货运物流,工业
2770,CREX,软件,科技
2771,CRESY,综合企业,工业
2772,CRE,专业商业服务,工业
2773,CRDO,半导体,科技
2774,CRDL,药品制造商,医疗保健
2775,CRDF,生物技术,医疗保健
2776,CRCT,计算机硬件,科技
2777,CRBU,生物技术,医疗保健
2778,CRBP,生物技术,医疗保健
2779,CRAQ,空壳公司,金融服务
2780,CRAN,空壳公司,金融服务
2781,CRAI,咨询服务,工业
2782,CRAC,空壳公司,金融服务
2783,CPSS,信贷服务,金融服务
2784,CPSH,电子元件,科技
2785,CPRT,专业商业服务,工业
2786,CPOP,娱乐,通讯服务
2787,CPIX,药品制造商,医疗保健
2788,CPHC,度假村与赌场,可选消费
2789,CPBI,区域性银行,金融服务
2790,CPB,包装食品,必需消费
2791,COYA,生物技术,医疗保健
2792,COST,折扣商店,必需消费
2793,COSM,医疗分销,医疗保健
2794,CORZ,软件,科技
2795,CORT,生物技术,医疗保健
2796,COOT,包装食品,必需消费
2797,COO,医疗仪器用品,医疗保健
2798,COLM,服装制造,可选消费
2799,COLL,药品制造商,医疗保健
2800,COLB,区域性银行,金融服务
2801,COLA,空壳公司,金融服务
2802,COKE,非酒精饮料,必需消费
2803,COIN,金融证券交易所,金融服务
2804,COHU,半导体设备材料,科技
2805,COGT,生物技术,医疗保健
2806,COFS,区域性银行,金融服务
2807,CODX,医疗设备,医疗保健
2808,CODA,航空航天国防,工业
2809,COCP,生物技术,医疗保健
2810,COCO,非酒精饮料,必需消费
2811,COCH,医疗设备,医疗保健
2812,COAG,生物技术,医疗保健
2813,CNXU,生物技术,医疗保健
2814,CNXN,电子计算机分销,科技
2815,CNXC,信息技术服务,科技
2816,CNVS,娱乐,通讯服务
2817,CNTY,度假村与赌场,可选消费
2818,CNTX,生物技术,医疗保健
2819,CNTN,生物技术,医疗保健
2820,CNTB,生物技术,医疗保健
2821,CNSY,生物技术,医疗保健
2822,CNSP,生物技术,医疗保健
2823,CNOBP,区域性银行,金融服务
2824,CNOB,区域性银行,金融服务
2825,CNL,黄金,基础材料
2826,CNEY,专业化学品,基础材料
2827,CNET,广告代理,通讯服务
2828,CNDT,信息技术服务,科技
2829,CNCK,资本市场,金融服务
2830,CMTV,区域性银行,金融服务
2831,CMTL,通信设备,科技
2832,CMRC,软件,科技
2833,CMPX,生物技术,医疗保健
2834,CMPS,医疗设施,医疗保健
2835,CMPR,专业商业服务,工业
2836,CMND,生物技术,医疗保健
2837,CMMB,生物技术,医疗保健
2838,CMII,空壳公司,金融服务
2839,CME,金融证券交易所,金融服务
2840,CMCT,办公地产REIT,房地产
2841,CMCSA,电信服务,通讯服务
2842,CMCO,农用重型机械,工业
2843,CLYM,生物技术,医疗保健
2844,CLWT,污染处理控制,工业
2845,CLST,区域性银行,金融服务
2846,CLSK,资本市场,金融服务
2847,CLRO,通信设备,科技
2848,CLRB,生物技术,医疗保健
2849,CLPT,医疗设备,医疗保健
2850,CLPS,信息技术服务,科技
2851,CLOV,医疗保险,医疗保健
2852,CLNN,包装食品,必需消费
2853,CLNE,石油天然气炼制销售,能源
2854,CLMT,专业化学品,基础材料
2855,CLMB,电子计算机分销,科技
2856,CLLS,生物技术,医疗保健
2857,CLIR,污染处理控制,工业
2858,CLIK,个人服务,可选消费
2859,CLGN,生物技术,医疗保健
2860,CLFD,通信设备,科技
2861,CLDX,生物技术,医疗保健
2862,CLBT,软件,科技
2863,CLBK,区域性银行,金融服务
2864,CLAR,休闲,可选消费
2865,CJMB,综合货运物流,工业
2866,CIVB,区域性银行,金融服务
2867,CISS,海运,工业
2868,CISO,软件,科技
2869,CIRC,人力资源就业服务,工业
2870,CING,生物技术,医疗保健
2871,CINF,财产意外保险,金融服务
2872,CIIT,综合货运物流,工业
2873,CIGL,安保服务,工业
2874,CIGI,房地产,房地产
2875,CIFR,信息技术服务,科技
2876,CHYM,软件,科技
2877,CHTR,电信服务,通讯服务
2878,CHSN,餐厅,可选消费
2879,CHSCP,农产品,必需消费
2880,CHSCO,农产品,必需消费
2881,CHSCN,农产品,必需消费
2882,CHSCM,农产品,必需消费
2883,CHSCL,农产品,必需消费
2884,CHRW,综合货运物流,工业
2885,CHRS,生物技术,医疗保健
2886,CHRN,信息技术服务,科技
2887,CHRD,石油天然气勘探生产,能源
2888,CHR,广告代理,通讯服务
2889,CHPG,空壳公司,金融服务
2890,CHNR,工业金属采矿,基础材料
2891,CHMG,区域性银行,金融服务
2892,CHKP,软件,科技
2893,CHGA,房地产,房地产
2894,CHEF,食品分销,必需消费
2895,CHEC,空壳公司,金融服务
2896,CHDN,博彩,可选消费
2897,CHCO,区域性银行,金融服务
2898,CHCI,房地产,房地产
2899,CHAR,空壳公司,金融服务
2900,CHAI,互联网内容信息,通讯服务
2901,CHA,餐厅,可选消费
2902,CGTX,生物技术,医疗保健
2903,CGTL,专业零售,可选消费
2904,CGON,生物技术,医疗保健
2905,CGNX,科学技术仪器,科技
2906,CGNT,软件,科技
2907,CGEN,生物技术,医疗保健
2908,CGEM,生物技术,医疗保健
2909,CGCF,空壳公司,金融服务
2910,CGC,药品制造商,医疗保健
2911,CGBD,资产管理,金融服务
2912,CG,资产管理,金融服务
2913,CFFN,区域性银行,金融服务
2914,CFFI,区域性银行,金融服务
2915,CFBK,区域性银行,金融服务
2916,CEVA,半导体,科技
2917,CETY,专业工业机械,工业
2918,CETX,软件,科技
2919,CERT,健康信息服务,医疗保健
2920,CERS,医疗设备,医疗保健
2921,CEPV,空壳公司,金融服务
2922,CEPS,空壳公司,金融服务
2923,CEPO,空壳公司,金融服务
2924,CEPL,专业工业机械,工业
2925,CEPF,空壳公司,金融服务
2926,CENX,铝业,基础材料
2927,CENTA,包装食品,必需消费
2928,CENT,包装食品,必需消费
2929,CENN,汽车制造,可选消费
2930,CELZ,生物技术,医疗保健
2931,CELU,生物技术,医疗保健
2932,CELH,非酒精饮料,必需消费
2933,CELC,生物技术,医疗保健
2934,CEG,独立发电商,公用事业
2935,CECO,污染处理控制,工业
2936,CDZIP,受监管水务公司,公用事业
2937,CDZI,受监管水务公司,公用事业
2938,CDXS,生物技术,医疗保健
2939,CDW,信息技术服务,科技
2940,CDTG,废物管理,工业
2941,CDT,生物技术,医疗保健
2942,CDRO,博彩,可选消费
2943,CDNS,软件,科技
2944,CDNL,工程与建筑,工业
2945,CDNA,诊断与研究,医疗保健
2946,CDLX,广告代理,通讯服务
2947,CDIO,生物技术,医疗保健
2948,CD,资本市场,金融服务
2949,CCXIU,空壳公司,金融服务
2950,CCXI,空壳公司,金融服务
2951,CCTG,电气设备零件,工业
2952,CCSI,软件,科技
2953,CCOI,电信服务,通讯服务
2954,CCNEP,区域性银行,金融服务
2955,CCNE,区域性银行,金融服务
2956,CCLD,健康信息服务,医疗保健
2957,CCIIU,空壳公司,金融服务
2958,CCII,空壳公司,金融服务
2959,CCHH,餐厅,可选消费
2960,CCG,互联网内容信息,通讯服务
2961,CCEP,非酒精饮料,必需消费
2962,CCEC,海运,工业
2963,CCCTU,空壳公司,金融服务
2964,CCCT,空壳公司,金融服务
2965,CCCC,生物技术,医疗保健
2966,CCC,软件,科技
2967,CCBG,区域性银行,金融服务
2968,CCB,区域性银行,金融服务
2969,CCAQ,空壳公司,金融服务
2970,CCAP,资产管理,金融服务
2971,CBUS,生物技术,医疗保健
2972,CBSH,区域性银行,金融服务
2973,CBRS,半导体,科技
2974,CBRL,餐厅,可选消费
2975,CBNK,区域性银行,金融服务
2976,CBLL,医疗设备,医疗保健
2977,CBK,区域性银行,金融服务
2978,CBIO,生物技术,医疗保健
2979,CBFV,区域性银行,金融服务
2980,CBC,区域性银行,金融服务
2981,CBAT,电气设备零件,工业
2982,CATY,区域性银行,金融服务
2983,CATLU,空壳公司,金融服务
2984,CASY,专业零售,可选消费
2985,CAST,广播媒体,通讯服务
2986,CASS,专业商业服务,工业
2987,CASH,区域性银行,金融服务
2988,CART,互联网零售,可选消费
2989,CARL,健康信息服务,医疗保健
2990,CARG,汽车卡车经销,可选消费
2991,CARE,区域性银行,金融服务
2992,CAR,租赁服务,工业
2993,CAQ,空壳公司,金融服务
2994,CAPS,建筑材料,基础材料
2995,CAPR,生物技术,医疗保健
2996,CAPN,空壳公司,金融服务
2997,CAN,计算机硬件,科技
2998,CAMT,半导体设备材料,科技
2999,CAMP,生物技术,医疗保健
3000,CALM,农产品,必需消费
3001,CALC,生物技术,医疗保健
3002,CAKE,餐厅,可选消费
3003,CAIIU,空壳公司,金融服务
3004,CAII,空壳公司,金融服务
3005,CAI,生物技术,医疗保健
3006,CAES,空壳公司,金融服务
3007,CAE,航空航天国防,工业
3008,CADL,生物技术,医疗保健
3009,CACC,信贷服务,金融服务
3010,CAC,区域性银行,金融服务
3011,CABR,药品制造商,医疗保健
3012,CABA,生物技术,医疗保健
3013,CAAS,汽车零部件,可选消费
3014,BZUN,互联网零售,可选消费
3015,BZFD,互联网内容信息,通讯服务
3016,BZAI,软件,科技
3017,BZ,互联网内容信息,通讯服务
3018,BYSI,生物技术,医疗保健
3019,BYRN,航空航天国防,工业
3020,BYND,包装食品,必需消费
3021,BYFC,区域性银行,金融服务
3022,BYAH,家庭个人用品,必需消费
3023,BXBL,住宅建筑,可选消费
3024,BWMN,工程与建筑,工业
3025,BWIN,保险经纪,金融服务
3026,BWFG,区域性银行,金融服务
3027,BWEN,专业工业机械,工业
3028,BWBBP,区域性银行,金融服务
3029,BWB,区域性银行,金融服务
3030,BWAY,医疗设备,医疗保健
3031,BVS,医疗设备,医疗保健
3032,BVFL,区域性银行,金融服务
3033,BVC,软件,科技
3034,BUUU,专业商业服务,工业
3035,BUSEP,区域性银行,金融服务
3036,BUSE,区域性银行,金融服务
3037,BULL,软件,科技
3038,BTSGU,健康信息服务,医疗保健
3039,BTSG,健康信息服务,医疗保健
3040,BTQ,软件,科技
3041,BTOG,金融证券交易所,金融服务
3042,BTOC,综合货运物流,工业
3043,BTMD,医疗设施,医疗保健
3044,BTLN,软件,科技
3045,BTDR,软件,科技
3046,BTCT,计算机硬件,科技
3047,BTCS,资本市场,金融服务
3048,BTBT,资本市场,金融服务
3049,BTBD,餐厅,可选消费
3050,BTAI,药品制造商,医疗保健
3051,BSY,软件,科技
3052,BSVN,区域性银行,金融服务
3053,BSRR,区域性银行,金融服务
3054,BSP,软件,科技
3055,BSIN,石油天然气勘探生产,能源
3056,BSET,家用器具家电,可选消费
3057,BSEM,生物技术,医疗保健
3058,BSBK,区域性银行,金融服务
3059,BSAAU,空壳公司,金融服务
3060,BSAA,空壳公司,金融服务
3061,BRZE,软件,科技
3062,BRVE,生物技术,医疗保健
3063,BRUN,软件,科技
3064,BRTX,生物技术,医疗保健
3065,BRTMU,空壳公司,金融服务
3066,BRR,资本市场,金融服务
3067,BRNX,可再生能源公用事业,公用事业
3068,BRNS,生物技术,医疗保健
3069,BRLT,奢侈品,可选消费
3070,BRLS,包装食品,必需消费
3071,BRKRP,医疗设备,医疗保健
3072,BRKR,医疗设备,医疗保健
3073,BRKH,空壳公司,金融服务
3074,BRID,包装食品,必需消费
3075,BRFH,非酒精饮料,必需消费
3076,BRCB,餐厅,可选消费
3077,BRBI,资本市场,金融服务
3078,BRAI,计算机硬件,科技
3079,BRAG,博彩,可选消费
3080,BPYPP,房地产,房地产
3081,BPYPO,房地产,房地产
3082,BPYPN,房地产,房地产
3083,BPRN,区域性银行,金融服务
3084,BPOP,区域性银行,金融服务
3085,BOXL,消费电子,科技
3086,BOTJ,区域性银行,金融服务
3087,BOT,资产管理,金融服务
3088,BOSC,通信设备,科技
3089,BOOM,综合企业,工业
3090,BON,专业化学品,基础材料
3091,BOLT,生物技术,医疗保健
3092,BOLD,生物技术,医疗保健
3093,BOKF,区域性银行,金融服务
3094,BOF,包装食品,必需消费
3095,BODI,互联网内容信息,通讯服务
3096,BNTX,生物技术,医疗保健
3097,BNTC,生物技术,医疗保健
3098,BNR,诊断与研究,医疗保健
3099,BNKK,非酒精饮料,必需消费
3100,BNGO,医疗仪器用品,医疗保健
3101,BNC,农用重型机械,工业
3102,BNAI,软件,科技
3103,BMRN,生物技术,医疗保健
3104,BMRC,区域性银行,金融服务
3105,BMRA,医疗设备,医疗保健
3106,BMR,软件,科技
3107,BMM,工业金属采矿,基础材料
3108,BMHL,资本市场,金融服务
3109,BMGL,医疗设施,医疗保健
3110,BMEA,生物技术,医疗保健
3111,BMBL,互联网内容信息,通讯服务
3112,BLZRU,空壳公司,金融服务
3113,BLZR,空壳公司,金融服务
3114,BLZE,软件,科技
3115,BLUW,空壳公司,金融服务
3116,BLTE,生物技术,医疗保健
3117,BLSM,生物技术,医疗保健
3118,BLRX,生物技术,医疗保健
3119,BLRK,空壳公司,金融服务
3120,BLNK,工程与建筑,工业
3121,BLNE,抵押贷款金融,金融服务
3122,BLMN,餐厅,可选消费
3123,BLLN,诊断与研究,医疗保健
3124,BLKB,软件,科技
3125,BLIV,软件,科技
3126,BLIN,软件,科技
3127,BLFS,医疗仪器用品,医疗保健
3128,BLDP,电气设备零件,工业
3129,BLBD,农用重型机械,工业
3130,BL,软件,科技
3131,BKYI,安保服务,工业
3132,BKR,石油天然气设备服务,能源
3133,BKNG,旅行服务,可选消费
3134,BKHAU,空壳公司,金融服务
3135,BKHA,空壳公司,金融服务
3136,BJRI,餐厅,可选消费
3137,BJDX,医疗设备,医疗保健
3138,BIYA,软件,科技
3139,BIXI,空壳公司,金融服务
3140,BIVI,生物技术,医疗保健
3141,BIRD,软件,科技
3142,BIOX,农业投入,基础材料
3143,BIOT,家庭个人用品,必需消费
3144,BIOA,药品制造商,医疗保健
3145,BILI,互联网内容信息,通讯服务
3146,BIIB,药品制造商,医疗保健
3147,BIDU,互联网内容信息,通讯服务
3148,BID,空壳公司,金融服务
3149,BIAF,诊断与研究,医疗保健
3150,BHST,包装食品,必需消费
3151,BHRB,区域性银行,金融服务
3152,BHFAP,人寿保险,金融服务
3153,BHFAO,人寿保险,金融服务
3154,BHFAN,人寿保险,金融服务
3155,BHFAM,人寿保险,金融服务
3156,BHF,人寿保险,金融服务
3157,BHAVU,空壳公司,金融服务
3158,BHAV,空壳公司,金融服务
3159,BGMS,建筑产品设备,工业
3160,BGM,药品制造商,医疗保健
3161,BGLC,专业化学品,基础材料
3162,BGL,黄金,基础材料
3163,BGIN,计算机硬件,科技
3164,BGDE,资本市场,金融服务
3165,BGC,资本市场,金融服务
3166,BFST,区域性银行,金融服务
3167,BFRI,药品制造商,医疗保健
3168,BFRG,健康信息服务,医疗保健
3169,BFC,区域性银行,金融服务
3170,BETR,抵押贷款金融,金融服务
3171,BENF,资产管理,金融服务
3172,BELFB,电子元件,科技
3173,BELFA,电子元件,科技
3174,BEEP,基础设施运营,工业
3175,BEEM,太阳能,科技
3176,BEAT,健康信息服务,医疗保健
3177,BEAM,生物技术,医疗保健
3178,BEAG,空壳公司,金融服务
3179,BDTX,生物技术,医疗保健
3180,BDSX,诊断与研究,医疗保健
3181,BDRX,生物技术,医疗保健
3182,BDMD,医疗设备,医疗保健
3183,BDCI,空壳公司,金融服务
3184,BCYC,生物技术,医疗保健
3185,BCTX,生物技术,医疗保健
3186,BCRX,药品制造商,医疗保健
3187,BCPC,专业化学品,基础材料
3188,BCML,区域性银行,金融服务
3189,BCIC,资产管理,金融服务
3190,BCG,资产管理,金融服务
3191,BCDA,生物技术,医疗保健
3192,BCCQU,空壳公司,金融服务
3193,BCCQ,空壳公司,金融服务
3194,BCBP,区域性银行,金融服务
3195,BCAX,生物技术,医疗保健
3196,BCARU,空壳公司,金融服务
3197,BCAR,空壳公司,金融服务
3198,BCAL,区域性银行,金融服务
3199,BCAB,生物技术,医疗保健
3200,BBSI,人力资源就业服务,工业
3201,BBOT,生物技术,医疗保健
3202,BBNX,医疗设备,医疗保健
3203,BBLG,生物技术,医疗保健
3204,BBIO,生物技术,医疗保健
3205,BBGI,广播媒体,通讯服务
3206,BBCQU,空壳公司,金融服务
3207,BBCQ,空壳公司,金融服务
3208,BBCP,工程与建筑,工业
3209,BATRK,娱乐,通讯服务
3210,BATRA,娱乐,通讯服务
3211,BAOS,广告代理,通讯服务
3212,BANX,资产管理,金融服务
3213,BANR,区域性银行,金融服务
3214,BANL,石油天然气,能源
3215,BANF,区域性银行,金融服务
3216,BAND,软件,科技
3217,BAFN,区域性银行,金融服务
3218,BAER,安保服务,工业
3219,BACC,空壳公司,金融服务
3220,AZTA,医疗仪器用品,医疗保健
3221,AZIO,软件,科技
3222,AZI,汽车卡车经销,可选消费
3223,AZ,软件,科技
3224,AYTU,药品制造商,医疗保健
3225,AYA,白银,基础材料
3226,AXTI,半导体设备材料,科技
3227,AXSM,生物技术,医疗保健
3228,AXON,航空航天国防,工业
3229,AXIN,空壳公司,金融服务
3230,AXGN,医疗设备,医疗保健
3231,AXG,资本市场,金融服务
3232,AWRE,软件,科技
3233,AVXL,生物技术,医疗保健
3234,AVX,软件,科技
3235,AVTX,生物技术,医疗保健
3236,AVT,电子计算机分销,科技
3237,AVR,医疗设备,医疗保健
3238,AVPT,软件,科技
3239,AVO,食品分销,必需消费
3240,AVNW,通信设备,科技
3241,AVLN,生物技术,医疗保健
3242,AVIR,生物技术,医疗保健
3243,AVGO,半导体,科技
3244,AVBP,生物技术,医疗保健
3245,AVBH,区域性银行,金融服务
3246,AVAV,航空航天国防,工业
3247,AVAT,资产管理,金融服务
3248,AVAH,医疗设施,医疗保健
3249,AUUD,软件,科技
3250,AUTL,生物技术,医疗保健
3251,AURE,资本市场,金融服务
3252,AURA,生物技术,医疗保健
3253,AUR,汽车零部件,可选消费
3254,AUPH,生物技术,医疗保健
3255,AUID,软件,科技
3256,AUGO,黄金,基础材料
3257,AUDC,通信设备,科技
3258,AUC,资本市场,金融服务
3259,AUBN,区域性银行,金融服务
3260,ATYR,生物技术,医疗保健
3261,ATXG,综合货运物流,工业
3262,ATTO,生物技术,医疗保健
3263,ATRO,航空航天国防,工业
3264,ATRC,医疗仪器用品,医疗保健
3265,ATRA,生物技术,医疗保健
3266,ATPC,包装食品,必需消费
3267,ATOS,生物技术,医疗保健
3268,ATOM,半导体设备材料,科技
3269,ATNI,电信服务,通讯服务
3270,ATLX,工业金属采矿,基础材料
3271,ATLO,区域性银行,金融服务
3272,ATLCP,信贷服务,金融服务
3273,ATLC,信贷服务,金融服务
3274,ATIIU,空壳公司,金融服务
3275,ATII,空壳公司,金融服务
3276,ATHR,软件,科技
3277,ATHE,生物技术,医疗保健
3278,ATGL,软件,科技
3279,ATEX,电信服务,通讯服务
3280,ATER,家用器具家电,可选消费
3281,ATEC,医疗设备,医疗保健
3282,ATAT,住宿,可选消费
3283,ATAI,生物技术,医疗保健
3284,ASYS,半导体设备材料,科技
3285,ASUR,软件,科技
3286,ASTS,通信设备,科技
3287,ASTL,钢铁,基础材料
3288,ASTI,太阳能,科技
3289,ASTH,医疗设施,医疗保健
3290,ASTE,农用重型机械,工业
3291,ASTC,科学技术仪器,科技
3292,ASST,资产管理,金融服务
3293,ASRV,区域性银行,金融服务
3294,ASPS,房地产,房地产
3295,ASPI,化学品,基础材料
3296,ASPCU,空壳公司,金融服务
3297,ASPC,空壳公司,金融服务
3298,ASO,专业零售,可选消费
3299,ASND,生物技术,医疗保健
3300,ASML,半导体设备材料,科技
3301,ASMB,生物技术,医疗保健
3302,ASLE,机场航空服务,工业
3303,ASBP,生物技术,医疗保健
3304,ARXS,航空航天国防,工业
3305,ARWR,生物技术,医疗保健
3306,ARVN,生物技术,医疗保健
3307,ARTW,农用重型机械,工业
3308,ARTV,生物技术,医疗保健
3309,ARTNA,受监管水务公司,公用事业
3310,ARTL,生物技术,医疗保健
3311,ARTCU,空壳公司,金融服务
3312,ARRY,太阳能,科技
3313,ARQT,生物技术,医疗保健
3314,ARQQ,软件,科技
3315,ARQ,污染处理控制,工业
3316,AROW,区域性银行,金融服务
3317,ARM,半导体,科技
3318,ARLP,动力煤,能源
3319,ARKR,餐厅,可选消费
3320,ARKO,专业零售,可选消费
3321,ARHS,专业零售,可选消费
3322,ARGX,生物技术,医疗保健
3323,AREC,废物管理,工业
3324,ARDX,生物技术,医疗保健
3325,ARCT,生物技术,医疗保健
3326,ARCLU,空壳公司,金融服务
3327,ARCL,空壳公司,金融服务
3328,ARCI,空壳公司,金融服务
3329,ARCC,资产管理,金融服务
3330,ARCB,卡车运输,工业
3331,ARBK,资本市场,金融服务
3332,ARBE,科学技术仪器,科技
3333,ARBB,信息技术服务,科技
3334,ARAY,医疗设备,医疗保健
3335,ARAI,科学技术仪器,科技
3336,AQST,药品制造商,医疗保健
3337,AQMS,废物管理,工业
3338,AQB,农产品,必需消费
3339,APYX,医疗设备,医疗保健
3340,APXT,空壳公司,金融服务
3341,APWC,电气设备零件,工业
3342,APVO,生物技术,医疗保健
3343,APUR,空壳公司,金融服务
3344,APRE,生物技术,医疗保健
3345,APPS,软件,科技
3346,APPN,软件,科技
3347,APPF,软件,科技
3348,APP,广告代理,通讯服务
3349,APOG,建筑产品设备,工业
3350,APMD,生物技术,医疗保健
3351,APMCU,空壳公司,金融服务
3352,APMC,空壳公司,金融服务
3353,APLM,生物技术,医疗保健
3354,APLD,信息技术服务,科技
3355,API,软件,科技
3356,APGE,生物技术,医疗保健
3357,APEI,教育培训服务,必需消费
3358,APC,石油天然气炼制销售,能源
3359,APAC,空壳公司,金融服务
3360,APA,石油天然气勘探生产,能源
3361,AOUT,休闲,可选消费
3362,AOSL,半导体,科技
3363,ANY,资本市场,金融服务
3364,ANTX,生物技术,医疗保健
3365,ANTA,信贷服务,金融服务
3366,ANPA,专业商业服务,工业
3367,ANNX,生物技术,医疗保健
3368,ANNA,石油天然气勘探生产,能源
3369,ANL,生物技术,医疗保健
3370,ANIX,生物技术,医疗保健
3371,ANIP,药品制造商,医疗保健
3372,ANIK,药品制造商,医疗保健
3373,ANGO,医疗仪器用品,医疗保健
3374,ANGI,互联网内容信息,通讯服务
3375,ANGH,娱乐,通讯服务
3376,ANDE,食品分销,必需消费
3377,ANAB,生物技术,医疗保健
3378,AMZN,互联网零售,可选消费
3379,AMTX,专业化学品,基础材料
3380,AMST,软件,科技
3381,AMSS,酒庄与酿酒厂,必需消费
3382,AMSF,专业保险,金融服务
3383,AMSC,专业工业机械,工业
3384,AMRX,药品制造商,医疗保健
3385,AMRN,药品制造商,医疗保健
3386,AMPL,软件,科技
3387,AMPH,药品制造商,医疗保健
3388,AMPG,通信设备,科技
3389,AMOD,软件,科技
3390,AMLX,药品制造商,医疗保健
3391,AMKR,半导体设备材料,科技
3392,AMIX,医疗设备,医疗保健
3393,AMGN,药品制造商,医疗保健
3394,AMD,半导体,科技
3395,AMCX,娱乐,通讯服务
3396,AMCI,计算机硬件,科技
3397,AMBR,资产管理,金融服务
3398,AMBA,半导体设备材料,科技
3399,AMAT,半导体设备材料,科技
3400,AMAN,空壳公司,金融服务
3401,AMAL,区域性银行,金融服务
3402,AMACU,空壳公司,金融服务
3403,ALZN,生物技术,医疗保健
3404,ALXO,生物技术,医疗保健
3405,ALVO,药品制造商,医疗保健
3406,ALTO,专业化学品,基础材料
3407,ALTI,资产管理,金融服务
3408,ALT,生物技术,医疗保健
3409,ALRS,区域性银行,金融服务
3410,ALRM,软件,科技
3411,ALPXU,空壳公司,金融服务
3412,ALPX,空壳公司,金融服务
3413,ALP,资产管理,金融服务
3414,ALOY,工业金属采矿,基础材料
3415,ALOV,空壳公司,金融服务
3416,ALOT,计算机硬件,科技
3417,ALNY,生物技术,医疗保健
3418,ALNT,电子元件,科技
3419,ALMU,半导体,科技
3420,ALMS,生物技术,医疗保健
3421,ALMR,医疗设备,医疗保健
3422,ALM,工业金属采矿,基础材料
3423,ALLT,软件,科技
3424,ALLR,生物技术,医疗保健
3425,ALLO,生物技术,医疗保健
3426,ALKT,软件,科技
3427,ALKS,药品制造商,医疗保健
3428,ALIS,空壳公司,金融服务
3429,ALHC,医疗保险,医疗保健
3430,ALGT,航空公司,工业
3431,ALGS,生物技术,医疗保健
3432,ALGN,医疗仪器用品,医疗保健
3433,ALGM,半导体,科技
3434,ALF,空壳公司,金融服务
3435,ALEC,生物技术,医疗保健
3436,ALDX,生物技术,医疗保健
3437,ALDF,空壳公司,金融服务
3438,ALCO,农产品,必需消费
3439,ALAR,软件,科技
3440,ALAB,半导体,科技
3441,AKTX,生物技术,医疗保健
3442,AKTS,生物技术,医疗保健
3443,AKBA,药品制造商,医疗保健
3444,AKAN,药品制造商,医疗保健
3445,AKAM,软件,科技
3446,AIXI,软件,科技
3447,AIXC,软件,科技
3448,AISP,软件,科技
3449,AIRTP,综合企业,工业
3450,AIRT,综合企业,工业
3451,AIRS,医疗设施,医疗保健
3452,AIRO,航空航天国防,工业
3453,AIRJ,建筑产品设备,工业
3454,AIRG,通信设备,科技
3455,AIRE,房地产,房地产
3456,AIP,半导体,科技
3457,AIOT,软件,科技
3458,AIOS,信息技术服务,科技
3459,AIMD,科学技术仪器,科技
3460,AIIR,烟草,必需消费
3461,AIIO,汽车制造,可选消费
3462,AIHS,租赁服务,工业
3463,AIFU,保险经纪,金融服务
3464,AIFF,软件,科技
3465,AIFC,软件,科技
3466,AIFA,软件,科技
3467,AIDX,医疗设备,医疗保健
3468,AIBZ,软件,科技
3469,AIAI,综合企业,工业
3470,AHMA,旅行服务,可选消费
3471,AHG,医疗分销,医疗保健
3472,AHCO,医疗设备,医疗保健
3473,AGYS,软件,科技
3474,AGRZ,农产品,必需消费
3475,AGPU,软件,科技
3476,AGNT,房地产,房地产
3477,AGNCZ,抵押贷款REIT,房地产
3478,AGNCP,抵押贷款REIT,房地产
3479,AGNCO,抵押贷款REIT,房地产
3480,AGNCN,抵押贷款REIT,房地产
3481,AGNCM,抵押贷款REIT,房地产
3482,AGNCL,抵押贷款REIT,房地产
3483,AGNC,抵押贷款REIT,房地产
3484,AGMH,计算机硬件,科技
3485,AGMB,生物技术,医疗保健
3486,AGIO,生物技术,医疗保健
3487,AGEN,生物技术,医疗保健
3488,AGCC,酒庄与酿酒厂,必需消费
3489,AFYA,教育培训服务,必需消费
3490,AFRM,信贷服务,金融服务
3491,AFRI,农产品,必需消费
3492,AFJK,空壳公司,金融服务
3493,AFCG,资产管理,金融服务
3494,AEYE,软件,科技
3495,AEVA,软件,科技
3496,AESPU,空壳公司,金融服务
3497,AESP,空壳公司,金融服务
3498,AERT,咨询服务,工业
3499,AEP,受监管电力公司,公用事业
3500,AENT,娱乐,通讯服务
3501,AEMD,医疗设备,医疗保健
3502,AEIS,电气设备零件,工业
3503,AEI,房地产,房地产
3504,AEHR,半导体设备材料,科技
3505,AEHL,建筑产品设备,工业
3506,AEC,铀业,能源
3507,AEBI,农用重型机械,工业
3508,AEAQU,空壳公司,金融服务
3509,AEAQ,空壳公司,金融服务
3510,ADXN,生物技术,医疗保健
3511,ADVB,诊断与研究,医疗保健
3512,ADV,广告代理,通讯服务
3513,ADUS,医疗设施,医疗保健
3514,ADUR,污染处理控制,工业
3515,ADTN,通信设备,科技
3516,ADSK,软件,科技
3517,ADSE,电气设备零件,工业
3518,ADPT,诊断与研究,医疗保健
3519,ADP,软件,科技
3520,ADMA,生物技术,医疗保健
3521,ADIL,生物技术,医疗保健
3522,ADI,半导体,科技
3523,ADGM,医疗设备,医疗保健
3524,ADEA,软件,科技
3525,ADBT,软件,科技
3526,ADBE,软件,科技
3527,ADAMZ,抵押贷款REIT,房地产
3528,ADAMN,抵押贷款REIT,房地产
3529,ADAMM,抵押贷款REIT,房地产
3530,ADAML,抵押贷款REIT,房地产
3531,ADAM,抵押贷款REIT,房地产
3532,ADAG,生物技术,医疗保健
3533,ADAC,空壳公司,金融服务
3534,ACXP,生物技术,医疗保健
3535,ACTU,生物技术,医疗保健
3536,ACTG,商业设备用品,工业
3537,ACT,专业保险,金融服务
3538,ACRV,生物技术,医疗保健
3539,ACRS,生物技术,医疗保健
3540,ACON,健康信息服务,医疗保健
3541,ACOG,生物技术,医疗保健
3542,ACNT,化学品,基础材料
3543,ACNB,区域性银行,金融服务
3544,ACMR,半导体设备材料,科技
3545,ACLS,半导体设备材料,科技
3546,ACIW,软件,科技
3547,ACIU,生物技术,医疗保健
3548,ACIC,财产意外保险,金融服务
3549,ACHV,生物技术,医疗保健
3550,ACHC,医疗设施,医疗保健
3551,ACGLO,多元化保险,金融服务
3552,ACGLN,多元化保险,金融服务
3553,ACGL,多元化保险,金融服务
3554,ACGC,空壳公司,金融服务
3555,ACFN,科学技术仪器,科技
3556,ACET,生物技术,医疗保健
3557,ACDC,石油天然气设备服务,能源
3558,ACCL,咨询服务,工业
3559,ACB,药品制造商,医疗保健
3560,ACAD,生物技术,医疗保健
3561,ACAA,空壳公司,金融服务
3562,ABVX,生物技术,医疗保健
3563,ABVC,生物技术,医疗保健
3564,ABUS,生物技术,医疗保健
3565,ABTS,资本市场,金融服务
3566,ABTC,资本市场,金融服务
3567,ABSI,生物技术,医疗保健
3568,ABOS,生物技术,医疗保健
3569,ABNB,旅行服务,可选消费
3570,ABLV,专业零售,可选消费
3571,ABEO,生物技术,医疗保健
3572,ABCL,生物技术,医疗保健
3573,ABAT,废物管理,工业
3574,AARD,生物技术,医疗保健
3575,AAPL,消费电子,科技
3576,AAPG,生物技术,医疗保健
3577,AAON,建筑产品设备,工业
3578,AAOI,通信设备,科技
3579,AAME,人寿保险,金融服务
3580,AAL,航空公司,工业
3581,AACPU,空壳公司,金融服务
3582,AACP,空壳公司,金融服务
3583,AACOU,空壳公司,金融服务
3584,AACO,空壳公司,金融服务
3585,AACI,空壳公司,金融服务
3586,AACG,教育培训服务,必需消费
3587,ZWS,污染处理控制,工业
3588,ZVIA,非酒精饮料,必需消费
3589,ZTS,药品制造商,医疗保健
3590,ZTO,综合货运物流,工业
3591,ZKH,互联网零售,可选消费
3592,ZIP,互联网内容信息,通讯服务
3593,ZIM,海运,工业
3594,ZH,互联网内容信息,通讯服务
3595,ZGN,服装制造,可选消费
3596,ZETA,软件,科技
3597,ZEPP,消费电子,科技
3598,ZBH,医疗设备,医疗保健
3599,YUMC,餐厅,可选消费
3600,YUM,餐厅,可选消费
3601,YSS,航空航天国防,工业
3602,YSG,家庭个人用品,必需消费
3603,YRD,信贷服务,金融服务
3604,YPF,石油天然气,能源
3605,YOU,软件,科技
3606,YMM,软件,科技
3607,YEXT,软件,科技
3608,YETI,休闲,可选消费
3609,YELP,互联网内容信息,通讯服务
3610,YCY,空壳公司,金融服务
3611,YALA,软件,科技
3612,XZO,多元化保险,金融服务
3613,XYZ,软件,科技
3614,XYL,专业工业机械,工业
3615,XYF,信贷服务,金融服务
3616,XXI,教育培训服务,必需消费
3617,XRN,医疗保健地产REIT,房地产
3618,XPRO,石油天然气设备服务,能源
3619,XPOF,休闲,可选消费
3620,XPO,卡车运输,工业
3621,XPEV,汽车制造,可选消费
3622,XPER,软件,科技
3623,XOM,石油天然气,能源
3624,XIFR,可再生能源公用事业,公用事业
3625,XHR,酒店汽车旅馆REIT,房地产
3626,XFLH,空壳公司,金融服务
3627,WY,特殊品类REIT,房地产
3628,WWW,鞋类与配饰,可选消费
3629,WU,信贷服务,金融服务
3630,WTTR,石油天然气设备服务,能源
3631,WTS,专业工业机械,工业
3632,WTRG,受监管水务公司,公用事业
3633,WTM,财产意外保险,金融服务
3634,WTI,石油天然气勘探生产,能源
3635,WT,资产管理,金融服务
3636,WST,医疗仪器用品,医疗保健
3637,WSO,工业分销,工业
3638,WSM,专业零售,可选消费
3639,WS,钢铁,基础材料
3640,WRBY,医疗仪器用品,医疗保健
3641,WRB,财产意外保险,金融服务
3642,WPP,广告代理,通讯服务
3643,WPM,黄金,基础材料
3644,WPC,多元化地产REIT,房地产
3645,WPAC,空壳公司,金融服务
3646,WOR,金属加工,工业
3647,WOLF,半导体,科技
3648,WNC,农用重型机械,工业
3649,WMS,建筑产品设备,工业
3650,WMK,杂货店,必需消费
3651,WMB,石油天然气,能源
3652,WM,废物管理,工业
3653,WLYB,出版,通讯服务
3654,WLY,出版,通讯服务
3655,WLKP,化学品,基础材料
3656,WLK,专业化学品,基础材料
3657,WKC,石油天然气炼制销售,能源
3658,WK,软件,科技
3659,WIT,信息技术服务,科技
3660,WHR,家用器具家电,可选消费
3661,WHK,石油天然气,能源
3662,WHG,资产管理,金融服务
3663,WHD,石油天然气设备服务,能源
3664,WH,住宿,可选消费
3665,WGO,休闲车辆,可选消费
3666,WFG,木材木制品生产,基础材料
3667,WFC,多元化银行,金融服务
3668,WF,区域性银行,金融服务
3669,WEX,软件,科技
3670,WES,石油天然气,能源
3671,WENC,空壳公司,金融服务
3672,WELL,医疗保健地产REIT,房地产
3673,WEC,受监管电力公司,公用事业
3674,WEAV,健康信息服务,医疗保健
3675,WDS,石油天然气勘探生产,能源
3676,WDH,多元化保险,金融服务
3677,WD,抵押贷款金融,金融服务
3678,WCN,废物管理,工业
3679,WCC,工业分销,工业
3680,WBX,电子元件,科技
3681,WBI,石油天然气设备服务,能源
3682,WAT,诊断与研究,医疗保健
3683,WAL,区域性银行,金融服务
3684,WAB,铁路,工业
3685,W,互联网零售,可选消费
3686,VZ,电信服务,通讯服务
3687,VYX,信息技术服务,科技
3688,VVX,航空航天国防,工业
3689,VVV,汽车卡车经销,可选消费
3690,VTS,石油天然气勘探生产,能源
3691,VTR,医疗保健地产REIT,房地产
3692,VTOL,石油天然气设备服务,能源
3693,VTMX,房地产,房地产
3694,VTEX,软件,科技
3695,VSXY,服装零售,可选消费
3696,VSTS,租赁服务,工业
3697,VST,独立发电商,公用事业
3698,VSH,半导体,科技
3699,VRTS,资产管理,金融服务
3700,VRT,电气设备零件,工业
3701,VPG,科学技术仪器,科技
3702,VOYG,航空航天国防,工业
3703,VOYA,金融集团,金融服务
3704,VOC,石油天然气勘探生产,能源
3705,VNT,科学技术仪器,科技
3706,VNO,办公地产REIT,房地产
3707,VMRK,住宅地产REIT,房地产
3708,VMO,资产管理,金融服务
3709,VMI,综合企业,工业
3710,VMC,建筑材料,基础材料
3711,VLTO,污染处理控制,工业
3712,VLRS,航空公司,工业
3713,VLO,石油天然气炼制销售,能源
3714,VLN,半导体,科技
3715,VIV,电信服务,通讯服务
3716,VIST,石油天然气勘探生产,能源
3717,VIRT,资本市场,金融服务
3718,VIPS,互联网零售,可选消费
3719,VIK,旅行服务,可选消费
3720,VII,空壳公司,金融服务
3721,VICI,多元化地产REIT,房地产
3722,VIA,软件,科技
3723,VHI,化学品,基础材料
3724,VGNT,汽车零部件,可选消费
3725,VG,石油天然气,能源
3726,VFC,服装制造,可选消费
3727,VET,石油天然气勘探生产,能源
3728,VEL,抵押贷款金融,金融服务
3729,VEEV,健康信息服务,医疗保健
3730,VECA,空壳公司,金融服务
3731,VATE,工程与建筑,工业
3732,VALE,工业金属采矿,基础材料
3733,VAL,石油天然气钻探,能源
3734,VACI,空壳公司,金融服务
3735,VAC,度假村与赌场,可选消费
3736,V,信贷服务,金融服务
3737,UWMC,抵押贷款金融,金融服务
3738,UVV,烟草,必需消费
3739,UVE,财产意外保险,金融服务
3740,UTZ,包装食品,必需消费
3741,UTL,综合公用事业,公用事业
3742,UTI,教育培训服务,必需消费
3743,USPH,医疗设施,医疗保健
3744,USNA,包装食品,必需消费
3745,USFD,食品分销,必需消费
3746,USB,区域性银行,金融服务
3747,USAC,石油天然气设备服务,能源
3748,URI,租赁服务,工业
3749,UPS,综合货运物流,工业
3750,UP,机场航空服务,工业
3751,UNP,铁路,工业
3752,UNM,人寿保险,金融服务
3753,UNH,医疗保险,医疗保健
3754,UNFI,食品分销,必需消费
3755,UNF,专业商业服务,工业
3756,UMH,住宅地产REIT,房地产
3757,UMC,半导体,科技
3758,ULS,专业商业服务,工业
3759,UL,家庭个人用品,必需消费
3760,UIS,信息技术服务,科技
3761,UI,通信设备,科技
3762,UHT,医疗保健地产REIT,房地产
3763,UHS,医疗设施,医疗保健
3764,UHAL,租赁服务,工业
3765,UGP,石油天然气炼制销售,能源
3766,UGI,受监管燃气公司,公用事业
3767,UFI,纺织制造,可选消费
3768,UE,零售地产REIT,房地产
3769,UDR,住宅地产REIT,房地产
3770,UCB,区域性银行,金融服务
3771,UBS,多元化银行,金融服务
3772,UBER,软件,科技
3773,UAN,农业投入,基础材料
3774,UAMY,工业金属采矿,基础材料
3775,UAA,服装制造,可选消费
3776,UA,服装制造,可选消费
3777,U,软件,科技
3778,TYL,软件,科技
3779,TYG,资产管理,金融服务
3780,TXT,航空航天国防,工业
3781,TXO,石油天然气勘探生产,能源
3782,TXNM,受监管电力公司,公用事业
3783,TX,钢铁,基础材料
3784,TWLO,软件,科技
3785,TWI,农用重型机械,工业
3786,TV,电信服务,通讯服务
3787,TUYA,软件,科技
3788,TU,电信服务,通讯服务
3789,TTI,综合企业,工业
3790,TTE,石油天然气,能源
3791,TTC,工具与配件,工业
3792,TTAM,建筑材料,基础材料
3793,TT,建筑产品设备,工业
3794,TSQ,广告代理,通讯服务
3795,TSN,农产品,必需消费
3796,TSM,半导体,科技
3797,TSLX,资产管理,金融服务
3798,TS,石油天然气设备服务,能源
3799,TRV,财产意外保险,金融服务
3800,TRU,金融证券交易所,金融服务
3801,TRTX,抵押贷款REIT,房地产
3802,TRP,石油天然气,能源
3803,TROX,化学品,基础材料
3804,TRNO,工业地产REIT,房地产
3805,TRN,铁路,工业
3806,TRLV,药品制造商,医疗保健
3807,TRIN,资产管理,金融服务
3808,TRGP,石油天然气,能源
3809,TREX,建筑产品设备,工业
3810,TRC,综合企业,工业
3811,TRAK,软件,科技
3812,TRAD,空壳公司,金融服务
3813,TR,糖果制造,必需消费
3814,TPVG,资产管理,金融服务
3815,TPR,奢侈品,可选消费
3816,TPL,石油天然气勘探生产,能源
3817,TPC,工程与建筑,工业
3818,TPB,烟草,必需消费
3819,TOST,软件,科技
3820,TOL,住宅建筑,可选消费
3821,TNL,旅行服务,可选消费
3822,TNK,石油天然气,能源
3823,TNET,人力资源就业服务,工业
3824,TNC,专业工业机械,工业
3825,TMO,诊断与研究,医疗保健
3826,TME,互联网内容信息,通讯服务
3827,TM,汽车制造,可选消费
3828,TLYS,服装零售,可选消费
3829,TLK,电信服务,通讯服务
3830,TKR,工具与配件,工业
3831,TKO,娱乐,通讯服务
3832,TKC,电信服务,通讯服务
3833,TK,石油天然气,能源
3834,TJX,服装零售,可选消费
3835,TISI,专业商业服务,工业
3836,TIMB,电信服务,通讯服务
3837,TIC,专业商业服务,工业
3838,THO,休闲车辆,可选消费
3839,THG,财产意外保险,金融服务
3840,THC,医疗设施,医疗保健
3841,TGT,折扣商店,必需消费
3842,TGS,石油天然气,能源
3843,TGLS,建筑材料,基础材料
3844,TGE,资产管理,金融服务
3845,TG,金属加工,工业
3846,TFX,医疗仪器用品,医疗保健
3847,TFPM,贵金属采矿,基础材料
3848,TFIN,区域性银行,金融服务
3849,TFII,卡车运输,工业
3850,TFC,区域性银行,金融服务
3851,TEX,农用重型机械,工业
3852,TEVA,药品制造商,医疗保健
3853,TEO,电信服务,通讯服务
3854,TEN,石油天然气,能源
3855,TEL,电子元件,科技
3856,TECK,铜业,基础材料
3857,TE,电气设备零件,工业
3858,TDY,科学技术仪器,科技
3859,TDW,石油天然气设备服务,能源
3860,TDS,电信服务,通讯服务
3861,TDOC,健康信息服务,医疗保健
3862,TDG,航空航天国防,工业
3863,TDC,软件,科技
3864,TDAY,出版,通讯服务
3865,TD,多元化银行,金融服务
3866,TCI,房地产,房地产
3867,TCBX,区域性银行,金融服务
3868,TBN,石油天然气勘探生产,能源
3869,TBI,人力资源就业服务,工业
3870,TBBB,折扣商店,必需消费
3871,TAP,啤酒饮料,必需消费
3872,TALO,石油天然气勘探生产,能源
3873,TAL,教育培训服务,必需消费
3874,TAK,药品制造商,医疗保健
3875,TAC,独立发电商,公用事业
3876,T,电信服务,通讯服务
3877,SYY,食品分销,必需消费
3878,SYK,医疗设备,医疗保健
3879,SYF,信贷服务,金融服务
3880,SXT,专业化学品,基础材料
3881,SXI,专业工业机械,工业
3882,SXC,焦煤,基础材料
3883,SWX,受监管燃气公司,公用事业
3884,SWK,工具与配件,工业
3885,SW,包装容器,可选消费
3886,SVV,专业零售,可选消费
3887,SUZ,纸制品,基础材料
3888,SUPV,区域性银行,金融服务
3889,SUNC,石油天然气,能源
3890,SUNB,租赁服务,工业
3891,SUN,石油天然气炼制销售,能源
3892,SUI,住宅地产REIT,房地产
3893,SU,石油天然气,能源
3894,STZ,啤酒饮料,必需消费
3895,STWD,抵押贷款REIT,房地产
3896,STVN,医疗仪器用品,医疗保健
3897,STUB,互联网内容信息,通讯服务
3898,STT,资产管理,金融服务
3899,STNG,石油天然气,能源
3900,STN,工程与建筑,工业
3901,STM,半导体,科技
3902,STLA,汽车制造,可选消费
3903,STG,教育培训服务,必需消费
3904,STEM,可再生能源公用事业,公用事业
3905,STE,医疗设备,医疗保健
3906,STDN,专业化学品,基础材料
3907,STC,财产意外保险,金融服务
3908,STAG,工业地产REIT,房地产
3909,ST,科学技术仪器,科技
3910,SSTK,互联网内容信息,通讯服务
3911,SST,专业商业服务,工业
3912,SSMR,工业金属采矿,基础材料
3913,SSL,专业化学品,基础材料
3914,SSD,木材木制品生产,基础材料
3915,SSB,区域性银行,金融服务
3916,SRL,资本市场,金融服务
3917,SRI,汽车零部件,可选消费
3918,SRG,房地产,房地产
3919,SRFM,航空公司,工业
3920,SRE,综合公用事业,公用事业
3921,SR,受监管燃气公司,公用事业
3922,SQNS,半导体,科技
3923,SQM,专业化学品,基础材料
3924,SPXC,建筑产品设备,工业
3925,SPRU,太阳能,科技
3926,SPOT,互联网内容信息,通讯服务
3927,SPNT,再保险,金融服务
3928,SPME,资产管理,金融服务
3929,SPMC,资产管理,金融服务
3930,SPMA,资产管理,金融服务
3931,SPIR,专业商业服务,工业
3932,SPHR,娱乐,通讯服务
3933,SPH,受监管燃气公司,公用事业
3934,SPGI,金融证券交易所,金融服务
3935,SPG,零售地产REIT,房地产
3936,SPCE,航空航天国防,工业
3937,SPB,家庭个人用品,必需消费
3938,SOUL,空壳公司,金融服务
3939,SOS,资本市场,金融服务
3940,SONY,消费电子,科技
3941,SON,包装容器,可选消费
3942,SOMN,受监管电力公司,公用事业
3943,SOLV,医疗仪器用品,医疗保健
3944,SOC,石油天然气钻探,能源
3945,SOBO,石油天然气,能源
3946,SO,受监管电力公司,公用事业
3947,SNX,电子计算机分销,科技
3948,SNOW,软件,科技
3949,SNN,医疗设备,医疗保健
3950,SNDR,卡车运输,工业
3951,SNDA,医疗设施,医疗保健
3952,SNAP,互联网内容信息,通讯服务
3953,SNA,工具与配件,工业
3954,SN,家用器具家电,可选消费
3955,SMWB,软件,科技
3956,SMRT,软件,科技
3957,SMR,专业工业机械,工业
3958,SMP,汽车零部件,可选消费
3959,SMHI,海运,工业
3960,SMG,农业投入,基础材料
3961,SMFG,多元化银行,金融服务
3962,SMC,石油天然气,能源
3963,SMBK,区域性银行,金融服务
3964,SMA,工业地产REIT,房地产
3965,SM,石油天然气勘探生产,能源
3966,SLVM,纸制品,基础材料
3967,SLQT,保险经纪,金融服务
3968,SLGN,包装容器,可选消费
3969,SLG,办公地产REIT,房地产
3970,SLF,多元化保险,金融服务
3971,SLB,石油天然气设备服务,能源
3972,SKYH,房地产,房地产
3973,SKY,住宅建筑,可选消费
3974,SKT,零售地产REIT,房地产
3975,SKM,电信服务,通讯服务
3976,SKIL,教育培训服务,必需消费
3977,SKE,工业金属采矿,基础材料
3978,SJT,石油天然气勘探生产,能源
3979,SJM,包装食品,必需消费
3980,SITE,工业分销,工业
3981,SITC,零售地产REIT,房地产
3982,SIND,贵金属采矿,基础材料
3983,SII,资产管理,金融服务
3984,SIG,奢侈品,可选消费
3985,SID,钢铁,基础材料
3986,SHW,专业化学品,基础材料
3987,SHO,酒店汽车旅馆REIT,房地产
3988,SHG,区域性银行,金融服务
3989,SHEL,石油天然气,能源
3990,SHAK,餐厅,可选消费
3991,SGU,石油天然气炼制销售,能源
3992,SGI,家用器具家电,可选消费
3993,SGHC,博彩,可选消费
3994,SG,餐厅,可选消费
3995,SFL,海运,工业
3996,SFBS,区域性银行,金融服务
3997,SF,资本市场,金融服务
3998,SES,汽车零部件,可选消费
3999,SEI,石油天然气设备服务,能源
4000,SEG,房地产,房地产
4001,SECZ,软件,科技
4002,SE,互联网零售,可选消费
4003,SDRL,石油天然气钻探,能源
4004,SDHC,房地产,房地产
4005,SD,石油天然气勘探生产,能源
4006,SCM,资产管理,金融服务
4007,SCL,专业化学品,基础材料
4008,SCI,个人服务,可选消费
4009,SCHW,资本市场,金融服务
4010,SCCO,铜业,基础材料
4011,SBXE,空壳公司,金融服务
4012,SBXD,空壳公司,金融服务
4013,SBSW,贵金属采矿,基础材料
4014,SBSI,区域性银行,金融服务
4015,SBS,受监管水务公司,公用事业
4016,SBR,石油天然气,能源
4017,SBH,专业零售,可选消费
4018,SB,海运,工业
4019,SARO,航空航天国防,工业
4020,SAR,资产管理,金融服务
4021,SAP,软件,科技
4022,SAN,多元化银行,金融服务
4023,SAM,啤酒饮料,必需消费
4024,SAH,汽车卡车经销,可选消费
4025,SAGU,空壳公司,金融服务
4026,SAFE,多元化地产REIT,房地产
4027,SAC,空壳公司,金融服务
4028,SA,黄金,基础材料
4029,S,软件,科技
4030,RYZ,金属加工,工业
4031,RYN,特殊品类REIT,房地产
4032,RYAN,专业保险,金融服务
4033,RYAM,化学品,基础材料
4034,RY,多元化银行,金融服务
4035,RXO,卡车运输,工业
4036,RWT,抵押贷款REIT,房地产
4037,RVTY,诊断与研究,医疗保健
4038,RVLV,互联网零售,可选消费
4039,RVII,资产管理,金融服务
4040,RTX,航空航天国防,工业
4041,RTO,专业商业服务,工业
4042,RSKD,软件,科技
4043,RSI,博彩,可选消费
4044,RSG,废物管理,工业
4045,RS,钢铁,基础材料
4046,RRX,专业工业机械,工业
4047,RRC,石油天然气勘探生产,能源
4048,RPT,抵押贷款REIT,房地产
4049,RPM,专业化学品,基础材料
4050,RPC,资产管理,金融服务
4051,ROL,个人服务,可选消费
4052,ROK,专业工业机械,工业
4053,ROG,电子元件,科技
4054,RNST,区域性银行,金融服务
4055,RNR,再保险,金融服务
4056,RNGR,石油天然气设备服务,能源
4057,RNG,软件,科技
4058,RMD,医疗仪器用品,医疗保健
4059,RM,信贷服务,金融服务
4060,RLX,烟草,必需消费
4061,RLJ,酒店汽车旅馆REIT,房地产
4062,RLI,财产意外保险,金融服务
4063,RL,服装制造,可选消费
4064,RKT,抵押贷款金融,金融服务
4065,RJF,资产管理,金融服务
4066,RITM,抵押贷款REIT,房地产
4067,RIO,工业金属采矿,基础材料
4068,RIG,石油天然气钻探,能源
4069,RHP,酒店汽车旅馆REIT,房地产
4070,RHLD,专业商业服务,工业
4071,RHI,人力资源就业服务,工业
4072,RH,专业零售,可选消费
4073,RGR,航空航天国防,工业
4074,RGA,再保险,金融服务
4075,RFL,房地产,房地产
4076,RF,区域性银行,金融服务
4077,REZI,工业分销,工业
4078,REXR,工业地产REIT,房地产
4079,REX,化学品,基础材料
4080,RES,石油天然气设备服务,能源
4081,RERE,互联网零售,可选消费
4082,RELX,专业商业服务,工业
4083,REF,服装零售,可选消费
4084,RDY,药品制造商,医疗保健
4085,RDW,航空航天国防,工业
4086,RDN,专业保险,金融服务
4087,RDDT,互联网内容信息,通讯服务
4088,RCUS,生物技术,医疗保健
4089,RCL,旅行服务,可选消费
4090,RCI,电信服务,通讯服务
4091,RC,抵押贷款REIT,房地产
4092,RBRK,软件,科技
4093,RBLX,电子游戏多媒体,通讯服务
4094,RBC,工具与配件,工业
4095,RBA,专业商业服务,工业
4096,RAMP,软件,科技
4097,RAL,电子元件,科技
4098,RACE,汽车制造,可选消费
4099,RAC,空壳公司,金融服务
4100,R,租赁服务,工业
4101,QXO,工业分销,工业
4102,QUAD,专业商业服务,工业
4103,QTWO,软件,科技
4104,QSR,餐厅,可选消费
4105,QRED,空壳公司,金融服务
4106,QLEP,空壳公司,金融服务
4107,QGEN,诊断与研究,医疗保健
4108,Q,半导体设备材料,科技
4109,PXED,教育培训服务,必需消费
4110,PWR,工程与建筑,工业
4111,PVL,石油天然气勘探生产,能源
4112,PVH,服装制造,可选消费
4113,PUMP,石油天然气设备服务,能源
4114,PUK,人寿保险,金融服务
4115,PSX,石油天然气炼制销售,能源
4116,PSTL,办公地产REIT,房地产
4117,PSQH,软件,科技
4118,PSO,出版,通讯服务
4119,PSN,信息技术服务,科技
4120,PSFE,软件,科技
4121,PSBD,资产管理,金融服务
4122,PSA,工业地产REIT,房地产
4123,PS,资产管理,金融服务
4124,PRU,人寿保险,金融服务
4125,PRT,石油天然气勘探生产,能源
4126,PRSU,旅行服务,可选消费
4127,PRMB,非酒精饮料,必需消费
4128,PRM,专业化学品,基础材料
4129,PRLB,金属加工,工业
4130,PRKS,休闲,可选消费
4131,PRIM,工程与建筑,工业
4132,PRI,人寿保险,金融服务
4133,PRGO,药品制造商,医疗保健
4134,PRG,租赁服务,工业
4135,PR,石油天然气勘探生产,能源
4136,PPLC,受监管电力公司,公用事业
4137,PPL,受监管电力公司,公用事业
4138,PPG,专业化学品,基础材料
4139,POST,包装食品,必需消费
4140,POR,受监管电力公司,公用事业
4141,PNW,受监管电力公司,公用事业
4142,PNR,专业工业机械,工业
4143,PNNT,资产管理,金融服务
4144,PNFP,区域性银行,金融服务
4145,PNC,区域性银行,金融服务
4146,PMT,抵押贷款REIT,房地产
4147,PM,烟草,必需消费
4148,PLUN,空壳公司,金融服务
4149,PLOW,汽车零部件,可选消费
4150,PLNT,休闲,可选消费
4151,PLGO,多元化保险,金融服务
4152,PLD,工业地产REIT,房地产
4153,PL,航空航天国防,工业
4154,PKX,钢铁,基础材料
4155,PKG,包装容器,可选消费
4156,PKE,航空航天国防,工业
4157,PK,酒店汽车旅馆REIT,房地产
4158,PJT,资本市场,金融服务
4159,PIPR,资本市场,金融服务
4160,PINS,互联网内容信息,通讯服务
4161,PINE,零售地产REIT,房地产
4162,PII,休闲车辆,可选消费
4163,PHR,健康信息服务,医疗保健
4164,PHM,住宅建筑,可选消费
4165,PHIN,汽车零部件,可选消费
4166,PHI,电信服务,通讯服务
4167,PHG,医疗设备,医疗保健
4168,PH,专业工业机械,工业
4169,PGR,财产意外保险,金融服务
4170,PG,家庭个人用品,必需消费
4171,PFSI,抵押贷款金融,金融服务
4172,PFS,区域性银行,金融服务
4173,PFLT,资产管理,金融服务
4174,PFGC,食品分销,必需消费
4175,PFE,药品制造商,医疗保健
4176,PEW,航空航天国防,工业
4177,PERF,软件,科技
4178,PEN,医疗设备,医疗保健
4179,PEG,受监管电力公司,公用事业
4180,PEB,酒店汽车旅馆REIT,房地产
4181,PDX,资产管理,金融服务
4182,PDS,石油天然气钻探,能源
4183,PDPA,资产管理,金融服务
4184,PDM,办公地产REIT,房地产
4185,PDCC,资产管理,金融服务
4186,PD,软件,科技
4187,PCOR,软件,科技
4188,PCG,受监管电力公司,公用事业
4189,PBT,石油天然气,能源
4190,PBR,石油天然气,能源
4191,PBI,综合货运物流,工业
4192,PBH,药品制造商,医疗保健
4193,PBF,石油天然气炼制销售,能源
4194,PBA,石油天然气,能源
4195,PB,区域性银行,金融服务
4196,PAYC,软件,科技
4197,PAY,软件,科技
4198,PATH,软件,科技
4199,PARR,石油天然气炼制销售,能源
4200,PAR,软件,科技
4201,PAM,综合企业,工业
4202,PAII,空壳公司,金融服务
4203,PAGS,软件,科技
4204,PAG,汽车卡车经销,可选消费
4205,PACS,医疗设施,医疗保健
4206,PACK,包装容器,可选消费
4207,PAC,机场航空服务,工业
4208,PAAS,黄金,基础材料
4209,P,计算机硬件,科技
4210,OXY,石油天然气勘探生产,能源
4211,OXM,服装制造,可选消费
4212,OWLT,医疗设备,医疗保健
4213,OWL,资产管理,金融服务
4214,OVV,石油天然气勘探生产,能源
4215,OUT,特殊品类REIT,房地产
4216,OTIS,专业工业机械,工业
4217,OTF,资产管理,金融服务
4218,OTAI,空壳公司,金融服务
4219,OSK,农用重型机械,工业
4220,OSG,专业保险,金融服务
4221,OSCR,医疗保险,医疗保健
4222,ORN,工程与建筑,工业
4223,ORI,财产意外保险,金融服务
4224,ORCL,软件,科技
4225,ORC,抵押贷款REIT,房地产
4226,ORA,可再生能源公用事业,公用事业
4227,OR,黄金,基础材料
4228,OPY,资本市场,金融服务
4229,OPTU,电信服务,通讯服务
4230,OPLN,汽车卡车经销,可选消费
4231,OPFI,信贷服务,金融服务
4232,OPAD,房地产,房地产
4233,OOMA,软件,科技
4234,ONTO,半导体设备材料,科技
4235,ONT,废物管理,工业
4236,ONON,鞋类与配饰,可选消费
4237,ONL,办公地产REIT,房地产
4238,ONIT,抵押贷款金融,金融服务
4239,OMF,信贷服务,金融服务
4240,OMC,广告代理,通讯服务
4241,OLP,多元化地产REIT,房地产
4242,OLN,化学品,基础材料
4243,OKLO,独立发电商,公用事业
4244,OKE,石油天然气,能源
4245,OIS,石油天然气设备服务,能源
4246,OII,石油天然气设备服务,能源
4247,OI,包装容器,可选消费
4248,OHI,医疗保健地产REIT,房地产
4249,OGS,受监管燃气公司,公用事业
4250,OGN,药品制造商,医疗保健
4251,OGG,黄金,基础材料
4252,OGE,受监管电力公司,公用事业
4253,OGC,黄金,基础材料
4254,OFRM,包装食品,必需消费
4255,OFG,区域性银行,金融服务
4256,OEC,专业化学品,基础材料
4257,ODC,专业化学品,基础材料
4258,OCAC,空壳公司,金融服务
4259,OC,建筑产品设备,工业
4260,OBK,区域性银行,金融服务
4261,OBDC,资产管理,金融服务
4262,O,零售地产REIT,房地产
4263,NYT,出版,通讯服务
4264,NYC,房地产,房地产
4265,NXRT,住宅地产REIT,房地产
4266,NXG,资产管理,金融服务
4267,NXE,铀业,能源
4268,NXDR,互联网内容信息,通讯服务
4269,NX,建筑产品设备,工业
4270,NWN,受监管燃气公司,公用事业
4271,NWG,区域性银行,金融服务
4272,NWAX,空壳公司,金融服务
4273,NVT,电气设备零件,工业
4274,NVST,医疗仪器用品,医疗保健
4275,NVS,药品制造商,医疗保健
4276,NVRI,废物管理,工业
4277,NVR,住宅建筑,可选消费
4278,NVO,药品制造商,医疗保健
4279,NVGS,石油天然气,能源
4280,NUVB,生物技术,医疗保健
4281,NUS,家庭个人用品,必需消费
4282,NUE,钢铁,基础材料
4283,NU,区域性银行,金融服务
4284,NTZ,家用器具家电,可选消费
4285,NTST,零售地产REIT,房地产
4286,NTR,农业投入,基础材料
4287,NTB,多元化银行,金融服务
4288,NSP,人力资源就业服务,工业
4289,NSC,铁路,工业
4290,NRT,石油天然气勘探生产,能源
4291,NRP,动力煤,能源
4292,NRGV,可再生能源公用事业,公用事业
4293,NRG,独立发电商,公用事业
4294,NREF,抵押贷款REIT,房地产
4295,NRDY,软件,科技
4296,NPWR,专业工业机械,工业
4297,NPO,专业工业机械,工业
4298,NPKI,建筑产品设备,工业
4299,NPK,航空航天国防,工业
4300,NPB,区域性银行,金融服务
4301,NP,保险经纪,金融服务
4302,NOW,软件,科技
4303,NOV,石油天然气设备服务,能源
4304,NOMD,包装食品,必需消费
4305,NOK,通信设备,科技
4306,NOG,石油天然气勘探生产,能源
4307,NOC,航空航天国防,工业
4308,NOAH,资产管理,金融服务
4309,NOA,石油天然气设备服务,能源
4310,NNN,零售地产REIT,房地产
4311,NNI,信贷服务,金融服务
4312,NMR,资本市场,金融服务
4313,NMM,海运,工业
4314,NMG,工业金属采矿,基础材料
4315,NMCO,资产管理,金融服务
4316,NMAX,广播媒体,通讯服务
4317,NLY,抵押贷款REIT,房地产
4318,NLOP,办公地产REIT,房地产
4319,NL,安保服务,工业
4320,NKE,鞋类与配饰,可选消费
4321,NJR,受监管燃气公司,公用事业
4322,NIO,汽车制造,可选消费
4323,NIC,区域性银行,金融服务
4324,NI,受监管燃气公司,公用事业
4325,NHI,医疗保健地产REIT,房地产
4326,NGVT,专业化学品,基础材料
4327,NGVC,杂货店,必需消费
4328,NGS,石油天然气设备服务,能源
4329,NGL,石油天然气,能源
4330,NGG,受监管电力公司,公用事业
4331,NFG,石油天然气,能源
4332,NEXA,工业金属采矿,基础材料
4333,NEU,专业化学品,基础材料
4334,NET,软件,科技
4335,NEM,黄金,基础材料
4336,NEE,受监管电力公司,公用事业
4337,NE,石油天然气钻探,能源
4338,NCLH,旅行服务,可选消费
4339,NCDL,资产管理,金融服务
4340,NC,动力煤,能源
4341,NBR,石油天然气钻探,能源
4342,NBHC,区域性银行,金融服务
4343,NATL,软件,科技
4344,NAT,石油天然气,能源
4345,NABL,信息技术服务,科技
4346,MZYX,空壳公司,金融服务
4347,MYE,包装容器,可选消费
4348,MXF,资产管理,金融服务
4349,MX,半导体,科技
4350,MWA,专业工业机械,工业
4351,MUX,贵金属采矿,基础材料
4352,MUSA,专业零售,可选消费
4353,MUR,石油天然气勘探生产,能源
4354,MUFG,多元化银行,金融服务
4355,MTZ,工程与建筑,工业
4356,MTX,专业化学品,基础材料
4357,MTW,农用重型机械,工业
4358,MTUS,钢铁,基础材料
4359,MTRN,工业金属采矿,基础材料
4360,MTR,石油天然气勘探生产,能源
4361,MTNE,空壳公司,金融服务
4362,MTN,度假村与赌场,可选消费
4363,MTH,住宅建筑,可选消费
4364,MTG,专业保险,金融服务
4365,MTDR,石油天然气勘探生产,能源
4366,MTD,诊断与研究,医疗保健
4367,MTB,区域性银行,金融服务
4368,MTAL,空壳公司,金融服务
4369,MT,钢铁,基础材料
4370,MSM,工业分销,工业
4371,MSIF,资产管理,金融服务
4372,MSI,通信设备,科技
4373,MSGS,娱乐,通讯服务
4374,MSGE,娱乐,通讯服务
4375,MSDL,资产管理,金融服务
4376,MSCI,金融证券交易所,金融服务
4377,MSC,度假村与赌场,可选消费
4378,MSB,钢铁,基础材料
4379,MSA,安保服务,工业
4380,MS,资本市场,金融服务
4381,MRSH,保险经纪,金融服务
4382,MRP,住宅地产REIT,房地产
4383,MRK,药品制造商,医疗保健
4384,MPT,医疗保健地产REIT,房地产
4385,MPLX,石油天然气,能源
4386,MPC,石油天然气炼制销售,能源
4387,MP,工业金属采矿,基础材料
4388,MOV,奢侈品,可选消费
4389,MOS,农业投入,基础材料
4390,MOH,医疗保险,医疗保健
4391,MOGU,互联网零售,可选消费
4392,MOD,汽车零部件,可选消费
4393,MO,烟草,必需消费
4394,MNTN,软件,科技
4395,MNSO,专业零售,可选消费
4396,MNR,石油天然气勘探生产,能源
4397,MMS,专业商业服务,工业
4398,MMM,综合企业,工业
4399,MMI,房地产,房地产
4400,MMD,资产管理,金融服务
4401,MLR,汽车零部件,可选消费
4402,MLP,房地产,房地产
4403,MLM,建筑材料,基础材料
4404,MLI,金属加工,工业
4405,MKL,财产意外保险,金融服务
4406,MKC,包装食品,必需消费
4407,MITT,抵押贷款REIT,房地产
4408,MIR,专业工业机械,工业
4409,MICC,包装食品,必需消费
4410,MIAX,资本市场,金融服务
4411,MHO,住宅建筑,可选消费
4412,MHK,家用器具家电,可选消费
4413,MH,教育培训服务,必需消费
4414,MGY,石油天然气勘探生产,能源
4415,MGM,度假村与赌场,可选消费
4416,MGA,汽车零部件,可选消费
4417,MG,安保服务,工业
4418,MFG,区域性银行,金融服务
4419,MFC,人寿保险,金融服务
4420,MFA,抵押贷款REIT,房地产
4421,MET,人寿保险,金融服务
4422,MEI,电子元件,科技
4423,MED,个人服务,可选消费
4424,MEC,金属加工,工业
4425,MDU,受监管燃气公司,公用事业
4426,MDT,医疗设备,医疗保健
4427,MDA,航空航天国防,工业
4428,MD,医疗设施,医疗保健
4429,MCY,财产意外保险,金融服务
4430,MCS,娱乐,通讯服务
4431,MCO,金融证券交易所,金融服务
4432,MCK,医疗分销,医疗保健
4433,MCI,资产管理,金融服务
4434,MCD,餐厅,可选消费
4435,MCB,区域性银行,金融服务
4436,MC,资本市场,金融服务
4437,MBI,专业保险,金融服务
4438,MBGL,软件,科技
4439,MBC,家用器具家电,可选消费
4440,MAX,互联网内容信息,通讯服务
4441,MATX,海运,工业
4442,MATV,专业化学品,基础材料
4443,MAS,建筑产品设备,工业
4444,MANU,娱乐,通讯服务
4445,MANE,生物技术,医疗保健
4446,MAN,人力资源就业服务,工业
4447,MAIR,建筑产品设备,工业
4448,MAIN,资产管理,金融服务
4449,MAGN,家庭个人用品,必需消费
4450,MAC,零售地产REIT,房地产
4451,MAA,住宅地产REIT,房地产
4452,MA,信贷服务,金融服务
4453,M,百货商店,可选消费
4454,LZM,工业金属采矿,基础材料
4455,LZB,家用器具家电,可选消费
4456,LYV,娱乐,通讯服务
4457,LYNX,航空航天国防,工业
4458,LYG,区域性银行,金融服务
4459,LYB,专业化学品,基础材料
4460,LXU,化学品,基础材料
4461,LXP,工业地产REIT,房地产
4462,LXFR,专业工业机械,工业
4463,LW,包装食品,必需消费
4464,LVWR,汽车制造,可选消费
4465,LVS,度假村与赌场,可选消费
4466,LUXE,奢侈品,可选消费
4467,LUV,航空公司,工业
4468,LUMN,电信服务,通讯服务
4469,LUCK,休闲,可选消费
4470,LU,信贷服务,金融服务
4471,LTM,航空公司,工业
4472,LTH,休闲,可选消费
4473,LTC,医疗保健地产REIT,房地产
4474,LSPD,软件,科技
4475,LRN,教育培训服务,必需消费
4476,LPX,建筑产品设备,工业
4477,LPL,消费电子,科技
4478,LPG,石油天然气,能源
4479,LOW,家居改善零售,可选消费
4480,LOMA,建筑材料,基础材料
4481,LOCL,农产品,必需消费
4482,LOB,区域性银行,金融服务
4483,LOAR,航空航天国防,工业
4484,LNN,农用重型机械,工业
4485,LNG,石油天然气,能源
4486,LND,农产品,必需消费
4487,LNC,人寿保险,金融服务
4488,LMT,航空航天国防,工业
4489,LMND,财产意外保险,金融服务
4490,LLY,药品制造商,医疗保健
4491,LITB,互联网零售,可选消费
4492,LII,建筑产品设备,工业
4493,LHX,航空航天国防,工业
4494,LH,诊断与研究,医疗保健
4495,LFT,抵押贷款REIT,房地产
4496,LEVI,服装制造,可选消费
4497,LEU,铀业,能源
4498,LEN,住宅建筑,可选消费
4499,LEG,家用器具家电,可选消费
4500,LEA,汽车零部件,可选消费
4501,LDP,资产管理,金融服务
4502,LDOS,信息技术服务,科技
4503,LDI,抵押贷款金融,金融服务
4504,LCLN,资本市场,金融服务
4505,LCII,休闲车辆,可选消费
4506,LBRT,石油天然气设备服务,能源
4507,LB,石油天然气设备服务,能源
4508,LAZ,资本市场,金融服务
4509,LAW,软件,科技
4510,LAR,工业金属采矿,基础材料
4511,LANV,奢侈品,可选消费
4512,LADR,抵押贷款REIT,房地产
4513,LAD,汽车卡车经销,可选消费
4514,LAC,工业金属采矿,基础材料
4515,L,财产意外保险,金融服务
4516,KYN,资产管理,金融服务
4517,KWY,资产管理,金融服务
4518,KWR,专业化学品,基础材料
4519,KVYO,软件,科技
4520,KVUE,家庭个人用品,必需消费
4521,KTB,服装制造,可选消费
4522,KT,电信服务,通讯服务
4523,KSS,百货商店,可选消费
4524,KRSP,空壳公司,金融服务
4525,KRP,石油天然气勘探生产,能源
4526,KRO,专业化学品,基础材料
4527,KRMN,航空航天国防,工业
4528,KRG,零售地产REIT,房地产
4529,KREF,抵押贷款REIT,房地产
4530,KRC,办公地产REIT,房地产
4531,KR,杂货店,必需消费
4532,KPET,空壳公司,金融服务
4533,KOS,石油天然气勘探生产,能源
4534,KOP,专业化学品,基础材料
4535,KOF,非酒精饮料,必需消费
4536,KODK,专业商业服务,工业
4537,KO,非酒精饮料,必需消费
4538,KNX,卡车运输,工业
4539,KNTK,石油天然气,能源
4540,KNSL,财产意外保险,金融服务
4541,KNOP,石油天然气,能源
4542,KNF,建筑材料,基础材料
4543,KN,电子元件,科技
4544,KMX,汽车卡车经销,可选消费
4545,KMT,工具与配件,工业
4546,KMPR,财产意外保险,金融服务
4547,KMI,石油天然气,能源
4548,KLC,教育培训服务,必需消费
4549,KLAR,信贷服务,金融服务
4550,KKR,资产管理,金融服务
4551,KIM,零售地产REIT,房地产
4552,KGS,石油天然气设备服务,能源
4553,KGC,黄金,基础材料
4554,KFY,人力资源就业服务,工业
4555,KFRC,人力资源就业服务,工业
4556,KEYS,科学技术仪器,科技
4557,KEY,区域性银行,金融服务
4558,KEX,海运,工业
4559,KEP,受监管电力公司,公用事业
4560,KEN,独立发电商,公用事业
4561,KD,信息技术服务,科技
4562,KBR,工程与建筑,工业
4563,KBH,住宅建筑,可选消费
4564,KBDC,资产管理,金融服务
4565,KB,区域性银行,金融服务
4566,KAI,专业工业机械,工业
4567,JXN,人寿保险,金融服务
4568,JPM,多元化银行,金融服务
4569,JOE,房地产,房地产
4570,JOBY,机场航空服务,工业
4571,JNJ,药品制造商,医疗保健
4572,JMKE,餐厅,可选消费
4573,JMIA,互联网零售,可选消费
4574,JLL,房地产,房地产
4575,JKS,太阳能,科技
4576,JILL,服装零售,可选消费
4577,JHX,建筑材料,基础材料
4578,JENA,空壳公司,金融服务
4579,JELD,建筑产品设备,工业
4580,JEF,资本市场,金融服务
4581,JCI,建筑产品设备,工业
4582,JBTM,专业工业机械,工业
4583,JBS,包装食品,必需消费
4584,JBL,电子元件,科技
4585,JBI,建筑产品设备,工业
4586,JBGS,多元化地产REIT,房地产
4587,JAN,住宅地产REIT,房地产
4588,JACS,空壳公司,金融服务
4589,J,工程与建筑,工业
4590,IX,金融集团,金融服务
4591,IVZ,资产管理,金融服务
4592,IVT,零售地产REIT,房地产
4593,IVR,抵押贷款REIT,房地产
4594,ITW,专业工业机械,工业
4595,ITUB,区域性银行,金融服务
4596,ITT,专业工业机械,工业
4597,ITGR,医疗设备,医疗保健
4598,IT,信息技术服务,科技
4599,IRT,住宅地产REIT,房地产
4600,IRS,房地产,房地产
4601,IRM,特殊品类REIT,房地产
4602,IRAB,空壳公司,金融服务
4603,IR,专业工业机械,工业
4604,IQV,诊断与研究,医疗保健
4605,IPI,农业投入,基础材料
4606,IP,包装容器,可选消费
4607,IOT,软件,科技
4608,IONQ,计算机硬件,科技
4609,INVX,石油天然气设备服务,能源
4610,INVH,住宅地产REIT,房地产
4611,INSW,石油天然气,能源
4612,INSP,医疗设备,医疗保健
4613,INR,石油天然气勘探生产,能源
4614,INN,酒店汽车旅馆REIT,房地产
4615,INGR,包装食品,必需消费
4616,INGM,信息技术服务,科技
4617,ING,多元化银行,金融服务
4618,INFY,信息技术服务,科技
4619,INFQ,软件,科技
4620,IMAX,娱乐,通讯服务
4621,IIPR,工业地产REIT,房地产
4622,IIIN,金属加工,工业
4623,IHS,房地产,房地产
4624,IHG,住宿,可选消费
4625,IH,教育培训服务,必需消费
4626,IFS,区域性银行,金融服务
4627,IFF,专业化学品,基础材料
4628,IEX,专业工业机械,工业
4629,IDT,电信服务,通讯服务
4630,IDA,受监管电力公司,公用事业
4631,ICL,农业投入,基础材料
4632,ICE,金融证券交易所,金融服务
4633,IBTA,软件,科技
4634,IBP,住宅建筑,可选消费
4635,IBN,区域性银行,金融服务
4636,IBM,信息技术服务,科技
4637,IAG,黄金,基础材料
4638,IAE,资产管理,金融服务
4639,HZO,专业零售,可选消费
4640,HY,农用重型机械,工业
4641,HXL,航空航天国防,工业
4642,HWM,航空航天国防,工业
4643,HVT,家居改善零售,可选消费
4644,HUYA,娱乐,通讯服务
4645,HUN,化学品,基础材料
4646,HUM,医疗保险,医疗保健
4647,HUBS,软件,科技
4648,HUBB,电气设备零件,工业
4649,HTT,信贷服务,金融服务
4650,HTH,金融集团,金融服务
4651,HTGC,资产管理,金融服务
4652,HTB,区域性银行,金融服务
4653,HSY,糖果制造,必需消费
4654,HSHP,海运,工业
4655,HSBC,多元化银行,金融服务
4656,HRTG,财产意外保险,金融服务
4657,HRL,包装食品,必需消费
4658,HRI,租赁服务,工业
4659,HRB,个人服务,可选消费
4660,HR,医疗保健地产REIT,房地产
4661,HPQ,计算机硬件,科技
4662,HPP,办公地产REIT,房地产
4663,HPE,通信设备,科技
4664,HP,石油天然气钻探,能源
4665,HOV,住宅建筑,可选消费
4666,HOMB,区域性银行,金融服务
4667,HOG,休闲车辆,可选消费
4668,HNI,家用器具家电,可选消费
4669,HNGE,健康信息服务,医疗保健
4670,HMY,黄金,基础材料
4671,HMN,财产意外保险,金融服务
4672,HMC,汽车制造,可选消费
4673,HLX,石油天然气设备服务,能源
4674,HLT,住宿,可选消费
4675,HLN,药品制造商,医疗保健
4676,HLLY,汽车零部件,可选消费
4677,HLIO,专业工业机械,工业
4678,HLI,资本市场,金融服务
4679,HLF,包装食品,必需消费
4680,HL,贵金属采矿,基础材料
4681,HKD,软件,科技
4682,HIW,办公地产REIT,房地产
4683,HIPO,财产意外保险,金融服务
4684,HIMS,药品制造商,医疗保健
4685,HII,航空航天国防,工业
4686,HIG,多元化保险,金融服务
4687,HHH,房地产,房地产
4688,HGV,度假村与赌场,可选消费
4689,HGTY,财产意外保险,金融服务
4690,HG,再保险,金融服务
4691,HESM,石油天然气,能源
4692,HEI,航空航天国防,工业
4693,HE,受监管电力公司,公用事业
4694,HDB,区域性银行,金融服务
4695,HD,家居改善零售,可选消费
4696,HCI,财产意外保险,金融服务
4697,HCC,焦煤,基础材料
4698,HCA,医疗设施,医疗保健
4699,HBM,铜业,基础材料
4700,HBB,家用器具家电,可选消费
4701,HAYW,电气设备零件,工业
4702,HAWK,航空航天国防,工业
4703,HASI,资产管理,金融服务
4704,HAL,石油天然气设备服务,能源
4705,HAFN,海运,工业
4706,HAE,医疗设备,医疗保健
4707,H,住宿,可选消费
4708,GXO,综合货运物流,工业
4709,GWW,工业分销,工业
4710,GWRE,软件,科技
4711,GWH,电气设备零件,工业
4712,GVA,工程与建筑,工业
4713,GTY,零售地产REIT,房地产
4714,GTN,广播媒体,通讯服务
4715,GTES,专业工业机械,工业
4716,GSL,海运,工业
4717,GSK,药品制造商,医疗保健
4718,GSBD,资产管理,金融服务
4719,GS,资本市场,金融服务
4720,GROV,家庭个人用品,必需消费
4721,GRNT,石油天然气勘探生产,能源
4722,GRND,软件,科技
4723,GRMN,科学技术仪器,科技
4724,GRDN,医疗设施,医疗保健
4725,GRC,专业工业机械,工业
4726,GRBK,住宅建筑,可选消费
4727,GPRK,石油天然气勘探生产,能源
4728,GPOR,石油天然气勘探生产,能源
4729,GPN,专业商业服务,工业
4730,GPMT,抵押贷款REIT,房地产
4731,GPK,包装容器,可选消费
4732,GPI,汽车卡车经销,可选消费
4733,GPGI,金属加工,工业
4734,GPC,汽车零部件,可选消费
4735,GOTU,教育培训服务,必需消费
4736,GOOS,服装制造,可选消费
4737,GOLF,休闲,可选消费
4738,GOLD,资本市场,金融服务
4739,GNW,人寿保险,金融服务
4740,GNRC,专业工业机械,工业
4741,GNL,多元化地产REIT,房地产
4742,GNK,海运,工业
4743,GNE,受监管电力公司,公用事业
4744,GMRS,医疗设施,医疗保健
4745,GMED,医疗设备,医疗保健
4746,GME,专业零售,可选消费
4747,GM,汽车制造,可选消费
4748,GLW,电子元件,科技
4749,GLP,石油天然气,能源
4750,GLOB,信息技术服务,科技
4751,GLED,空壳公司,金融服务
4752,GLAS,药品制造商,医疗保健
4753,GL,人寿保险,金融服务
4754,GKOS,医疗设备,医疗保健
4755,GIS,包装食品,必需消费
4756,GIL,服装制造,可选消费
4757,GIC,工业分销,工业
4758,GIB,信息技术服务,科技
4759,GHM,专业工业机械,工业
4760,GHI,抵押贷款金融,金融服务
4761,GHG,住宿,可选消费
4762,GHC,综合企业,工业
4763,GGG,专业工业机械,工业
4764,GGB,钢铁,基础材料
4765,GFR,石油天然气勘探生产,能源
4766,GFL,废物管理,工业
4767,GFI,黄金,基础材料
4768,GFF,建筑产品设备,工业
4769,GEV,专业工业机械,工业
4770,GETY,互联网内容信息,通讯服务
4771,GEO,安保服务,工业
4772,GENI,互联网内容信息,通讯服务
4773,GEL,石油天然气,能源
4774,GEF,包装容器,可选消费
4775,GE,航空航天国防,工业
4776,GDOT,信贷服务,金融服务
4777,GDDY,软件,科技
4778,GD,航空航天国防,工业
4779,GCTS,半导体,科技
4780,GCO,服装零售,可选消费
4781,GBX,铁路,工业
4782,GBTG,旅行服务,可选消费
4783,GBCI,区域性银行,金融服务
4784,GATX,租赁服务,工业
4785,GAP,服装零售,可选消费
4786,G,信息技术服务,科技
4787,FVRR,互联网内容信息,通讯服务
4788,FVR,多元化地产REIT,房地产
4789,FUN,休闲,可选消费
4790,FUL,专业化学品,基础材料
4791,FUBO,广播媒体,通讯服务
4792,FTW,石油天然气勘探生产,能源
4793,FTV,科学技术仪器,科技
4794,FTS,受监管电力公司,公用事业
4795,FTRA,空壳公司,金融服务
4796,FTK,石油天然气设备服务,能源
4797,FTI,石油天然气设备服务,能源
4798,FSS,农用重型机械,工业
4799,FSM,黄金,基础材料
4800,FSK,资产管理,金融服务
4801,FSCO,资产管理,金融服务
4802,FRT,零售地产REIT,房地产
4803,FRO,石油天然气,能源
4804,FR,工业地产REIT,房地产
4805,FPS,电气设备零件,工业
4806,FPI,特殊品类REIT,房地产
4807,FPH,房地产,房地产
4808,FOUR,软件,科技
4809,FOR,房地产,房地产
4810,FOIL,电气设备零件,工业
4811,FOA,信贷服务,金融服务
4812,FNF,专业保险,金融服务
4813,FND,家居改善零售,可选消费
4814,FNB,区域性银行,金融服务
4815,FN,电子元件,科技
4816,FMX,啤酒饮料,必需消费
4817,FMS,医疗设施,医疗保健
4818,FMC,农业投入,基础材料
4819,FLUT,博彩,可选消费
4820,FLS,专业工业机械,工业
4821,FLR,工程与建筑,工业
4822,FLOC,石油天然气设备服务,能源
4823,FLO,包装食品,必需消费
4824,FLNG,石油天然气,能源
4825,FLG,区域性银行,金融服务
4826,FIX,工程与建筑,工业
4827,FITB,区域性银行,金融服务
4828,FIS,信息技术服务,科技
4829,FIRY,电子游戏多媒体,通讯服务
4830,FINV,信贷服务,金融服务
4831,FIGS,服装制造,可选消费
4832,FIG,软件,科技
4833,FICO,软件,科技
4834,FHN,区域性银行,金融服务
4835,FHI,资产管理,金融服务
4836,FG,人寿保险,金融服务
4837,FF,专业化学品,基础材料
4838,FET,石油天然气设备服务,能源
4839,FERG,工业分销,工业
4840,FENG,互联网内容信息,通讯服务
4841,FEDU,教育培训服务,必需消费
4842,FE,受监管电力公司,公用事业
4843,FDXF,综合货运物流,工业
4844,FDX,综合货运物流,工业
4845,FDS,金融证券交易所,金融服务
4846,FCX,铜业,基础材料
4847,FCRS,空壳公司,金融服务
4848,FCPT,零售地产REIT,房地产
4849,FCN,咨询服务,工业
4850,FCF,区域性银行,金融服务
4851,FCBM,区域性银行,金融服务
4852,FC,教育培训服务,必需消费
4853,FBRT,抵押贷款REIT,房地产
4854,FBP,区域性银行,金融服务
4855,FBK,区域性银行,金融服务
4856,FBIN,建筑产品设备,工业
4857,FAF,专业保险,金融服务
4858,F,汽车制造,可选消费
4859,EXR,工业地产REIT,房地产
4860,EXPD,综合货运物流,工业
4861,EXP,建筑材料,基础材料
4862,EXK,白银,基础材料
4863,EXG,资产管理,金融服务
4864,EW,医疗设备,医疗保健
4865,EVTL,航空航天国防,工业
4866,EVTC,软件,科技
4867,EVR,资本市场,金融服务
4868,EVMN,生物技术,医疗保健
4869,EVH,健康信息服务,医疗保健
4870,EVEX,航空航天国防,工业
4871,EVC,广告代理,通讯服务
4872,EVAC,空壳公司,金融服务
4873,ETSY,互联网零售,可选消费
4874,ETSS,空壳公司,金融服务
4875,ETR,受监管电力公司,公用事业
4876,ETN,专业工业机械,工业
4877,ETD,家用器具家电,可选消费
4878,ET,石油天然气,能源
4879,ESTC,软件,科技
4880,ESS,住宅地产REIT,房地产
4881,ESRT,多元化地产REIT,房地产
4882,ESNT,专业保险,金融服务
4883,ESI,专业化学品,基础材料
4884,ESE,科学技术仪器,科技
4885,ESAB,金属加工,工业
4886,ES,受监管电力公司,公用事业
4887,EROK,石油天然气设备服务,能源
4888,EROC,专业工业机械,工业
4889,ERO,铜业,基础材料
4890,EQT,石油天然气勘探生产,能源
4891,EQS,资产管理,金融服务
4892,EQNR,石油天然气,能源
4893,EQH,资产管理,金融服务
4894,EQBK,区域性银行,金融服务
4895,EPRT,零售地产REIT,房地产
4896,EPR,特殊品类REIT,房地产
4897,EPD,石油天然气,能源
4898,EPC,家庭个人用品,必需消费
4899,EPAM,信息技术服务,科技
4900,EPAC,专业工业机械,工业
4901,EOG,石油天然气勘探生产,能源
4902,ENVA,信贷服务,金融服务
4903,ENS,电气设备零件,工业
4904,ENR,电气设备零件,工业
4905,ENOV,医疗设备,医疗保健
4906,ENIC,受监管电力公司,公用事业
4907,ENHA,包装食品,必需消费
4908,ENB,石油天然气,能源
4909,EMR,专业工业机械,工业
4910,EMN,专业化学品,基础材料
4911,EME,工程与建筑,工业
4912,EMBJ,航空航天国防,工业
4913,EMA,受监管电力公司,公用事业
4914,ELV,医疗保险,医疗保健
4915,ELS,住宅地产REIT,房地产
4916,ELPC,受监管电力公司,公用事业
4917,ELME,住宅地产REIT,房地产
4918,ELF,家庭个人用品,必需消费
4919,ELAN,药品制造商,医疗保健
4920,EL,家庭个人用品,必需消费
4921,EIX,受监管电力公司,公用事业
4922,EIG,专业保险,金融服务
4923,EICA,资产管理,金融服务
4924,EIC,资产管理,金融服务
4925,EHC,医疗设施,医疗保健
4926,EGY,石油天然气勘探生产,能源
4927,EGP,工业地产REIT,房地产
4928,EGO,黄金,基础材料
4929,EG,再保险,金融服务
4930,EFXT,石油天然气设备服务,能源
4931,EFX,咨询服务,工业
4932,EFOR,信息技术服务,科技
4933,EFC,抵押贷款REIT,房地产
4934,EE,石油天然气,能源
4935,EDU,教育培训服务,必需消费
4936,EDN,受监管电力公司,公用事业
4937,ED,受监管电力公司,公用事业
4938,ECVT,专业化学品,基础材料
4939,ECO,海运,工业
4940,ECL,专业化学品,基础材料
4941,ECG,工程与建筑,工业
4942,ECCC,资产管理,金融服务
4943,ECC,资产管理,金融服务
4944,EC,石油天然气,能源
4945,EBS,药品制造商,医疗保健
4946,EBF,商业设备用品,工业
4947,EAT,餐厅,可选消费
4948,EARN,资产管理,金融服务
4949,EAF,电气设备零件,工业
4950,E,石油天然气,能源
4951,DY,工程与建筑,工业
4952,DXYZ,资产管理,金融服务
4953,DXC,信息技术服务,科技
4954,DX,抵押贷款REIT,房地产
4955,DVN,石油天然气勘探生产,能源
4956,DVA,医疗设施,医疗保健
4957,DV,广告代理,通讯服务
4958,DUKU,受监管电力公司,公用事业
4959,DUK,受监管电力公司,公用事业
4960,DTM,石油天然气,能源
4961,DTE,受监管电力公司,公用事业
4962,DT,软件,科技
4963,DSX,海运,工业
4964,DRI,餐厅,可选消费
4965,DRD,黄金,基础材料
4966,DQ,半导体设备材料,科技
4967,DPC,航空航天国防,工业
4968,DOW,化学品,基础材料
4969,DOV,专业工业机械,工业
4970,DOUG,房地产,房地产
4971,DOLE,农产品,必需消费
4972,DOCS,健康信息服务,医疗保健
4973,DOCN,软件,科技
4974,DOC,医疗保健地产REIT,房地产
4975,DNOW,工业分销,工业
4976,DNA,生物技术,医疗保健
4977,DMC,农产品,必需消费
4978,DLY,资产管理,金融服务
4979,DLX,综合企业,工业
4980,DLR,特殊品类REIT,房地产
4981,DLNG,石油天然气,能源
4982,DLB,专业商业服务,工业
4983,DKS,专业零售,可选消费
4984,DKL,石油天然气炼制销售,能源
4985,DK,石油天然气炼制销售,能源
4986,DIS,娱乐,通讯服务
4987,DINO,石油天然气炼制销售,能源
4988,DIN,餐厅,可选消费
4989,DHX,软件,科技
4990,DHT,石油天然气,能源
4991,DHR,诊断与研究,医疗保健
4992,DHI,住宅建筑,可选消费
4993,DGX,诊断与研究,医疗保健
4994,DGAC,空壳公司,金融服务
4995,DG,折扣商店,必需消费
4996,DFIN,软件,科技
4997,DFH,住宅建筑,可选消费
4998,DEO,酒庄与酿酒厂,必需消费
4999,DELL,计算机硬件,科技
5000,DEI,办公地产REIT,房地产
5001,DECK,鞋类与配饰,可选消费
5002,DEC,石油天然气,能源
5003,DEA,办公地产REIT,房地产
5004,DE,农用重型机械,工业
5005,DDS,百货商店,可选消费
5006,DDL,杂货店,必需消费
5007,DDD,计算机硬件,科技
5008,DD,专业化学品,基础材料
5009,DCOM,区域性银行,金融服务
5010,DCO,航空航天国防,工业
5011,DCI,专业工业机械,工业
5012,DCH,汽车零部件,可选消费
5013,DBRG,资产管理,金融服务
5014,DBI,鞋类与配饰,可选消费
5015,DBD,软件,科技
5016,DB,区域性银行,金融服务
5017,DAVA,软件,科技
5018,DAR,包装食品,必需消费
5019,DAO,教育培训服务,必需消费
5020,DAN,汽车零部件,可选消费
5021,DAL,航空公司,工业
5022,DAC,海运,工业
5023,D,受监管电力公司,公用事业
5024,CYH,医疗设施,医疗保健
5025,CYD,汽车制造,可选消费
5026,CXW,安保服务,工业
5027,CXT,专业工业机械,工业
5028,CXM,软件,科技
5029,CX,建筑材料,基础材料
5030,CWT,受监管水务公司,公用事业
5031,CWK,房地产,房地产
5032,CWH,汽车卡车经销,可选消费
5033,CWEN,可再生能源公用事业,公用事业
5034,CW,航空航天国防,工业
5035,CVX,石油天然气,能源
5036,CVSA,教育培训服务,必需消费
5037,CVS,医疗保险,医疗保健
5038,CVNA,汽车卡车经销,可选消费
5039,CVLG,卡车运输,工业
5040,CVI,石油天然气炼制销售,能源
5041,CVEO,住宿,可选消费
5042,CVE,石油天然气,能源
5043,CUZ,办公地产REIT,房地产
5044,CURV,服装零售,可选消费
5045,CURB,零售地产REIT,房地产
5046,CUBI,区域性银行,金融服务
5047,CUBE,工业地产REIT,房地产
5048,CTVA,农业投入,基础材料
5049,CTS,电子元件,科技
5050,CTRI,受监管燃气公司,公用事业
5051,CTRE,医疗保健地产REIT,房地产
5052,CTOS,租赁服务,工业
5053,CTO,多元化地产REIT,房地产
5054,CTEV,健康信息服务,医疗保健
5055,CSW,专业工业机械,工业
5056,CSV,个人服务,可选消费
5057,CSTM,铝业,基础材料
5058,CSR,住宅地产REIT,房地产
5059,CSQR,信息技术服务,科技
5060,CSL,建筑产品设备,工业
5061,CSAN,石油天然气炼制销售,能源
5062,CRT,石油天然气勘探生产,能源
5063,CRS,金属加工,工业
5064,CRM,软件,科技
5065,CRL,诊断与研究,医疗保健
5066,CRK,石油天然气勘探生产,能源
5067,CRI,服装零售,可选消费
5068,CRH,建筑材料,基础材料
5069,CRGY,石油天然气勘探生产,能源
5070,CRCL,资本市场,金融服务
5071,CRC,石油天然气勘探生产,能源
5072,CRBG,资产管理,金融服务
5073,CR,专业工业机械,工业
5074,CQP,石油天然气,能源
5075,CPT,住宅地产REIT,房地产
5076,CPS,汽车零部件,可选消费
5077,CPRI,奢侈品,可选消费
5078,CPNG,互联网零售,可选消费
5079,CPK,受监管燃气公司,公用事业
5080,CPF,区域性银行,金融服务
5081,CPAY,软件,科技
5082,CPAC,建筑材料,基础材料
5083,CPA,航空公司,工业
5084,CP,铁路,工业
5085,COUR,教育培训服务,必需消费
5086,COTY,家庭个人用品,必需消费
5087,COSO,区域性银行,金融服务
5088,COR,医疗分销,医疗保健
5089,COPL,空壳公司,金融服务
5090,COP,石油天然气勘探生产,能源
5091,COOK,家用器具家电,可选消费
5092,CON,医疗设施,医疗保健
5093,COMP,房地产,房地产
5094,COLD,工业地产REIT,房地产
5095,COHR,科学技术仪器,科技
5096,COF,信贷服务,金融服务
5097,CODI,综合企业,工业
5098,CNX,石油天然气勘探生产,能源
5099,CNS,资产管理,金融服务
5100,CNR,动力煤,能源
5101,CNQ,石油天然气勘探生产,能源
5102,CNP,受监管电力公司,公用事业
5103,CNO,人寿保险,金融服务
5104,CNNE,餐厅,可选消费
5105,CNMD,医疗设备,医疗保健
5106,CNM,工业分销,工业
5107,CNK,娱乐,通讯服务
5108,CNI,铁路,工业
5109,CNH,农用重型机械,工业
5110,CNF,抵押贷款金融,金融服务
5111,CNC,医疗保险,医疗保健
5112,CNA,财产意外保险,金融服务
5113,CMTG,抵押贷款REIT,房地产
5114,CMS,受监管电力公司,公用事业
5115,CMRE,海运,工业
5116,CMP,工业金属采矿,基础材料
5117,CMI,专业工业机械,工业
5118,CMG,餐厅,可选消费
5119,CMDB,海运,工业
5120,CMCM,互联网内容信息,通讯服务
5121,CMC,金属加工,工业
5122,CMBT,石油天然气,能源
5123,CM,多元化银行,金融服务
5124,CLX,家庭个人用品,必需消费
5125,CLW,纸制品,基础材料
5126,CLVT,信息技术服务,科技
5127,CLS,电子元件,科技
5128,CLPR,住宅地产REIT,房地产
5129,CLH,废物管理,工业
5130,CLF,钢铁,基础材料
5131,CLDT,酒店汽车旅馆REIT,房地产
5132,CLBR,空壳公司,金融服务
5133,CLB,石油天然气设备服务,能源
5134,CL,家庭个人用品,必需消费
5135,CION,资产管理,金融服务
5136,CINT,软件,科技
5137,CIM,抵押贷款REIT,房地产
5138,CIG,受监管电力公司,公用事业
5139,CIEN,通信设备,科技
5140,CIB,区域性银行,金融服务
5141,CIA,人寿保险,金融服务
5142,CI,医疗保险,医疗保健
5143,CHWY,互联网零售,可选消费
5144,CHT,电信服务,通讯服务
5145,CHPT,专业零售,可选消费
5146,CHMI,抵押贷款REIT,房地产
5147,CHH,住宿,可选消费
5148,CHGG,教育培训服务,必需消费
5149,CHE,医疗设施,医疗保健
5150,CHD,家庭个人用品,必需消费
5151,CHCT,医疗保健地产REIT,房地产
5152,CGAU,黄金,基础材料
5153,CFR,区域性银行,金融服务
5154,CFND,资产管理,金融服务
5155,CFG,区域性银行,金融服务
5156,CF,农业投入,基础材料
5157,CEPU,受监管电力公司,公用事业
5158,CE,化学品,基础材料
5159,CDRE,航空航天国防,工业
5160,CDP,办公地产REIT,房地产
5161,CDLR,工程与建筑,工业
5162,CDE,黄金,基础材料
5163,CCU,啤酒饮料,必需消费
5164,CCS,房地产,房地产
5165,CCO,广告代理,通讯服务
5166,CCM,医疗设施,医疗保健
5167,CCL,旅行服务,可选消费
5168,CCK,包装容器,可选消费
5169,CCJ,铀业,能源
5170,CCID,资产管理,金融服务
5171,CCI,特殊品类REIT,房地产
5172,CC,专业化学品,基础材料
5173,CBZ,专业商业服务,工业
5174,CBU,区域性银行,金融服务
5175,CBT,专业化学品,基础材料
5176,CBRE,房地产,房地产
5177,CBNA,区域性银行,金融服务
5178,CBL,零售地产REIT,房地产
5179,CBAN,区域性银行,金融服务
5180,CB,财产意外保险,金融服务
5181,CAVA,餐厅,可选消费
5182,CATO,服装零售,可选消费
5183,CAT,农用重型机械,工业
5184,CARS,互联网内容信息,通讯服务
5185,CARR,建筑产品设备,工业
5186,CAPL,石油天然气炼制销售,能源
5187,CANG,资本市场,金融服务
5188,CALY,休闲,可选消费
5189,CALX,软件,科技
5190,CAL,服装零售,可选消费
5191,CAH,医疗分销,医疗保健
5192,CAG,包装食品,必需消费
5193,CACI,信息技术服务,科技
5194,CABO,电信服务,通讯服务
5195,CAAP,机场航空服务,工业
5196,C,多元化银行,金融服务
5197,BZH,住宅建筑,可选消费
5198,BYD,度假村与赌场,可选消费
5199,BY,区域性银行,金融服务
5200,BXSL,资产管理,金融服务
5201,BXP,办公地产REIT,房地产
5202,BXMT,抵押贷款REIT,房地产
5203,BXDC,特殊品类REIT,房地产
5204,BXC,工业分销,工业
5205,BX,资产管理,金融服务
5206,BWXT,航空航天国防,工业
5207,BWMX,专业零售,可选消费
5208,BWLP,石油天然气,能源
5209,BWIV,空壳公司,金融服务
5210,BWG,资产管理,金融服务
5211,BWA,汽车零部件,可选消费
5212,BW,专业工业机械,工业
5213,BVN,贵金属采矿,基础材料
5214,BV,专业商业服务,工业
5215,BURL,服装零售,可选消费
5216,BUR,资产管理,金融服务
5217,BUD,啤酒饮料,必需消费
5218,BTU,动力煤,能源
5219,BTI,烟草,必需消费
5220,BTGO,资本市场,金融服务
5221,BTE,石油天然气勘探生产,能源
5222,BSX,医疗设备,医疗保健
5223,BSTZ,资产管理,金融服务
5224,BSM,石油天然气勘探生产,能源
5225,BSBR,区域性银行,金融服务
5226,BSAC,区域性银行,金融服务
5227,BRX,零售地产REIT,房地产
5228,BRT,住宅地产REIT,房地产
5229,BRSP,抵押贷款REIT,房地产
5230,BRSL,博彩,可选消费
5231,BROS,餐厅,可选消费
5232,BRO,保险经纪,金融服务
5233,BRCC,包装食品,必需消费
5234,BRC,安保服务,工业
5235,BRBR,包装食品,必需消费
5236,BR,信息技术服务,科技
5237,BP,石油天然气,能源
5238,BOX,软件,科技
5239,BOW,财产意外保险,金融服务
5240,BORR,石油天然气钻探,能源
5241,BOOT,服装零售,可选消费
5242,BOH,区域性银行,金融服务
5243,BOC,综合企业,工业
5244,BOBS,专业零售,可选消费
5245,BNY,多元化银行,金融服务
5246,BNT,多元化保险,金融服务
5247,BNS,多元化银行,金融服务
5248,BNL,多元化地产REIT,房地产
5249,BNED,专业零售,可选消费
5250,BN,资产管理,金融服务
5251,BMY,药品制造商,医疗保健
5252,BMO,多元化银行,金融服务
5253,BMNR,资本市场,金融服务
5254,BMI,科学技术仪器,科技
5255,BMA,区域性银行,金融服务
5256,BLX,区域性银行,金融服务
5257,BLSH,软件,科技
5258,BLND,软件,科技
5259,BLK,资产管理,金融服务
5260,BLDR,建筑产品设备,工业
5261,BLCO,医疗仪器用品,医疗保健
5262,BKV,石油天然气勘探生产,能源
5263,BKU,区域性银行,金融服务
5264,BKSY,专业商业服务,工业
5265,BKKT,软件,科技
5266,BKH,受监管燃气公司,公用事业
5267,BKE,服装零售,可选消费
5268,BKD,医疗设施,医疗保健
5269,BJ,折扣商店,必需消费
5270,BIRK,鞋类与配饰,可选消费
5271,BIPC,受监管燃气公司,公用事业
5272,BIP,综合公用事业,公用事业
5273,BIO,医疗设备,医疗保健
5274,BILL,软件,科技
5275,BIII,空壳公司,金融服务
5276,BHVN,生物技术,医疗保健
5277,BHR,酒店汽车旅馆REIT,房地产
5278,BHP,工业金属采矿,基础材料
5279,BHE,电子元件,科技
5280,BHC,药品制造商,医疗保健
5281,BH,餐厅,可选消费
5282,BGSI,汽车卡车经销,可选消费
5283,BGSF,人力资源就业服务,工业
5284,BGS,包装食品,必需消费
5285,BG,农产品,必需消费
5286,BFS,零售地产REIT,房地产
5287,BFLY,医疗设备,医疗保健
5288,BFH,信贷服务,金融服务
5289,BFAM,个人服务,可选消费
5290,BETA,航空航天国防,工业
5291,BEPC,可再生能源公用事业,公用事业
5292,BEP,可再生能源公用事业,公用事业
5293,BEN,资产管理,金融服务
5294,BEKE,房地产,房地产
5295,BEBE,空壳公司,金融服务
5296,BE,电气设备零件,工业
5297,BDX,医疗仪器用品,医疗保健
5298,BDN,办公地产REIT,房地产
5299,BDC,通信设备,科技
5300,BCSS,空壳公司,金融服务
5301,BCSF,资产管理,金融服务
5302,BCS,多元化银行,金融服务
5303,BCO,安保服务,工业
5304,BCH,区域性银行,金融服务
5305,BCE,电信服务,通讯服务
5306,BCC,木材木制品生产,基础材料
5307,BC,休闲车辆,可选消费
5308,BBY,专业零售,可选消费
5309,BBWI,专业零售,可选消费
5310,BBW,专业零售,可选消费
5311,BBVA,多元化银行,金融服务
5312,BBUC,综合企业,工业
5313,BBT,区域性银行,金融服务
5314,BBDO,区域性银行,金融服务
5315,BBDC,资产管理,金融服务
5316,BBD,区域性银行,金融服务
5317,BBAR,区域性银行,金融服务
5318,BBAI,信息技术服务,科技
5319,BB,软件,科技
5320,BAX,医疗仪器用品,医疗保健
5321,BARK,专业零售,可选消费
5322,BAP,区域性银行,金融服务
5323,BANC,区域性银行,金融服务
5324,BAM,资产管理,金融服务
5325,BALY,度假村与赌场,可选消费
5326,BALL,包装容器,可选消费
5327,BAK,化学品,基础材料
5328,BAH,咨询服务,工业
5329,BAC,多元化银行,金融服务
5330,BABA,互联网零售,可选消费
5331,BA,航空航天国防,工业
5332,B,黄金,基础材料
5333,AZZ,专业商业服务,工业
5334,AZUL,航空公司,工业
5335,AZO,汽车零部件,可选消费
5336,AZN,药品制造商,医疗保健
5337,AYI,电气设备零件,工业
5338,AXTA,专业化学品,基础材料
5339,AXS,专业保险,金融服务
5340,AXR,房地产,房地产
5341,AXP,信贷服务,金融服务
5342,AX,区域性银行,金融服务
5343,AWR,受监管水务公司,公用事业
5344,AWK,受监管水务公司,公用事业
5345,AWI,建筑产品设备,工业
5346,AVY,包装容器,可选消费
5347,AVTR,医疗仪器用品,医疗保健
5348,AVNT,专业化学品,基础材料
5349,AVEX,航空航天国防,工业
5350,AVD,农业投入,基础材料
5351,AVBC,区域性银行,金融服务
5352,AVAL,区域性银行,金融服务
5353,AVA,综合公用事业,公用事业
5354,AUNA,医疗设施,医疗保健
5355,AUB,区域性银行,金融服务
5356,AU,黄金,基础材料
5357,ATS,专业工业机械,工业
5358,ATR,医疗仪器用品,医疗保健
5359,ATO,受监管燃气公司,公用事业
5360,ATMU,汽车零部件,可选消费
5361,ATKR,电气设备零件,工业
5362,ATI,金属加工,工业
5363,ATHM,互联网内容信息,通讯服务
5364,ATEN,软件,科技
5365,ASX,半导体,科技
5366,ASR,机场航空服务,工业
5367,ASPN,专业化学品,基础材料
5368,ASIX,化学品,基础材料
5369,ASIC,财产意外保险,金融服务
5370,ASH,专业化学品,基础材料
5371,ASC,海运,工业
5372,ASB,区域性银行,金融服务
5373,ASAN,软件,科技
5374,ASA,资产管理,金融服务
5375,AS,休闲,可选消费
5376,ARX,保险经纪,金融服务
5377,ARW,电子计算机分销,科技
5378,ARR,抵押贷款REIT,房地产
5379,AROC,石油天然气设备服务,能源
5380,ARMK,专业商业服务,工业
5381,ARLO,建筑产品设备,工业
5382,ARL,房地产,房地产
5383,ARIS,黄金,基础材料
5384,ARI,抵押贷款REIT,房地产
5385,ARES,资产管理,金融服务
5386,ARE,办公地产REIT,房地产
5387,ARDT,医疗设施,医疗保健
5388,ARCO,餐厅,可选消费
5389,AR,石油天然气勘探生产,能源
5390,AQN,综合公用事业,公用事业
5391,APTV,汽车零部件,可选消费
5392,APO,资产管理,金融服务
5393,APLE,酒店汽车旅馆REIT,房地产
5394,APH,电子元件,科技
5395,APG,工程与建筑,工业
5396,APD,专业化学品,基础材料
5397,APAM,资产管理,金融服务
5398,AP,金属加工,工业
5399,AOS,专业工业机械,工业
5400,AORT,医疗设备,医疗保健
5401,AON,保险经纪,金融服务
5402,AOMR,抵押贷款REIT,房地产
5403,ANVS,生物技术,医疗保健
5404,ANRO,生物技术,医疗保健
5405,ANGX,娱乐,通讯服务
5406,ANF,服装零售,可选消费
5407,ANET,计算机硬件,科技
5408,ANDG,个人服务,可选消费
5409,AN,汽车卡车经销,可选消费
5410,AMX,电信服务,通讯服务
5411,AMWL,健康信息服务,医疗保健
5412,AMTM,专业商业服务,工业
5413,AMTD,资产管理,金融服务
5414,AMTB,区域性银行,金融服务
5415,AMT,特殊品类REIT,房地产
5416,AMRZ,建筑材料,基础材料
5417,AMRC,工程与建筑,工业
5418,AMR,焦煤,基础材料
5419,AMPY,石油天然气勘探生产,能源
5420,AMPX,电气设备零件,工业
5421,AMP,资产管理,金融服务
5422,AMN,医疗设施,医疗保健
5423,AMH,住宅地产REIT,房地产
5424,AMG,资产管理,金融服务
5425,AME,专业工业机械,工业
5426,AMCR,包装容器,可选消费
5427,AMC,娱乐,通讯服务
5428,AMBQ,半导体,科技
5429,AMBP,包装容器,可选消费
5430,AM,石油天然气,能源
5431,ALX,零售地产REIT,房地产
5432,ALV,汽车零部件,可选消费
5433,ALUB,空壳公司,金融服务
5434,ALTG,租赁服务,工业
5435,ALSN,汽车零部件,可选消费
5436,ALLY,信贷服务,金融服务
5437,ALLE,安保服务,工业
5438,ALL,财产意外保险,金融服务
5439,ALK,航空公司,工业
5440,ALIT,软件,科技
5441,ALH,家用器具家电,可选消费
5442,ALG,农用重型机械,工业
5443,ALC,医疗仪器用品,医疗保健
5444,ALB,专业化学品,基础材料
5445,AKR,零售地产REIT,房地产
5446,AKA,服装零售,可选消费
5447,AJG,保险经纪,金融服务
5448,AIZ,财产意外保险,金融服务
5449,AIV,住宅地产REIT,房地产
5450,AIT,工业分销,工业
5451,AIR,航空航天国防,工业
5452,AIN,纺织制造,可选消费
5453,AIIA,空壳公司,金融服务
5454,AII,财产意外保险,金融服务
5455,AIG,多元化保险,金融服务
5456,AI,软件,科技
5457,AHT,酒店汽车旅馆REIT,房地产
5458,AHRT,多元化地产REIT,房地产
5459,AHR,医疗保健地产REIT,房地产
5460,AGX,工程与建筑,工业
5461,AGRO,农产品,必需消费
5462,AGO,专业保险,金融服务
5463,AGM,信贷服务,金融服务
5464,AGL,医疗设施,医疗保健
5465,AGI,黄金,基础材料
5466,AGCO,农用重型机械,工业
5467,AGBK,区域性银行,金融服务
5468,AG,白银,基础材料
5469,AFL,人寿保险,金融服务
5470,AFG,财产意外保险,金融服务
5471,AEXA,空壳公司,金融服务
5472,AESI,石油天然气设备服务,能源
5473,AES,综合公用事业,公用事业
5474,AERO,航空公司,工业
5475,AER,租赁服务,工业
5476,AEO,服装零售,可选消费
5477,AEM,黄金,基础材料
5478,AEG,多元化保险,金融服务
5479,AEE,受监管电力公司,公用事业
5480,ADT,安保服务,工业
5481,ADNT,汽车零部件,可选消费
5482,ADM,农产品,必需消费
5483,ADIG,计算机硬件,科技
5484,ADCT,药品制造商,医疗保健
5485,ADC,零售地产REIT,房地产
5486,AD,电信服务,通讯服务
5487,ACVA,汽车卡车经销,可选消费
5488,ACRE,抵押贷款REIT,房地产
5489,ACR,抵押贷款REIT,房地产
5490,ACN,信息技术服务,科技
5491,ACM,工程与建筑,工业
5492,ACI,杂货店,必需消费
5493,ACHR,航空航天国防,工业
5494,ACH,医疗分销,医疗保健
5495,ACEL,博彩,可选消费
5496,ACCO,商业设备用品,工业
5497,ACA,工程与建筑,工业
5498,ABX,人寿保险,金融服务
5499,ABT,医疗设备,医疗保健
5500,ABR,抵押贷款REIT,房地产
5501,ABM,专业商业服务,工业
5502,ABG,汽车卡车经销,可选消费
5503,ABEV,啤酒饮料,必需消费
5504,ABCB,区域性银行,金融服务
5505,ABBV,药品制造商,医疗保健
5506,AB,资产管理,金融服务
5507,AAUC,黄金,基础材料
5508,AAT,多元化地产REIT,房地产
5509,AAP,汽车零部件,可选消费
5510,AAMI,资产管理,金融服务
5511,AADX,航空航天国防,工业
5512,AA,铝业,基础材料
5513,A,诊断与研究,医疗保健
5514,ZONE,污染处理控制,工业
5515,ZDGE,互联网内容信息,通讯服务
5516,YCBD,药品制造商,医疗保健
5517,XTNT,医疗设备,医疗保健
5518,XPL,工业金属采矿,基础材料
5519,WYY,信息技术服务,科技
5520,WWR,工业金属采矿,基础材料
5521,WRN,工业金属采矿,基础材料
5522,VZLA,工业金属采矿,基础材料
5523,VTAK,医疗设备,医疗保健
5524,VNTG,海运,工业
5525,VNRX,医疗设备,医疗保健
5526,VIDA,软件,科技
5527,VGZ,黄金,基础材料
5528,VENU,餐厅,可选消费
5529,UUUU,铀业,能源
5530,UUU,建筑产品设备,工业
5531,USBC,科学技术仪器,科技
5532,USAS,工业金属采矿,基础材料
5533,URG,铀业,能源
5534,UMAC,计算机硬件,科技
5535,UEC,铀业,能源
5536,UAVS,计算机硬件,科技
5537,UAC,空壳公司,金融服务
5538,TRX,黄金,基础材料
5539,TRT,半导体设备材料,科技
5540,TPET,石油天然气勘探生产,能源
5541,TP,软件,科技
5542,TOVX,生物技术,医疗保健
5543,TOPS,石油天然气,能源
5544,TOPP,卡车运输,工业
5545,TOON,娱乐,通讯服务
5546,TONT,空壳公司,金融服务
5547,TMQ,工业金属采矿,基础材料
5548,TMP,区域性银行,金融服务
5549,TMDE,石油天然气,能源
5550,TII,工业金属采矿,基础材料
5551,THM,黄金,基础材料
5552,TGEN,电气设备零件,工业
5553,TGB,铜业,基础材料
5554,SYNX,通信设备,科技
5555,SVM,白银,基础材料
5556,STXS,医疗仪器用品,医疗保健
5557,STRW,医疗保健地产REIT,房地产
5558,SRXH,包装食品,必需消费
5559,SOAR,机场航空服务,工业
5560,SNSC,太阳能,科技
5561,SMJF,纺织制造,可选消费
5562,SLSR,贵金属采矿,基础材料
5563,SLND,工程与建筑,工业
5564,SLI,工业金属采矿,基础材料
5565,SIM,钢铁,基础材料
5566,SIF,航空航天国防,工业
5567,SER,生物技术,医疗保健
5568,SEB,综合企业,工业
5569,SDEV,资产管理,金融服务
5570,SBMT,工业金属采矿,基础材料
5571,SACH,抵押贷款REIT,房地产
5572,RYDE,软件,科技
5573,RVP,医疗仪器用品,医疗保健
5574,ROLR,博彩,可选消费
5575,RLGT,综合货运物流,工业
5576,RGNT,医疗仪器用品,医疗保健
5577,REPX,石油天然气勘探生产,能源
5578,REI,石油天然气勘探生产,能源
5579,REED,非酒精饮料,必需消费
5580,REA,工业金属采矿,基础材料
5581,QNC,软件,科技
5582,PZG,黄金,基础材料
5583,PW,特殊品类REIT,房地产
5584,PTHS,生物技术,医疗保健
5585,PRK,区域性银行,金融服务
5586,POAS,医疗设备,医疗保健
5587,PMI,医疗设备,医疗保健
5588,PLX,生物技术,医疗保健
5589,PLG,贵金属采矿,基础材料
5590,PLAG,综合企业,工业
5591,PHGE,航空航天国防,工业
5592,PED,石油天然气勘探生产,能源
5593,PAPL,抵押贷款金融,金融服务
5594,OZ,房地产,房地产
5595,OSTX,生物技术,医疗保健
5596,OPTT,专业工业机械,工业
5597,OPHC,区域性银行,金融服务
5598,OGEN,生物技术,医疗保健
5599,OGCP,办公地产REIT,房地产
5600,OBE,石油天然气勘探生产,能源
5601,NXB,汽车卡车经销,可选消费
5602,NVA,工业金属采矿,基础材料
5603,NTIP,专业商业服务,工业
5604,NSRX,药品制造商,医疗保健
5605,NRXS,生物技术,医疗保健
5606,NNVC,生物技术,医疗保健
5607,NINE,石油天然气设备服务,能源
5608,NHC,医疗设施,医疗保健
5609,NG,黄金,基础材料
5610,NFGC,黄金,基础材料
5611,NEWP,白银,基础材料
5612,NEN,房地产,房地产
5613,NAK,工业金属采矿,基础材料
5614,MYO,医疗设备,医疗保健
5615,MYND,教育培训服务,必需消费
5616,MXC,石油天然气勘探生产,能源
5617,MWG,租赁服务,工业
5618,MTNB,生物技术,医疗保健
5619,MTA,贵金属采矿,基础材料
5620,MSN,消费电子,科技
5621,MRT,软件,科技
5622,MPU,娱乐,通讯服务
5623,MPTI,电子元件,科技
5624,MMA,休闲,可选消费
5625,MLSS,医疗仪器用品,医疗保健
5626,MITQ,通信设备,科技
5627,MINE,黄金,基础材料
5628,MI,互联网零售,可选消费
5629,MHH,人力资源就业服务,工业
5630,MGLD,资产管理,金融服务
5631,MCRP,计算机硬件,科技
5632,MAIA,生物技术,医疗保健
5633,LUD,钢铁,基础材料
5634,LSF,包装食品,必需消费
5635,LPA,房地产,房地产
5636,LODE,贵金属采矿,基础材料
5637,LGPS,综合企业,工业
5638,LGL,科学技术仪器,科技
5639,LGCY,教育培训服务,必需消费
5640,LEGO,空壳公司,金融服务
5641,LCTX,生物技术,医疗保健
5642,KULR,电子元件,科技
5643,KNRX,软件,科技
5644,KAPA,生物技术,医疗保健
5645,JOB,人力资源就业服务,工业
5646,JAGU,铀业,能源
5647,ITRG,贵金属采矿,基础材料
5648,ITP,纸制品,基础材料
5649,ISOU,铀业,能源
5650,IOR,抵押贷款金融,金融服务
5651,INUV,软件,科技
5652,INTT,半导体设备材料,科技
5653,INLX,软件,科技
5654,INFU,医疗设备,医疗保健
5655,INDO,石油天然气勘探生产,能源
5656,IMO,石油天然气,能源
5657,IMC,工业金属采矿,基础材料
5658,IHT,酒店汽车旅馆REIT,房地产
5659,IGC,生物技术,医疗保健
5660,IE,铜业,基础材料
5661,IDR,黄金,基础材料
5662,IBO,生物技术,医疗保健
5663,IAUX,黄金,基础材料
5664,HYLN,汽车零部件,可选消费
5665,HSLV,白银,基础材料
5666,HCWC,杂货店,必需消费
5667,GTE,石油天然气勘探生产,能源
5668,GROY,黄金,基础材料
5669,GRO,工业金属采矿,基础材料
5670,GPUS,综合企业,工业
5671,GORO,黄金,基础材料
5672,GNS,教育培训服务,必需消费
5673,GMTL,贵金属采矿,基础材料
5674,GLDG,黄金,基础材料
5675,GENC,农用重型机械,工业
5676,GCDT,专业工业机械,工业
5677,GBR,房地产,房地产
5678,GAU,黄金,基础材料
5679,FURY,黄金,基础材料
5680,FSP,办公地产REIT,房地产
5681,FSI,专业化学品,基础材料
5682,FLYX,航空公司,工业
5683,FJET,航空航天国防,工业
5684,FISK,办公地产REIT,房地产
5685,EXOD,软件,科技
5686,EVI,工业分销,工业
5687,ESP,电气设备零件,工业
5688,ESBA,办公地产REIT,房地产
5689,EQX,黄金,基础材料
5690,EPM,石油天然气勘探生产,能源
5691,EP,石油天然气勘探生产,能源
5692,EONR,石油天然气勘探生产,能源
5693,ELMD,医疗设备,医疗保健
5694,ELLO,可再生能源公用事业,公用事业
5695,ELA,奢侈品,可选消费
5696,EGG,咨询服务,工业
5697,EDVA,生物技术,医疗保健
5698,DXF,信贷服务,金融服务
5699,DSS,包装容器,可选消费
5700,DNN,铀业,能源
5701,DIT,食品分销,必需消费
5702,DDC,包装食品,必需消费
5703,DC,黄金,基础材料
5704,CVU,航空航天国防,工业
5705,CVR,工具与配件,工业
5706,CVM,生物技术,医疗保健
5707,CTM,信息技术服务,科技
5708,CTGO,黄金,基础材料
5709,CPHI,药品制造商,医疗保健
5710,COPR,铜业,基础材料
5711,COHN,资本市场,金融服务
5712,COE,教育培训服务,必需消费
5713,CMT,专业化学品,基础材料
5714,CMCL,黄金,基础材料
5715,CLDI,生物技术,医疗保健
5716,CKX,石油天然气勘探生产,能源
5717,CIX,安保服务,工业
5718,CITR,专业化学品,基础材料
5719,CHOW,软件,科技
5720,CCEL,医疗设施,医疗保健
5721,CBOE,金融证券交易所,金融服务
5722,CATX,医疗设备,医疗保健
5723,CANF,生物技术,医疗保健
5724,BUDA,非酒精饮料,必需消费
5725,BTG,黄金,基础材料
5726,BRN,石油天然气勘探生产,能源
5727,BRIA,服装零售,可选消费
5728,BRBS,区域性银行,金融服务
5729,BQ,专业零售,可选消费
5730,BKTI,通信设备,科技
5731,BHM,住宅地产REIT,房地产
5732,BHB,区域性银行,金融服务
5733,BGI,奢侈品,可选消费
5734,BESS,可再生能源公用事业,公用事业
5735,BDL,餐厅,可选消费
5736,BCHT,污染处理控制,工业
5737,BATL,石油天然气勘探生产,能源
5738,AZTR,生物技术,医疗保健
5739,AXIL,消费电子,科技
5740,AWX,废物管理,工业
5741,AUST,黄金,基础材料
5742,ATNM,生物技术,医疗保健
5743,ATCH,资本市场,金融服务
5744,ASM,贵金属采矿,基础材料
5745,ARMP,生物技术,医疗保健
5746,AREN,互联网内容信息,通讯服务
5747,APUS,药品制造商,医疗保健
5748,APT,建筑产品设备,工业
5749,AMZE,软件,科技
5750,AMS,医疗设施,医疗保健
5751,AMBO,教育培训服务,必需消费
5752,AIRI,航空航天国防,工业
5753,AIM,生物技术,医疗保健
5754,AIB,软件,科技
5755,AGIG,可再生能源公用事业,公用事业
5756,AEON,生物技术,医疗保健
5757,ACU,家庭个人用品,必需消费
5758,ACCS,广告代理,通讯服务
5759,FNV,黄金,基础材料
